NOME_DELEGACIA_CIRC,SEMANA,ocorrencias_na_semana,lag_1_semana,lag_2_semanas,media_4_semanas,media_8_semanas,tendencia,MES,SEMANA_ANO,score_kde
01º D.P. SE,2025-10-06,0,,,,,,10,41,12800.484511021123
01º D.P. SE,2025-10-13,0,0.0,,0.0,0.0,,10,42,12800.484511021123
01º D.P. SE,2025-10-20,0,0.0,0.0,0.0,0.0,0.0,10,43,12800.484511021123
01º D.P. SE,2025-10-27,0,0.0,0.0,0.0,0.0,0.0,10,44,12800.484511021123
01º D.P. SE,2025-11-03,0,0.0,0.0,0.0,0.0,0.0,11,45,12800.484511021123
01º D.P. SE,2025-11-10,0,0.0,0.0,0.0,0.0,0.0,11,46,12800.484511021123
01º D.P. SE,2025-11-17,0,0.0,0.0,0.0,0.0,0.0,11,47,12800.484511021123
01º D.P. SE,2025-11-24,0,0.0,0.0,0.0,0.0,0.0,11,48,12800.484511021123
01º D.P. SE,2025-12-01,0,0.0,0.0,0.0,0.0,0.0,12,49,12800.484511021123
01º D.P. SE,2025-12-08,0,0.0,0.0,0.0,0.0,0.0,12,50,12800.484511021123
01º D.P. SE,2025-12-15,0,0.0,0.0,0.0,0.0,0.0,12,51,12800.484511021123
01º D.P. SE,2025-12-22,0,0.0,0.0,0.0,0.0,0.0,12,52,12800.484511021123
01º D.P. SE,2025-12-29,0,0.0,0.0,0.0,0.0,0.0,12,1,12800.484511021123
01º D.P. SE,2026-01-05,0,0.0,0.0,0.0,0.0,0.0,1,2,12800.484511021123
01º D.P. SE,2026-01-12,0,0.0,0.0,0.0,0.0,0.0,1,3,12800.484511021123
01º D.P. SE,2026-01-19,0,0.0,0.0,0.0,0.0,0.0,1,4,12800.484511021123
01º D.P. SE,2026-01-26,0,0.0,0.0,0.0,0.0,0.0,1,5,12800.484511021123
01º D.P. SE,2026-02-02,1,0.0,0.0,0.0,0.0,0.0,2,6,12800.484511021123
01º D.P. SE,2026-02-09,1,1.0,0.0,0.25,0.125,1.0,2,7,12800.484511021123
01º D.P. SE,2026-02-16,1,1.0,1.0,0.5,0.25,0.0,2,8,12800.484511021123
01º D.P. SE,2026-02-23,1,1.0,1.0,0.75,0.375,0.0,2,9,12800.484511021123
01º D.P. SE,2026-03-02,0,1.0,1.0,1.0,0.5,0.0,3,10,12800.484511021123
01º D.P. SE,2026-03-09,0,0.0,1.0,0.75,0.5,-1.0,3,11,12800.484511021123
01º D.P. SE,2026-03-16,1,0.0,0.0,0.5,0.5,0.0,3,12,12800.484511021123
01º D.P. SE,2026-03-23,0,1.0,0.0,0.5,0.625,1.0,3,13,12800.484511021123
01º D.P. SE,2026-03-30,0,0.0,1.0,0.25,0.625,-1.0,3,14,12800.484511021123
01º D.P. SE,2026-04-06,3,0.0,0.0,0.25,0.5,0.0,4,15,12800.484511021123
01º D.P. SE,2026-04-13,0,3.0,0.0,1.0,0.75,3.0,4,16,12800.484511021123
01º D.P. SE,2026-04-20,1,0.0,3.0,0.75,0.625,-3.0,4,17,12800.484511021123
01º D.P. SE,2026-04-27,0,1.0,0.0,1.0,0.625,1.0,4,18,12800.484511021123
01º D.P. SE,2026-05-04,0,0.0,1.0,1.0,0.625,-1.0,5,19,12800.484511021123
01º D.P. SE,2026-05-11,0,0.0,0.0,0.25,0.625,0.0,5,20,12800.484511021123
01º D.P. SE,2026-05-18,0,0.0,0.0,0.25,0.5,0.0,5,21,12800.484511021123
01º D.P. SE,2026-05-25,0,0.0,0.0,0.0,0.5,0.0,5,22,12800.484511021123
03º D.P. CAMPOS ELISEOS,2025-10-06,0,,,,,,10,41,12763.256324057656
03º D.P. CAMPOS ELISEOS,2025-10-13,0,0.0,,0.0,0.0,,10,42,12763.256324057656
03º D.P. CAMPOS ELISEOS,2025-10-20,0,0.0,0.0,0.0,0.0,0.0,10,43,12763.256324057656
03º D.P. CAMPOS ELISEOS,2025-10-27,0,0.0,0.0,0.0,0.0,0.0,10,44,12763.256324057656
03º D.P. CAMPOS ELISEOS,2025-11-03,0,0.0,0.0,0.0,0.0,0.0,11,45,12763.256324057656
03º D.P. CAMPOS ELISEOS,2025-11-10,0,0.0,0.0,0.0,0.0,0.0,11,46,12763.256324057656
03º D.P. CAMPOS ELISEOS,2025-11-17,0,0.0,0.0,0.0,0.0,0.0,11,47,12763.256324057656
03º D.P. CAMPOS ELISEOS,2025-11-24,0,0.0,0.0,0.0,0.0,0.0,11,48,12763.256324057656
03º D.P. CAMPOS ELISEOS,2025-12-01,0,0.0,0.0,0.0,0.0,0.0,12,49,12763.256324057656
03º D.P. CAMPOS ELISEOS,2025-12-08,0,0.0,0.0,0.0,0.0,0.0,12,50,12763.256324057656
03º D.P. CAMPOS ELISEOS,2025-12-15,0,0.0,0.0,0.0,0.0,0.0,12,51,12763.256324057656
03º D.P. CAMPOS ELISEOS,2025-12-22,0,0.0,0.0,0.0,0.0,0.0,12,52,12763.256324057656
03º D.P. CAMPOS ELISEOS,2025-12-29,1,0.0,0.0,0.0,0.0,0.0,12,1,12763.256324057656
03º D.P. CAMPOS ELISEOS,2026-01-05,0,1.0,0.0,0.25,0.125,1.0,1,2,12763.256324057656
03º D.P. CAMPOS ELISEOS,2026-01-12,1,0.0,1.0,0.25,0.125,-1.0,1,3,12763.256324057656
03º D.P. CAMPOS ELISEOS,2026-01-19,0,1.0,0.0,0.5,0.25,1.0,1,4,12763.256324057656
03º D.P. CAMPOS ELISEOS,2026-01-26,0,0.0,1.0,0.5,0.25,-1.0,1,5,12763.256324057656
03º D.P. CAMPOS ELISEOS,2026-02-02,0,0.0,0.0,0.25,0.25,0.0,2,6,12763.256324057656
03º D.P. CAMPOS ELISEOS,2026-02-09,0,0.0,0.0,0.25,0.25,0.0,2,7,12763.256324057656
03º D.P. CAMPOS ELISEOS,2026-02-16,0,0.0,0.0,0.0,0.25,0.0,2,8,12763.256324057656
03º D.P. CAMPOS ELISEOS,2026-02-23,0,0.0,0.0,0.0,0.25,0.0,2,9,12763.256324057656
03º D.P. CAMPOS ELISEOS,2026-03-02,0,0.0,0.0,0.0,0.125,0.0,3,10,12763.256324057656
03º D.P. CAMPOS ELISEOS,2026-03-09,0,0.0,0.0,0.0,0.125,0.0,3,11,12763.256324057656
03º D.P. CAMPOS ELISEOS,2026-03-16,0,0.0,0.0,0.0,0.0,0.0,3,12,12763.256324057656
03º D.P. CAMPOS ELISEOS,2026-03-23,0,0.0,0.0,0.0,0.0,0.0,3,13,12763.256324057656
03º D.P. CAMPOS ELISEOS,2026-03-30,0,0.0,0.0,0.0,0.0,0.0,3,14,12763.256324057656
03º D.P. CAMPOS ELISEOS,2026-04-06,0,0.0,0.0,0.0,0.0,0.0,4,15,12763.256324057656
03º D.P. CAMPOS ELISEOS,2026-04-13,1,0.0,0.0,0.0,0.0,0.0,4,16,12763.256324057656
03º D.P. CAMPOS ELISEOS,2026-04-20,0,1.0,0.0,0.25,0.125,1.0,4,17,12763.256324057656
03º D.P. CAMPOS ELISEOS,2026-04-27,1,0.0,1.0,0.25,0.125,-1.0,4,18,12763.256324057656
03º D.P. CAMPOS ELISEOS,2026-05-04,0,1.0,0.0,0.5,0.25,1.0,5,19,12763.256324057656
03º D.P. CAMPOS ELISEOS,2026-05-11,0,0.0,1.0,0.5,0.25,-1.0,5,20,12763.256324057656
03º D.P. CAMPOS ELISEOS,2026-05-18,1,0.0,0.0,0.25,0.25,0.0,5,21,12763.256324057656
03º D.P. CAMPOS ELISEOS,2026-05-25,0,1.0,0.0,0.5,0.375,1.0,5,22,12763.256324057656
04º D.P. CONSOLAÇAO,2025-10-06,0,,,,,,10,41,12805.54596786755
04º D.P. CONSOLAÇAO,2025-10-13,0,0.0,,0.0,0.0,,10,42,12805.54596786755
04º D.P. CONSOLAÇAO,2025-10-20,0,0.0,0.0,0.0,0.0,0.0,10,43,12805.54596786755
04º D.P. CONSOLAÇAO,2025-10-27,0,0.0,0.0,0.0,0.0,0.0,10,44,12805.54596786755
04º D.P. CONSOLAÇAO,2025-11-03,0,0.0,0.0,0.0,0.0,0.0,11,45,12805.54596786755
04º D.P. CONSOLAÇAO,2025-11-10,0,0.0,0.0,0.0,0.0,0.0,11,46,12805.54596786755
04º D.P. CONSOLAÇAO,2025-11-17,0,0.0,0.0,0.0,0.0,0.0,11,47,12805.54596786755
04º D.P. CONSOLAÇAO,2025-11-24,0,0.0,0.0,0.0,0.0,0.0,11,48,12805.54596786755
04º D.P. CONSOLAÇAO,2025-12-01,0,0.0,0.0,0.0,0.0,0.0,12,49,12805.54596786755
04º D.P. CONSOLAÇAO,2025-12-08,0,0.0,0.0,0.0,0.0,0.0,12,50,12805.54596786755
04º D.P. CONSOLAÇAO,2025-12-15,0,0.0,0.0,0.0,0.0,0.0,12,51,12805.54596786755
04º D.P. CONSOLAÇAO,2025-12-22,0,0.0,0.0,0.0,0.0,0.0,12,52,12805.54596786755
04º D.P. CONSOLAÇAO,2025-12-29,0,0.0,0.0,0.0,0.0,0.0,12,1,12805.54596786755
04º D.P. CONSOLAÇAO,2026-01-05,0,0.0,0.0,0.0,0.0,0.0,1,2,12805.54596786755
04º D.P. CONSOLAÇAO,2026-01-12,0,0.0,0.0,0.0,0.0,0.0,1,3,12805.54596786755
04º D.P. CONSOLAÇAO,2026-01-19,0,0.0,0.0,0.0,0.0,0.0,1,4,12805.54596786755
04º D.P. CONSOLAÇAO,2026-01-26,0,0.0,0.0,0.0,0.0,0.0,1,5,12805.54596786755
04º D.P. CONSOLAÇAO,2026-02-02,2,0.0,0.0,0.0,0.0,0.0,2,6,12805.54596786755
04º D.P. CONSOLAÇAO,2026-02-09,0,2.0,0.0,0.5,0.25,2.0,2,7,12805.54596786755
04º D.P. CONSOLAÇAO,2026-02-16,0,0.0,2.0,0.5,0.25,-2.0,2,8,12805.54596786755
04º D.P. CONSOLAÇAO,2026-02-23,0,0.0,0.0,0.5,0.25,0.0,2,9,12805.54596786755
04º D.P. CONSOLAÇAO,2026-03-02,0,0.0,0.0,0.5,0.25,0.0,3,10,12805.54596786755
04º D.P. CONSOLAÇAO,2026-03-09,0,0.0,0.0,0.0,0.25,0.0,3,11,12805.54596786755
04º D.P. CONSOLAÇAO,2026-03-16,0,0.0,0.0,0.0,0.25,0.0,3,12,12805.54596786755
04º D.P. CONSOLAÇAO,2026-03-23,0,0.0,0.0,0.0,0.25,0.0,3,13,12805.54596786755
04º D.P. CONSOLAÇAO,2026-03-30,0,0.0,0.0,0.0,0.25,0.0,3,14,12805.54596786755
04º D.P. CONSOLAÇAO,2026-04-06,0,0.0,0.0,0.0,0.0,0.0,4,15,12805.54596786755
04º D.P. CONSOLAÇAO,2026-04-13,0,0.0,0.0,0.0,0.0,0.0,4,16,12805.54596786755
04º D.P. CONSOLAÇAO,2026-04-20,0,0.0,0.0,0.0,0.0,0.0,4,17,12805.54596786755
04º D.P. CONSOLAÇAO,2026-04-27,0,0.0,0.0,0.0,0.0,0.0,4,18,12805.54596786755
04º D.P. CONSOLAÇAO,2026-05-04,0,0.0,0.0,0.0,0.0,0.0,5,19,12805.54596786755
04º D.P. CONSOLAÇAO,2026-05-11,0,0.0,0.0,0.0,0.0,0.0,5,20,12805.54596786755
04º D.P. CONSOLAÇAO,2026-05-18,0,0.0,0.0,0.0,0.0,0.0,5,21,12805.54596786755
04º D.P. CONSOLAÇAO,2026-05-25,0,0.0,0.0,0.0,0.0,0.0,5,22,12805.54596786755
04º D.P. CONSOLAÇÃO,2025-10-06,0,,,,,,10,41,12832.897490906473
04º D.P. CONSOLAÇÃO,2025-10-13,0,0.0,,0.0,0.0,,10,42,12832.897490906473
04º D.P. CONSOLAÇÃO,2025-10-20,0,0.0,0.0,0.0,0.0,0.0,10,43,12832.897490906473
04º D.P. CONSOLAÇÃO,2025-10-27,0,0.0,0.0,0.0,0.0,0.0,10,44,12832.897490906473
04º D.P. CONSOLAÇÃO,2025-11-03,0,0.0,0.0,0.0,0.0,0.0,11,45,12832.897490906473
04º D.P. CONSOLAÇÃO,2025-11-10,0,0.0,0.0,0.0,0.0,0.0,11,46,12832.897490906473
04º D.P. CONSOLAÇÃO,2025-11-17,0,0.0,0.0,0.0,0.0,0.0,11,47,12832.897490906473
04º D.P. CONSOLAÇÃO,2025-11-24,0,0.0,0.0,0.0,0.0,0.0,11,48,12832.897490906473
04º D.P. CONSOLAÇÃO,2025-12-01,0,0.0,0.0,0.0,0.0,0.0,12,49,12832.897490906473
04º D.P. CONSOLAÇÃO,2025-12-08,0,0.0,0.0,0.0,0.0,0.0,12,50,12832.897490906473
04º D.P. CONSOLAÇÃO,2025-12-15,0,0.0,0.0,0.0,0.0,0.0,12,51,12832.897490906473
04º D.P. CONSOLAÇÃO,2025-12-22,0,0.0,0.0,0.0,0.0,0.0,12,52,12832.897490906473
04º D.P. CONSOLAÇÃO,2025-12-29,0,0.0,0.0,0.0,0.0,0.0,12,1,12832.897490906473
04º D.P. CONSOLAÇÃO,2026-01-05,0,0.0,0.0,0.0,0.0,0.0,1,2,12832.897490906473
04º D.P. CONSOLAÇÃO,2026-01-12,0,0.0,0.0,0.0,0.0,0.0,1,3,12832.897490906473
04º D.P. CONSOLAÇÃO,2026-01-19,0,0.0,0.0,0.0,0.0,0.0,1,4,12832.897490906473
04º D.P. CONSOLAÇÃO,2026-01-26,0,0.0,0.0,0.0,0.0,0.0,1,5,12832.897490906473
04º D.P. CONSOLAÇÃO,2026-02-02,0,0.0,0.0,0.0,0.0,0.0,2,6,12832.897490906473
04º D.P. CONSOLAÇÃO,2026-02-09,0,0.0,0.0,0.0,0.0,0.0,2,7,12832.897490906473
04º D.P. CONSOLAÇÃO,2026-02-16,0,0.0,0.0,0.0,0.0,0.0,2,8,12832.897490906473
04º D.P. CONSOLAÇÃO,2026-02-23,0,0.0,0.0,0.0,0.0,0.0,2,9,12832.897490906473
04º D.P. CONSOLAÇÃO,2026-03-02,0,0.0,0.0,0.0,0.0,0.0,3,10,12832.897490906473
04º D.P. CONSOLAÇÃO,2026-03-09,0,0.0,0.0,0.0,0.0,0.0,3,11,12832.897490906473
04º D.P. CONSOLAÇÃO,2026-03-16,0,0.0,0.0,0.0,0.0,0.0,3,12,12832.897490906473
04º D.P. CONSOLAÇÃO,2026-03-23,0,0.0,0.0,0.0,0.0,0.0,3,13,12832.897490906473
04º D.P. CONSOLAÇÃO,2026-03-30,0,0.0,0.0,0.0,0.0,0.0,3,14,12832.897490906473
04º D.P. CONSOLAÇÃO,2026-04-06,0,0.0,0.0,0.0,0.0,0.0,4,15,12832.897490906473
04º D.P. CONSOLAÇÃO,2026-04-13,0,0.0,0.0,0.0,0.0,0.0,4,16,12832.897490906473
04º D.P. CONSOLAÇÃO,2026-04-20,0,0.0,0.0,0.0,0.0,0.0,4,17,12832.897490906473
04º D.P. CONSOLAÇÃO,2026-04-27,0,0.0,0.0,0.0,0.0,0.0,4,18,12832.897490906473
04º D.P. CONSOLAÇÃO,2026-05-04,1,0.0,0.0,0.0,0.0,0.0,5,19,12832.897490906473
04º D.P. CONSOLAÇÃO,2026-05-11,0,1.0,0.0,0.25,0.125,1.0,5,20,12832.897490906473
04º D.P. CONSOLAÇÃO,2026-05-18,1,0.0,1.0,0.25,0.125,-1.0,5,21,12832.897490906473
04º D.P. CONSOLAÇÃO,2026-05-25,0,1.0,0.0,0.5,0.25,1.0,5,22,12832.897490906473
05º D.P. ACLIMACAO,2025-10-06,0,,,,,,10,41,12897.720928262326
05º D.P. ACLIMACAO,2025-10-13,0,0.0,,0.0,0.0,,10,42,12897.720928262326
05º D.P. ACLIMACAO,2025-10-20,0,0.0,0.0,0.0,0.0,0.0,10,43,12897.720928262326
05º D.P. ACLIMACAO,2025-10-27,0,0.0,0.0,0.0,0.0,0.0,10,44,12897.720928262326
05º D.P. ACLIMACAO,2025-11-03,0,0.0,0.0,0.0,0.0,0.0,11,45,12897.720928262326
05º D.P. ACLIMACAO,2025-11-10,0,0.0,0.0,0.0,0.0,0.0,11,46,12897.720928262326
05º D.P. ACLIMACAO,2025-11-17,0,0.0,0.0,0.0,0.0,0.0,11,47,12897.720928262326
05º D.P. ACLIMACAO,2025-11-24,0,0.0,0.0,0.0,0.0,0.0,11,48,12897.720928262326
05º D.P. ACLIMACAO,2025-12-01,0,0.0,0.0,0.0,0.0,0.0,12,49,12897.720928262326
05º D.P. ACLIMACAO,2025-12-08,0,0.0,0.0,0.0,0.0,0.0,12,50,12897.720928262326
05º D.P. ACLIMACAO,2025-12-15,0,0.0,0.0,0.0,0.0,0.0,12,51,12897.720928262326
05º D.P. ACLIMACAO,2025-12-22,0,0.0,0.0,0.0,0.0,0.0,12,52,12897.720928262326
05º D.P. ACLIMACAO,2025-12-29,0,0.0,0.0,0.0,0.0,0.0,12,1,12897.720928262326
05º D.P. ACLIMACAO,2026-01-05,0,0.0,0.0,0.0,0.0,0.0,1,2,12897.720928262326
05º D.P. ACLIMACAO,2026-01-12,0,0.0,0.0,0.0,0.0,0.0,1,3,12897.720928262326
05º D.P. ACLIMACAO,2026-01-19,2,0.0,0.0,0.0,0.0,0.0,1,4,12897.720928262326
05º D.P. ACLIMACAO,2026-01-26,0,2.0,0.0,0.5,0.25,2.0,1,5,12897.720928262326
05º D.P. ACLIMACAO,2026-02-02,0,0.0,2.0,0.5,0.25,-2.0,2,6,12897.720928262326
05º D.P. ACLIMACAO,2026-02-09,2,0.0,0.0,0.5,0.25,0.0,2,7,12897.720928262326
05º D.P. ACLIMACAO,2026-02-16,0,2.0,0.0,1.0,0.5,2.0,2,8,12897.720928262326
05º D.P. ACLIMACAO,2026-02-23,0,0.0,2.0,0.5,0.5,-2.0,2,9,12897.720928262326
05º D.P. ACLIMACAO,2026-03-02,2,0.0,0.0,0.5,0.5,0.0,3,10,12897.720928262326
05º D.P. ACLIMACAO,2026-03-09,0,2.0,0.0,1.0,0.75,2.0,3,11,12897.720928262326
05º D.P. ACLIMACAO,2026-03-16,1,0.0,2.0,0.5,0.75,-2.0,3,12,12897.720928262326
05º D.P. ACLIMACAO,2026-03-23,0,1.0,0.0,0.75,0.625,1.0,3,13,12897.720928262326
05º D.P. ACLIMACAO,2026-03-30,0,0.0,1.0,0.75,0.625,-1.0,3,14,12897.720928262326
05º D.P. ACLIMACAO,2026-04-06,0,0.0,0.0,0.25,0.625,0.0,4,15,12897.720928262326
05º D.P. ACLIMACAO,2026-04-13,0,0.0,0.0,0.25,0.375,0.0,4,16,12897.720928262326
05º D.P. ACLIMACAO,2026-04-20,0,0.0,0.0,0.0,0.375,0.0,4,17,12897.720928262326
05º D.P. ACLIMACAO,2026-04-27,0,0.0,0.0,0.0,0.375,0.0,4,18,12897.720928262326
05º D.P. ACLIMACAO,2026-05-04,0,0.0,0.0,0.0,0.125,0.0,5,19,12897.720928262326
05º D.P. ACLIMACAO,2026-05-11,0,0.0,0.0,0.0,0.125,0.0,5,20,12897.720928262326
05º D.P. ACLIMACAO,2026-05-18,0,0.0,0.0,0.0,0.0,0.0,5,21,12897.720928262326
05º D.P. ACLIMACAO,2026-05-25,0,0.0,0.0,0.0,0.0,0.0,5,22,12897.720928262326
05º D.P. GUARULHOS,2025-10-06,0,,,,,,10,41,0.0
05º D.P. GUARULHOS,2025-10-13,0,0.0,,0.0,0.0,,10,42,0.0
05º D.P. GUARULHOS,2025-10-20,0,0.0,0.0,0.0,0.0,0.0,10,43,0.0
05º D.P. GUARULHOS,2025-10-27,0,0.0,0.0,0.0,0.0,0.0,10,44,0.0
05º D.P. GUARULHOS,2025-11-03,0,0.0,0.0,0.0,0.0,0.0,11,45,0.0
05º D.P. GUARULHOS,2025-11-10,0,0.0,0.0,0.0,0.0,0.0,11,46,0.0
05º D.P. GUARULHOS,2025-11-17,0,0.0,0.0,0.0,0.0,0.0,11,47,0.0
05º D.P. GUARULHOS,2025-11-24,0,0.0,0.0,0.0,0.0,0.0,11,48,0.0
05º D.P. GUARULHOS,2025-12-01,0,0.0,0.0,0.0,0.0,0.0,12,49,0.0
05º D.P. GUARULHOS,2025-12-08,0,0.0,0.0,0.0,0.0,0.0,12,50,0.0
05º D.P. GUARULHOS,2025-12-15,0,0.0,0.0,0.0,0.0,0.0,12,51,0.0
05º D.P. GUARULHOS,2025-12-22,0,0.0,0.0,0.0,0.0,0.0,12,52,0.0
05º D.P. GUARULHOS,2025-12-29,0,0.0,0.0,0.0,0.0,0.0,12,1,0.0
05º D.P. GUARULHOS,2026-01-05,0,0.0,0.0,0.0,0.0,0.0,1,2,0.0
05º D.P. GUARULHOS,2026-01-12,0,0.0,0.0,0.0,0.0,0.0,1,3,0.0
05º D.P. GUARULHOS,2026-01-19,0,0.0,0.0,0.0,0.0,0.0,1,4,0.0
05º D.P. GUARULHOS,2026-01-26,0,0.0,0.0,0.0,0.0,0.0,1,5,0.0
05º D.P. GUARULHOS,2026-02-02,0,0.0,0.0,0.0,0.0,0.0,2,6,0.0
05º D.P. GUARULHOS,2026-02-09,0,0.0,0.0,0.0,0.0,0.0,2,7,0.0
05º D.P. GUARULHOS,2026-02-16,1,0.0,0.0,0.0,0.0,0.0,2,8,0.0
05º D.P. GUARULHOS,2026-02-23,0,1.0,0.0,0.25,0.125,1.0,2,9,0.0
05º D.P. GUARULHOS,2026-03-02,0,0.0,1.0,0.25,0.125,-1.0,3,10,0.0
05º D.P. GUARULHOS,2026-03-09,0,0.0,0.0,0.25,0.125,0.0,3,11,0.0
05º D.P. GUARULHOS,2026-03-16,0,0.0,0.0,0.25,0.125,0.0,3,12,0.0
05º D.P. GUARULHOS,2026-03-23,0,0.0,0.0,0.0,0.125,0.0,3,13,0.0
05º D.P. GUARULHOS,2026-03-30,0,0.0,0.0,0.0,0.125,0.0,3,14,0.0
05º D.P. GUARULHOS,2026-04-06,0,0.0,0.0,0.0,0.125,0.0,4,15,0.0
05º D.P. GUARULHOS,2026-04-13,0,0.0,0.0,0.0,0.125,0.0,4,16,0.0
05º D.P. GUARULHOS,2026-04-20,0,0.0,0.0,0.0,0.0,0.0,4,17,0.0
05º D.P. GUARULHOS,2026-04-27,0,0.0,0.0,0.0,0.0,0.0,4,18,0.0
05º D.P. GUARULHOS,2026-05-04,0,0.0,0.0,0.0,0.0,0.0,5,19,0.0
05º D.P. GUARULHOS,2026-05-11,0,0.0,0.0,0.0,0.0,0.0,5,20,0.0
05º D.P. GUARULHOS,2026-05-18,0,0.0,0.0,0.0,0.0,0.0,5,21,0.0
05º D.P. GUARULHOS,2026-05-25,0,0.0,0.0,0.0,0.0,0.0,5,22,0.0
06º D.P. CAMBUCI,2025-10-06,0,,,,,,10,41,12837.190835717656
06º D.P. CAMBUCI,2025-10-13,0,0.0,,0.0,0.0,,10,42,12837.190835717656
06º D.P. CAMBUCI,2025-10-20,0,0.0,0.0,0.0,0.0,0.0,10,43,12837.190835717656
06º D.P. CAMBUCI,2025-10-27,0,0.0,0.0,0.0,0.0,0.0,10,44,12837.190835717656
06º D.P. CAMBUCI,2025-11-03,0,0.0,0.0,0.0,0.0,0.0,11,45,12837.190835717656
06º D.P. CAMBUCI,2025-11-10,0,0.0,0.0,0.0,0.0,0.0,11,46,12837.190835717656
06º D.P. CAMBUCI,2025-11-17,0,0.0,0.0,0.0,0.0,0.0,11,47,12837.190835717656
06º D.P. CAMBUCI,2025-11-24,0,0.0,0.0,0.0,0.0,0.0,11,48,12837.190835717656
06º D.P. CAMBUCI,2025-12-01,0,0.0,0.0,0.0,0.0,0.0,12,49,12837.190835717656
06º D.P. CAMBUCI,2025-12-08,0,0.0,0.0,0.0,0.0,0.0,12,50,12837.190835717656
06º D.P. CAMBUCI,2025-12-15,0,0.0,0.0,0.0,0.0,0.0,12,51,12837.190835717656
06º D.P. CAMBUCI,2025-12-22,0,0.0,0.0,0.0,0.0,0.0,12,52,12837.190835717656
06º D.P. CAMBUCI,2025-12-29,1,0.0,0.0,0.0,0.0,0.0,12,1,12837.190835717656
06º D.P. CAMBUCI,2026-01-05,0,1.0,0.0,0.25,0.125,1.0,1,2,12837.190835717656
06º D.P. CAMBUCI,2026-01-12,0,0.0,1.0,0.25,0.125,-1.0,1,3,12837.190835717656
06º D.P. CAMBUCI,2026-01-19,0,0.0,0.0,0.25,0.125,0.0,1,4,12837.190835717656
06º D.P. CAMBUCI,2026-01-26,0,0.0,0.0,0.25,0.125,0.0,1,5,12837.190835717656
06º D.P. CAMBUCI,2026-02-02,0,0.0,0.0,0.0,0.125,0.0,2,6,12837.190835717656
06º D.P. CAMBUCI,2026-02-09,0,0.0,0.0,0.0,0.125,0.0,2,7,12837.190835717656
06º D.P. CAMBUCI,2026-02-16,0,0.0,0.0,0.0,0.125,0.0,2,8,12837.190835717656
06º D.P. CAMBUCI,2026-02-23,0,0.0,0.0,0.0,0.125,0.0,2,9,12837.190835717656
06º D.P. CAMBUCI,2026-03-02,0,0.0,0.0,0.0,0.0,0.0,3,10,12837.190835717656
06º D.P. CAMBUCI,2026-03-09,0,0.0,0.0,0.0,0.0,0.0,3,11,12837.190835717656
06º D.P. CAMBUCI,2026-03-16,0,0.0,0.0,0.0,0.0,0.0,3,12,12837.190835717656
06º D.P. CAMBUCI,2026-03-23,0,0.0,0.0,0.0,0.0,0.0,3,13,12837.190835717656
06º D.P. CAMBUCI,2026-03-30,0,0.0,0.0,0.0,0.0,0.0,3,14,12837.190835717656
06º D.P. CAMBUCI,2026-04-06,0,0.0,0.0,0.0,0.0,0.0,4,15,12837.190835717656
06º D.P. CAMBUCI,2026-04-13,0,0.0,0.0,0.0,0.0,0.0,4,16,12837.190835717656
06º D.P. CAMBUCI,2026-04-20,1,0.0,0.0,0.0,0.0,0.0,4,17,12837.190835717656
06º D.P. CAMBUCI,2026-04-27,2,1.0,0.0,0.25,0.125,1.0,4,18,12837.190835717656
06º D.P. CAMBUCI,2026-05-04,0,2.0,1.0,0.75,0.375,1.0,5,19,12837.190835717656
06º D.P. CAMBUCI,2026-05-11,0,0.0,2.0,0.75,0.375,-2.0,5,20,12837.190835717656
06º D.P. CAMBUCI,2026-05-18,1,0.0,0.0,0.75,0.375,0.0,5,21,12837.190835717656
06º D.P. CAMBUCI,2026-05-25,0,1.0,0.0,0.75,0.5,1.0,5,22,12837.190835717656
07º D.P. LAPA,2025-10-06,0,,,,,,10,41,12055.736594911408
07º D.P. LAPA,2025-10-13,0,0.0,,0.0,0.0,,10,42,12055.736594911408
07º D.P. LAPA,2025-10-20,0,0.0,0.0,0.0,0.0,0.0,10,43,12055.736594911408
07º D.P. LAPA,2025-10-27,0,0.0,0.0,0.0,0.0,0.0,10,44,12055.736594911408
07º D.P. LAPA,2025-11-03,0,0.0,0.0,0.0,0.0,0.0,11,45,12055.736594911408
07º D.P. LAPA,2025-11-10,0,0.0,0.0,0.0,0.0,0.0,11,46,12055.736594911408
07º D.P. LAPA,2025-11-17,0,0.0,0.0,0.0,0.0,0.0,11,47,12055.736594911408
07º D.P. LAPA,2025-11-24,0,0.0,0.0,0.0,0.0,0.0,11,48,12055.736594911408
07º D.P. LAPA,2025-12-01,0,0.0,0.0,0.0,0.0,0.0,12,49,12055.736594911408
07º D.P. LAPA,2025-12-08,0,0.0,0.0,0.0,0.0,0.0,12,50,12055.736594911408
07º D.P. LAPA,2025-12-15,0,0.0,0.0,0.0,0.0,0.0,12,51,12055.736594911408
07º D.P. LAPA,2025-12-22,0,0.0,0.0,0.0,0.0,0.0,12,52,12055.736594911408
07º D.P. LAPA,2025-12-29,0,0.0,0.0,0.0,0.0,0.0,12,1,12055.736594911408
07º D.P. LAPA,2026-01-05,0,0.0,0.0,0.0,0.0,0.0,1,2,12055.736594911408
07º D.P. LAPA,2026-01-12,0,0.0,0.0,0.0,0.0,0.0,1,3,12055.736594911408
07º D.P. LAPA,2026-01-19,0,0.0,0.0,0.0,0.0,0.0,1,4,12055.736594911408
07º D.P. LAPA,2026-01-26,0,0.0,0.0,0.0,0.0,0.0,1,5,12055.736594911408
07º D.P. LAPA,2026-02-02,0,0.0,0.0,0.0,0.0,0.0,2,6,12055.736594911408
07º D.P. LAPA,2026-02-09,0,0.0,0.0,0.0,0.0,0.0,2,7,12055.736594911408
07º D.P. LAPA,2026-02-16,0,0.0,0.0,0.0,0.0,0.0,2,8,12055.736594911408
07º D.P. LAPA,2026-02-23,0,0.0,0.0,0.0,0.0,0.0,2,9,12055.736594911408
07º D.P. LAPA,2026-03-02,1,0.0,0.0,0.0,0.0,0.0,3,10,12055.736594911408
07º D.P. LAPA,2026-03-09,0,1.0,0.0,0.25,0.125,1.0,3,11,12055.736594911408
07º D.P. LAPA,2026-03-16,0,0.0,1.0,0.25,0.125,-1.0,3,12,12055.736594911408
07º D.P. LAPA,2026-03-23,0,0.0,0.0,0.25,0.125,0.0,3,13,12055.736594911408
07º D.P. LAPA,2026-03-30,0,0.0,0.0,0.25,0.125,0.0,3,14,12055.736594911408
07º D.P. LAPA,2026-04-06,0,0.0,0.0,0.0,0.125,0.0,4,15,12055.736594911408
07º D.P. LAPA,2026-04-13,0,0.0,0.0,0.0,0.125,0.0,4,16,12055.736594911408
07º D.P. LAPA,2026-04-20,1,0.0,0.0,0.0,0.125,0.0,4,17,12055.736594911408
07º D.P. LAPA,2026-04-27,0,1.0,0.0,0.25,0.25,1.0,4,18,12055.736594911408
07º D.P. LAPA,2026-05-04,0,0.0,1.0,0.25,0.125,-1.0,5,19,12055.736594911408
07º D.P. LAPA,2026-05-11,0,0.0,0.0,0.25,0.125,0.0,5,20,12055.736594911408
07º D.P. LAPA,2026-05-18,0,0.0,0.0,0.25,0.125,0.0,5,21,12055.736594911408
07º D.P. LAPA,2026-05-25,0,0.0,0.0,0.0,0.125,0.0,5,22,12055.736594911408
08º D.P. BRAS,2025-10-06,0,,,,,,10,41,12576.838906421386
08º D.P. BRAS,2025-10-13,0,0.0,,0.0,0.0,,10,42,12576.838906421386
08º D.P. BRAS,2025-10-20,0,0.0,0.0,0.0,0.0,0.0,10,43,12576.838906421386
08º D.P. BRAS,2025-10-27,0,0.0,0.0,0.0,0.0,0.0,10,44,12576.838906421386
08º D.P. BRAS,2025-11-03,0,0.0,0.0,0.0,0.0,0.0,11,45,12576.838906421386
08º D.P. BRAS,2025-11-10,0,0.0,0.0,0.0,0.0,0.0,11,46,12576.838906421386
08º D.P. BRAS,2025-11-17,0,0.0,0.0,0.0,0.0,0.0,11,47,12576.838906421386
08º D.P. BRAS,2025-11-24,0,0.0,0.0,0.0,0.0,0.0,11,48,12576.838906421386
08º D.P. BRAS,2025-12-01,0,0.0,0.0,0.0,0.0,0.0,12,49,12576.838906421386
08º D.P. BRAS,2025-12-08,0,0.0,0.0,0.0,0.0,0.0,12,50,12576.838906421386
08º D.P. BRAS,2025-12-15,0,0.0,0.0,0.0,0.0,0.0,12,51,12576.838906421386
08º D.P. BRAS,2025-12-22,0,0.0,0.0,0.0,0.0,0.0,12,52,12576.838906421386
08º D.P. BRAS,2025-12-29,0,0.0,0.0,0.0,0.0,0.0,12,1,12576.838906421386
08º D.P. BRAS,2026-01-05,0,0.0,0.0,0.0,0.0,0.0,1,2,12576.838906421386
08º D.P. BRAS,2026-01-12,0,0.0,0.0,0.0,0.0,0.0,1,3,12576.838906421386
08º D.P. BRAS,2026-01-19,0,0.0,0.0,0.0,0.0,0.0,1,4,12576.838906421386
08º D.P. BRAS,2026-01-26,0,0.0,0.0,0.0,0.0,0.0,1,5,12576.838906421386
08º D.P. BRAS,2026-02-02,0,0.0,0.0,0.0,0.0,0.0,2,6,12576.838906421386
08º D.P. BRAS,2026-02-09,0,0.0,0.0,0.0,0.0,0.0,2,7,12576.838906421386
08º D.P. BRAS,2026-02-16,1,0.0,0.0,0.0,0.0,0.0,2,8,12576.838906421386
08º D.P. BRAS,2026-02-23,1,1.0,0.0,0.25,0.125,1.0,2,9,12576.838906421386
08º D.P. BRAS,2026-03-02,0,1.0,1.0,0.5,0.25,0.0,3,10,12576.838906421386
08º D.P. BRAS,2026-03-09,0,0.0,1.0,0.5,0.25,-1.0,3,11,12576.838906421386
08º D.P. BRAS,2026-03-16,0,0.0,0.0,0.5,0.25,0.0,3,12,12576.838906421386
08º D.P. BRAS,2026-03-23,1,0.0,0.0,0.25,0.25,0.0,3,13,12576.838906421386
08º D.P. BRAS,2026-03-30,0,1.0,0.0,0.25,0.375,1.0,3,14,12576.838906421386
08º D.P. BRAS,2026-04-06,0,0.0,1.0,0.25,0.375,-1.0,4,15,12576.838906421386
08º D.P. BRAS,2026-04-13,0,0.0,0.0,0.25,0.375,0.0,4,16,12576.838906421386
08º D.P. BRAS,2026-04-20,0,0.0,0.0,0.25,0.25,0.0,4,17,12576.838906421386
08º D.P. BRAS,2026-04-27,1,0.0,0.0,0.0,0.125,0.0,4,18,12576.838906421386
08º D.P. BRAS,2026-05-04,0,1.0,0.0,0.25,0.25,1.0,5,19,12576.838906421386
08º D.P. BRAS,2026-05-11,0,0.0,1.0,0.25,0.25,-1.0,5,20,12576.838906421386
08º D.P. BRAS,2026-05-18,0,0.0,0.0,0.25,0.25,0.0,5,21,12576.838906421386
08º D.P. BRAS,2026-05-25,0,0.0,0.0,0.25,0.125,0.0,5,22,12576.838906421386
09º D.P. - CARANDIRU,2025-10-06,0,,,,,,10,41,12036.261394112436
09º D.P. - CARANDIRU,2025-10-13,0,0.0,,0.0,0.0,,10,42,12036.261394112436
09º D.P. - CARANDIRU,2025-10-20,0,0.0,0.0,0.0,0.0,0.0,10,43,12036.261394112436
09º D.P. - CARANDIRU,2025-10-27,0,0.0,0.0,0.0,0.0,0.0,10,44,12036.261394112436
09º D.P. - CARANDIRU,2025-11-03,0,0.0,0.0,0.0,0.0,0.0,11,45,12036.261394112436
09º D.P. - CARANDIRU,2025-11-10,0,0.0,0.0,0.0,0.0,0.0,11,46,12036.261394112436
09º D.P. - CARANDIRU,2025-11-17,0,0.0,0.0,0.0,0.0,0.0,11,47,12036.261394112436
09º D.P. - CARANDIRU,2025-11-24,0,0.0,0.0,0.0,0.0,0.0,11,48,12036.261394112436
09º D.P. - CARANDIRU,2025-12-01,0,0.0,0.0,0.0,0.0,0.0,12,49,12036.261394112436
09º D.P. - CARANDIRU,2025-12-08,0,0.0,0.0,0.0,0.0,0.0,12,50,12036.261394112436
09º D.P. - CARANDIRU,2025-12-15,0,0.0,0.0,0.0,0.0,0.0,12,51,12036.261394112436
09º D.P. - CARANDIRU,2025-12-22,0,0.0,0.0,0.0,0.0,0.0,12,52,12036.261394112436
09º D.P. - CARANDIRU,2025-12-29,1,0.0,0.0,0.0,0.0,0.0,12,1,12036.261394112436
09º D.P. - CARANDIRU,2026-01-05,0,1.0,0.0,0.25,0.125,1.0,1,2,12036.261394112436
09º D.P. - CARANDIRU,2026-01-12,1,0.0,1.0,0.25,0.125,-1.0,1,3,12036.261394112436
09º D.P. - CARANDIRU,2026-01-19,0,1.0,0.0,0.5,0.25,1.0,1,4,12036.261394112436
09º D.P. - CARANDIRU,2026-01-26,0,0.0,1.0,0.5,0.25,-1.0,1,5,12036.261394112436
09º D.P. - CARANDIRU,2026-02-02,2,0.0,0.0,0.25,0.25,0.0,2,6,12036.261394112436
09º D.P. - CARANDIRU,2026-02-09,0,2.0,0.0,0.75,0.5,2.0,2,7,12036.261394112436
09º D.P. - CARANDIRU,2026-02-16,1,0.0,2.0,0.5,0.5,-2.0,2,8,12036.261394112436
09º D.P. - CARANDIRU,2026-02-23,0,1.0,0.0,0.75,0.625,1.0,2,9,12036.261394112436
09º D.P. - CARANDIRU,2026-03-02,0,0.0,1.0,0.75,0.5,-1.0,3,10,12036.261394112436
09º D.P. - CARANDIRU,2026-03-09,0,0.0,0.0,0.25,0.5,0.0,3,11,12036.261394112436
09º D.P. - CARANDIRU,2026-03-16,0,0.0,0.0,0.25,0.375,0.0,3,12,12036.261394112436
09º D.P. - CARANDIRU,2026-03-23,0,0.0,0.0,0.0,0.375,0.0,3,13,12036.261394112436
09º D.P. - CARANDIRU,2026-03-30,1,0.0,0.0,0.0,0.375,0.0,3,14,12036.261394112436
09º D.P. - CARANDIRU,2026-04-06,0,1.0,0.0,0.25,0.25,1.0,4,15,12036.261394112436
09º D.P. - CARANDIRU,2026-04-13,0,0.0,1.0,0.25,0.25,-1.0,4,16,12036.261394112436
09º D.P. - CARANDIRU,2026-04-20,0,0.0,0.0,0.25,0.125,0.0,4,17,12036.261394112436
09º D.P. - CARANDIRU,2026-04-27,0,0.0,0.0,0.25,0.125,0.0,4,18,12036.261394112436
09º D.P. - CARANDIRU,2026-05-04,0,0.0,0.0,0.0,0.125,0.0,5,19,12036.261394112436
09º D.P. - CARANDIRU,2026-05-11,1,0.0,0.0,0.0,0.125,0.0,5,20,12036.261394112436
09º D.P. - CARANDIRU,2026-05-18,1,1.0,0.0,0.25,0.25,1.0,5,21,12036.261394112436
09º D.P. - CARANDIRU,2026-05-25,0,1.0,1.0,0.5,0.375,0.0,5,22,12036.261394112436
100º D.P. JDIM HERCULANO,2025-10-06,0,,,,,,10,41,8699.415534795262
100º D.P. JDIM HERCULANO,2025-10-13,0,0.0,,0.0,0.0,,10,42,8699.415534795262
100º D.P. JDIM HERCULANO,2025-10-20,0,0.0,0.0,0.0,0.0,0.0,10,43,8699.415534795262
100º D.P. JDIM HERCULANO,2025-10-27,0,0.0,0.0,0.0,0.0,0.0,10,44,8699.415534795262
100º D.P. JDIM HERCULANO,2025-11-03,0,0.0,0.0,0.0,0.0,0.0,11,45,8699.415534795262
100º D.P. JDIM HERCULANO,2025-11-10,0,0.0,0.0,0.0,0.0,0.0,11,46,8699.415534795262
100º D.P. JDIM HERCULANO,2025-11-17,0,0.0,0.0,0.0,0.0,0.0,11,47,8699.415534795262
100º D.P. JDIM HERCULANO,2025-11-24,0,0.0,0.0,0.0,0.0,0.0,11,48,8699.415534795262
100º D.P. JDIM HERCULANO,2025-12-01,0,0.0,0.0,0.0,0.0,0.0,12,49,8699.415534795262
100º D.P. JDIM HERCULANO,2025-12-08,0,0.0,0.0,0.0,0.0,0.0,12,50,8699.415534795262
100º D.P. JDIM HERCULANO,2025-12-15,0,0.0,0.0,0.0,0.0,0.0,12,51,8699.415534795262
100º D.P. JDIM HERCULANO,2025-12-22,0,0.0,0.0,0.0,0.0,0.0,12,52,8699.415534795262
100º D.P. JDIM HERCULANO,2025-12-29,0,0.0,0.0,0.0,0.0,0.0,12,1,8699.415534795262
100º D.P. JDIM HERCULANO,2026-01-05,2,0.0,0.0,0.0,0.0,0.0,1,2,8699.415534795262
100º D.P. JDIM HERCULANO,2026-01-12,0,2.0,0.0,0.5,0.25,2.0,1,3,8699.415534795262
100º D.P. JDIM HERCULANO,2026-01-19,0,0.0,2.0,0.5,0.25,-2.0,1,4,8699.415534795262
100º D.P. JDIM HERCULANO,2026-01-26,4,0.0,0.0,0.5,0.25,0.0,1,5,8699.415534795262
100º D.P. JDIM HERCULANO,2026-02-02,1,4.0,0.0,1.5,0.75,4.0,2,6,8699.415534795262
100º D.P. JDIM HERCULANO,2026-02-09,0,1.0,4.0,1.25,0.875,-3.0,2,7,8699.415534795262
100º D.P. JDIM HERCULANO,2026-02-16,0,0.0,1.0,1.25,0.875,-1.0,2,8,8699.415534795262
100º D.P. JDIM HERCULANO,2026-02-23,0,0.0,0.0,1.25,0.875,0.0,2,9,8699.415534795262
100º D.P. JDIM HERCULANO,2026-03-02,3,0.0,0.0,0.25,0.875,0.0,3,10,8699.415534795262
100º D.P. JDIM HERCULANO,2026-03-09,1,3.0,0.0,0.75,1.0,3.0,3,11,8699.415534795262
100º D.P. JDIM HERCULANO,2026-03-16,3,1.0,3.0,1.0,1.125,-2.0,3,12,8699.415534795262
100º D.P. JDIM HERCULANO,2026-03-23,3,3.0,1.0,1.75,1.5,2.0,3,13,8699.415534795262
100º D.P. JDIM HERCULANO,2026-03-30,1,3.0,3.0,2.5,1.375,0.0,3,14,8699.415534795262
100º D.P. JDIM HERCULANO,2026-04-06,3,1.0,3.0,2.0,1.375,-2.0,4,15,8699.415534795262
100º D.P. JDIM HERCULANO,2026-04-13,2,3.0,1.0,2.5,1.75,2.0,4,16,8699.415534795262
100º D.P. JDIM HERCULANO,2026-04-20,1,2.0,3.0,2.25,2.0,-1.0,4,17,8699.415534795262
100º D.P. JDIM HERCULANO,2026-04-27,0,1.0,2.0,1.75,2.125,-1.0,4,18,8699.415534795262
100º D.P. JDIM HERCULANO,2026-05-04,0,0.0,1.0,1.5,1.75,-1.0,5,19,8699.415534795262
100º D.P. JDIM HERCULANO,2026-05-11,0,0.0,0.0,0.75,1.625,0.0,5,20,8699.415534795262
100º D.P. JDIM HERCULANO,2026-05-18,1,0.0,0.0,0.25,1.25,0.0,5,21,8699.415534795262
100º D.P. JDIM HERCULANO,2026-05-25,3,1.0,0.0,0.25,1.0,1.0,5,22,8699.415534795262
101º D.P. JDIM IMBUIAS,2025-10-06,0,,,,,,10,41,9225.131843378529
101º D.P. JDIM IMBUIAS,2025-10-13,0,0.0,,0.0,0.0,,10,42,9225.131843378529
101º D.P. JDIM IMBUIAS,2025-10-20,0,0.0,0.0,0.0,0.0,0.0,10,43,9225.131843378529
101º D.P. JDIM IMBUIAS,2025-10-27,0,0.0,0.0,0.0,0.0,0.0,10,44,9225.131843378529
101º D.P. JDIM IMBUIAS,2025-11-03,0,0.0,0.0,0.0,0.0,0.0,11,45,9225.131843378529
101º D.P. JDIM IMBUIAS,2025-11-10,0,0.0,0.0,0.0,0.0,0.0,11,46,9225.131843378529
101º D.P. JDIM IMBUIAS,2025-11-17,0,0.0,0.0,0.0,0.0,0.0,11,47,9225.131843378529
101º D.P. JDIM IMBUIAS,2025-11-24,0,0.0,0.0,0.0,0.0,0.0,11,48,9225.131843378529
101º D.P. JDIM IMBUIAS,2025-12-01,0,0.0,0.0,0.0,0.0,0.0,12,49,9225.131843378529
101º D.P. JDIM IMBUIAS,2025-12-08,0,0.0,0.0,0.0,0.0,0.0,12,50,9225.131843378529
101º D.P. JDIM IMBUIAS,2025-12-15,0,0.0,0.0,0.0,0.0,0.0,12,51,9225.131843378529
101º D.P. JDIM IMBUIAS,2025-12-22,0,0.0,0.0,0.0,0.0,0.0,12,52,9225.131843378529
101º D.P. JDIM IMBUIAS,2025-12-29,0,0.0,0.0,0.0,0.0,0.0,12,1,9225.131843378529
101º D.P. JDIM IMBUIAS,2026-01-05,1,0.0,0.0,0.0,0.0,0.0,1,2,9225.131843378529
101º D.P. JDIM IMBUIAS,2026-01-12,0,1.0,0.0,0.25,0.125,1.0,1,3,9225.131843378529
101º D.P. JDIM IMBUIAS,2026-01-19,3,0.0,1.0,0.25,0.125,-1.0,1,4,9225.131843378529
101º D.P. JDIM IMBUIAS,2026-01-26,0,3.0,0.0,1.0,0.5,3.0,1,5,9225.131843378529
101º D.P. JDIM IMBUIAS,2026-02-02,0,0.0,3.0,1.0,0.5,-3.0,2,6,9225.131843378529
101º D.P. JDIM IMBUIAS,2026-02-09,1,0.0,0.0,0.75,0.5,0.0,2,7,9225.131843378529
101º D.P. JDIM IMBUIAS,2026-02-16,0,1.0,0.0,1.0,0.625,1.0,2,8,9225.131843378529
101º D.P. JDIM IMBUIAS,2026-02-23,0,0.0,1.0,0.25,0.625,-1.0,2,9,9225.131843378529
101º D.P. JDIM IMBUIAS,2026-03-02,1,0.0,0.0,0.25,0.625,0.0,3,10,9225.131843378529
101º D.P. JDIM IMBUIAS,2026-03-09,0,1.0,0.0,0.5,0.625,1.0,3,11,9225.131843378529
101º D.P. JDIM IMBUIAS,2026-03-16,2,0.0,1.0,0.25,0.625,-1.0,3,12,9225.131843378529
101º D.P. JDIM IMBUIAS,2026-03-23,1,2.0,0.0,0.75,0.5,2.0,3,13,9225.131843378529
101º D.P. JDIM IMBUIAS,2026-03-30,1,1.0,2.0,1.0,0.625,-1.0,3,14,9225.131843378529
101º D.P. JDIM IMBUIAS,2026-04-06,1,1.0,1.0,1.0,0.75,0.0,4,15,9225.131843378529
101º D.P. JDIM IMBUIAS,2026-04-13,0,1.0,1.0,1.25,0.75,0.0,4,16,9225.131843378529
101º D.P. JDIM IMBUIAS,2026-04-20,3,0.0,1.0,0.75,0.75,-1.0,4,17,9225.131843378529
101º D.P. JDIM IMBUIAS,2026-04-27,0,3.0,0.0,1.25,1.125,3.0,4,18,9225.131843378529
101º D.P. JDIM IMBUIAS,2026-05-04,0,0.0,3.0,1.0,1.0,-3.0,5,19,9225.131843378529
101º D.P. JDIM IMBUIAS,2026-05-11,0,0.0,0.0,0.75,1.0,0.0,5,20,9225.131843378529
101º D.P. JDIM IMBUIAS,2026-05-18,0,0.0,0.0,0.75,0.75,0.0,5,21,9225.131843378529
101º D.P. JDIM IMBUIAS,2026-05-25,1,0.0,0.0,0.0,0.625,0.0,5,22,9225.131843378529
102º D.P. SOCORRO,2025-10-06,0,,,,,,10,41,0.0
102º D.P. SOCORRO,2025-10-13,0,0.0,,0.0,0.0,,10,42,0.0
102º D.P. SOCORRO,2025-10-20,0,0.0,0.0,0.0,0.0,0.0,10,43,0.0
102º D.P. SOCORRO,2025-10-27,0,0.0,0.0,0.0,0.0,0.0,10,44,0.0
102º D.P. SOCORRO,2025-11-03,0,0.0,0.0,0.0,0.0,0.0,11,45,0.0
102º D.P. SOCORRO,2025-11-10,0,0.0,0.0,0.0,0.0,0.0,11,46,0.0
102º D.P. SOCORRO,2025-11-17,0,0.0,0.0,0.0,0.0,0.0,11,47,0.0
102º D.P. SOCORRO,2025-11-24,0,0.0,0.0,0.0,0.0,0.0,11,48,0.0
102º D.P. SOCORRO,2025-12-01,0,0.0,0.0,0.0,0.0,0.0,12,49,0.0
102º D.P. SOCORRO,2025-12-08,0,0.0,0.0,0.0,0.0,0.0,12,50,0.0
102º D.P. SOCORRO,2025-12-15,0,0.0,0.0,0.0,0.0,0.0,12,51,0.0
102º D.P. SOCORRO,2025-12-22,0,0.0,0.0,0.0,0.0,0.0,12,52,0.0
102º D.P. SOCORRO,2025-12-29,0,0.0,0.0,0.0,0.0,0.0,12,1,0.0
102º D.P. SOCORRO,2026-01-05,0,0.0,0.0,0.0,0.0,0.0,1,2,0.0
102º D.P. SOCORRO,2026-01-12,0,0.0,0.0,0.0,0.0,0.0,1,3,0.0
102º D.P. SOCORRO,2026-01-19,0,0.0,0.0,0.0,0.0,0.0,1,4,0.0
102º D.P. SOCORRO,2026-01-26,0,0.0,0.0,0.0,0.0,0.0,1,5,0.0
102º D.P. SOCORRO,2026-02-02,0,0.0,0.0,0.0,0.0,0.0,2,6,0.0
102º D.P. SOCORRO,2026-02-09,0,0.0,0.0,0.0,0.0,0.0,2,7,0.0
102º D.P. SOCORRO,2026-02-16,0,0.0,0.0,0.0,0.0,0.0,2,8,0.0
102º D.P. SOCORRO,2026-02-23,0,0.0,0.0,0.0,0.0,0.0,2,9,0.0
102º D.P. SOCORRO,2026-03-02,0,0.0,0.0,0.0,0.0,0.0,3,10,0.0
102º D.P. SOCORRO,2026-03-09,0,0.0,0.0,0.0,0.0,0.0,3,11,0.0
102º D.P. SOCORRO,2026-03-16,0,0.0,0.0,0.0,0.0,0.0,3,12,0.0
102º D.P. SOCORRO,2026-03-23,0,0.0,0.0,0.0,0.0,0.0,3,13,0.0
102º D.P. SOCORRO,2026-03-30,0,0.0,0.0,0.0,0.0,0.0,3,14,0.0
102º D.P. SOCORRO,2026-04-06,0,0.0,0.0,0.0,0.0,0.0,4,15,0.0
102º D.P. SOCORRO,2026-04-13,0,0.0,0.0,0.0,0.0,0.0,4,16,0.0
102º D.P. SOCORRO,2026-04-20,0,0.0,0.0,0.0,0.0,0.0,4,17,0.0
102º D.P. SOCORRO,2026-04-27,0,0.0,0.0,0.0,0.0,0.0,4,18,0.0
102º D.P. SOCORRO,2026-05-04,1,0.0,0.0,0.0,0.0,0.0,5,19,0.0
102º D.P. SOCORRO,2026-05-11,0,1.0,0.0,0.25,0.125,1.0,5,20,0.0
102º D.P. SOCORRO,2026-05-18,0,0.0,1.0,0.25,0.125,-1.0,5,21,0.0
102º D.P. SOCORRO,2026-05-25,0,0.0,0.0,0.25,0.125,0.0,5,22,0.0
103º D.P. COHABII/ITAQU.,2025-10-06,0,,,,,,10,41,8503.653367446579
103º D.P. COHABII/ITAQU.,2025-10-13,0,0.0,,0.0,0.0,,10,42,8503.653367446579
103º D.P. COHABII/ITAQU.,2025-10-20,0,0.0,0.0,0.0,0.0,0.0,10,43,8503.653367446579
103º D.P. COHABII/ITAQU.,2025-10-27,0,0.0,0.0,0.0,0.0,0.0,10,44,8503.653367446579
103º D.P. COHABII/ITAQU.,2025-11-03,0,0.0,0.0,0.0,0.0,0.0,11,45,8503.653367446579
103º D.P. COHABII/ITAQU.,2025-11-10,0,0.0,0.0,0.0,0.0,0.0,11,46,8503.653367446579
103º D.P. COHABII/ITAQU.,2025-11-17,0,0.0,0.0,0.0,0.0,0.0,11,47,8503.653367446579
103º D.P. COHABII/ITAQU.,2025-11-24,0,0.0,0.0,0.0,0.0,0.0,11,48,8503.653367446579
103º D.P. COHABII/ITAQU.,2025-12-01,0,0.0,0.0,0.0,0.0,0.0,12,49,8503.653367446579
103º D.P. COHABII/ITAQU.,2025-12-08,0,0.0,0.0,0.0,0.0,0.0,12,50,8503.653367446579
103º D.P. COHABII/ITAQU.,2025-12-15,0,0.0,0.0,0.0,0.0,0.0,12,51,8503.653367446579
103º D.P. COHABII/ITAQU.,2025-12-22,0,0.0,0.0,0.0,0.0,0.0,12,52,8503.653367446579
103º D.P. COHABII/ITAQU.,2025-12-29,0,0.0,0.0,0.0,0.0,0.0,12,1,8503.653367446579
103º D.P. COHABII/ITAQU.,2026-01-05,0,0.0,0.0,0.0,0.0,0.0,1,2,8503.653367446579
103º D.P. COHABII/ITAQU.,2026-01-12,0,0.0,0.0,0.0,0.0,0.0,1,3,8503.653367446579
103º D.P. COHABII/ITAQU.,2026-01-19,0,0.0,0.0,0.0,0.0,0.0,1,4,8503.653367446579
103º D.P. COHABII/ITAQU.,2026-01-26,1,0.0,0.0,0.0,0.0,0.0,1,5,8503.653367446579
103º D.P. COHABII/ITAQU.,2026-02-02,0,1.0,0.0,0.25,0.125,1.0,2,6,8503.653367446579
103º D.P. COHABII/ITAQU.,2026-02-09,1,0.0,1.0,0.25,0.125,-1.0,2,7,8503.653367446579
103º D.P. COHABII/ITAQU.,2026-02-16,0,1.0,0.0,0.5,0.25,1.0,2,8,8503.653367446579
103º D.P. COHABII/ITAQU.,2026-02-23,0,0.0,1.0,0.5,0.25,-1.0,2,9,8503.653367446579
103º D.P. COHABII/ITAQU.,2026-03-02,0,0.0,0.0,0.25,0.25,0.0,3,10,8503.653367446579
103º D.P. COHABII/ITAQU.,2026-03-09,0,0.0,0.0,0.25,0.25,0.0,3,11,8503.653367446579
103º D.P. COHABII/ITAQU.,2026-03-16,0,0.0,0.0,0.0,0.25,0.0,3,12,8503.653367446579
103º D.P. COHABII/ITAQU.,2026-03-23,0,0.0,0.0,0.0,0.25,0.0,3,13,8503.653367446579
103º D.P. COHABII/ITAQU.,2026-03-30,1,0.0,0.0,0.0,0.125,0.0,3,14,8503.653367446579
103º D.P. COHABII/ITAQU.,2026-04-06,0,1.0,0.0,0.25,0.25,1.0,4,15,8503.653367446579
103º D.P. COHABII/ITAQU.,2026-04-13,0,0.0,1.0,0.25,0.125,-1.0,4,16,8503.653367446579
103º D.P. COHABII/ITAQU.,2026-04-20,0,0.0,0.0,0.25,0.125,0.0,4,17,8503.653367446579
103º D.P. COHABII/ITAQU.,2026-04-27,0,0.0,0.0,0.25,0.125,0.0,4,18,8503.653367446579
103º D.P. COHABII/ITAQU.,2026-05-04,0,0.0,0.0,0.0,0.125,0.0,5,19,8503.653367446579
103º D.P. COHABII/ITAQU.,2026-05-11,0,0.0,0.0,0.0,0.125,0.0,5,20,8503.653367446579
103º D.P. COHABII/ITAQU.,2026-05-18,0,0.0,0.0,0.0,0.125,0.0,5,21,8503.653367446579
103º D.P. COHABII/ITAQU.,2026-05-25,0,0.0,0.0,0.0,0.125,0.0,5,22,8503.653367446579
10º D.P. PENHA DE FRANCA,2025-10-06,0,,,,,,10,41,11194.640986702994
10º D.P. PENHA DE FRANCA,2025-10-13,0,0.0,,0.0,0.0,,10,42,11194.640986702994
10º D.P. PENHA DE FRANCA,2025-10-20,0,0.0,0.0,0.0,0.0,0.0,10,43,11194.640986702994
10º D.P. PENHA DE FRANCA,2025-10-27,0,0.0,0.0,0.0,0.0,0.0,10,44,11194.640986702994
10º D.P. PENHA DE FRANCA,2025-11-03,0,0.0,0.0,0.0,0.0,0.0,11,45,11194.640986702994
10º D.P. PENHA DE FRANCA,2025-11-10,0,0.0,0.0,0.0,0.0,0.0,11,46,11194.640986702994
10º D.P. PENHA DE FRANCA,2025-11-17,0,0.0,0.0,0.0,0.0,0.0,11,47,11194.640986702994
10º D.P. PENHA DE FRANCA,2025-11-24,0,0.0,0.0,0.0,0.0,0.0,11,48,11194.640986702994
10º D.P. PENHA DE FRANCA,2025-12-01,0,0.0,0.0,0.0,0.0,0.0,12,49,11194.640986702994
10º D.P. PENHA DE FRANCA,2025-12-08,0,0.0,0.0,0.0,0.0,0.0,12,50,11194.640986702994
10º D.P. PENHA DE FRANCA,2025-12-15,0,0.0,0.0,0.0,0.0,0.0,12,51,11194.640986702994
10º D.P. PENHA DE FRANCA,2025-12-22,0,0.0,0.0,0.0,0.0,0.0,12,52,11194.640986702994
10º D.P. PENHA DE FRANCA,2025-12-29,0,0.0,0.0,0.0,0.0,0.0,12,1,11194.640986702994
10º D.P. PENHA DE FRANCA,2026-01-05,0,0.0,0.0,0.0,0.0,0.0,1,2,11194.640986702994
10º D.P. PENHA DE FRANCA,2026-01-12,0,0.0,0.0,0.0,0.0,0.0,1,3,11194.640986702994
10º D.P. PENHA DE FRANCA,2026-01-19,0,0.0,0.0,0.0,0.0,0.0,1,4,11194.640986702994
10º D.P. PENHA DE FRANCA,2026-01-26,1,0.0,0.0,0.0,0.0,0.0,1,5,11194.640986702994
10º D.P. PENHA DE FRANCA,2026-02-02,0,1.0,0.0,0.25,0.125,1.0,2,6,11194.640986702994
10º D.P. PENHA DE FRANCA,2026-02-09,0,0.0,1.0,0.25,0.125,-1.0,2,7,11194.640986702994
10º D.P. PENHA DE FRANCA,2026-02-16,0,0.0,0.0,0.25,0.125,0.0,2,8,11194.640986702994
10º D.P. PENHA DE FRANCA,2026-02-23,0,0.0,0.0,0.25,0.125,0.0,2,9,11194.640986702994
10º D.P. PENHA DE FRANCA,2026-03-02,0,0.0,0.0,0.0,0.125,0.0,3,10,11194.640986702994
10º D.P. PENHA DE FRANCA,2026-03-09,0,0.0,0.0,0.0,0.125,0.0,3,11,11194.640986702994
10º D.P. PENHA DE FRANCA,2026-03-16,0,0.0,0.0,0.0,0.125,0.0,3,12,11194.640986702994
10º D.P. PENHA DE FRANCA,2026-03-23,0,0.0,0.0,0.0,0.125,0.0,3,13,11194.640986702994
10º D.P. PENHA DE FRANCA,2026-03-30,0,0.0,0.0,0.0,0.0,0.0,3,14,11194.640986702994
10º D.P. PENHA DE FRANCA,2026-04-06,0,0.0,0.0,0.0,0.0,0.0,4,15,11194.640986702994
10º D.P. PENHA DE FRANCA,2026-04-13,0,0.0,0.0,0.0,0.0,0.0,4,16,11194.640986702994
10º D.P. PENHA DE FRANCA,2026-04-20,0,0.0,0.0,0.0,0.0,0.0,4,17,11194.640986702994
10º D.P. PENHA DE FRANCA,2026-04-27,0,0.0,0.0,0.0,0.0,0.0,4,18,11194.640986702994
10º D.P. PENHA DE FRANCA,2026-05-04,0,0.0,0.0,0.0,0.0,0.0,5,19,11194.640986702994
10º D.P. PENHA DE FRANCA,2026-05-11,0,0.0,0.0,0.0,0.0,0.0,5,20,11194.640986702994
10º D.P. PENHA DE FRANCA,2026-05-18,0,0.0,0.0,0.0,0.0,0.0,5,21,11194.640986702994
10º D.P. PENHA DE FRANCA,2026-05-25,0,0.0,0.0,0.0,0.0,0.0,5,22,11194.640986702994
12º D.P. PARI,2025-10-06,0,,,,,,10,41,12426.169660930866
12º D.P. PARI,2025-10-13,0,0.0,,0.0,0.0,,10,42,12426.169660930866
12º D.P. PARI,2025-10-20,0,0.0,0.0,0.0,0.0,0.0,10,43,12426.169660930866
12º D.P. PARI,2025-10-27,0,0.0,0.0,0.0,0.0,0.0,10,44,12426.169660930866
12º D.P. PARI,2025-11-03,0,0.0,0.0,0.0,0.0,0.0,11,45,12426.169660930866
12º D.P. PARI,2025-11-10,0,0.0,0.0,0.0,0.0,0.0,11,46,12426.169660930866
12º D.P. PARI,2025-11-17,0,0.0,0.0,0.0,0.0,0.0,11,47,12426.169660930866
12º D.P. PARI,2025-11-24,0,0.0,0.0,0.0,0.0,0.0,11,48,12426.169660930866
12º D.P. PARI,2025-12-01,0,0.0,0.0,0.0,0.0,0.0,12,49,12426.169660930866
12º D.P. PARI,2025-12-08,0,0.0,0.0,0.0,0.0,0.0,12,50,12426.169660930866
12º D.P. PARI,2025-12-15,0,0.0,0.0,0.0,0.0,0.0,12,51,12426.169660930866
12º D.P. PARI,2025-12-22,0,0.0,0.0,0.0,0.0,0.0,12,52,12426.169660930866
12º D.P. PARI,2025-12-29,0,0.0,0.0,0.0,0.0,0.0,12,1,12426.169660930866
12º D.P. PARI,2026-01-05,0,0.0,0.0,0.0,0.0,0.0,1,2,12426.169660930866
12º D.P. PARI,2026-01-12,0,0.0,0.0,0.0,0.0,0.0,1,3,12426.169660930866
12º D.P. PARI,2026-01-19,0,0.0,0.0,0.0,0.0,0.0,1,4,12426.169660930866
12º D.P. PARI,2026-01-26,0,0.0,0.0,0.0,0.0,0.0,1,5,12426.169660930866
12º D.P. PARI,2026-02-02,0,0.0,0.0,0.0,0.0,0.0,2,6,12426.169660930866
12º D.P. PARI,2026-02-09,0,0.0,0.0,0.0,0.0,0.0,2,7,12426.169660930866
12º D.P. PARI,2026-02-16,0,0.0,0.0,0.0,0.0,0.0,2,8,12426.169660930866
12º D.P. PARI,2026-02-23,0,0.0,0.0,0.0,0.0,0.0,2,9,12426.169660930866
12º D.P. PARI,2026-03-02,0,0.0,0.0,0.0,0.0,0.0,3,10,12426.169660930866
12º D.P. PARI,2026-03-09,0,0.0,0.0,0.0,0.0,0.0,3,11,12426.169660930866
12º D.P. PARI,2026-03-16,0,0.0,0.0,0.0,0.0,0.0,3,12,12426.169660930866
12º D.P. PARI,2026-03-23,0,0.0,0.0,0.0,0.0,0.0,3,13,12426.169660930866
12º D.P. PARI,2026-03-30,0,0.0,0.0,0.0,0.0,0.0,3,14,12426.169660930866
12º D.P. PARI,2026-04-06,2,0.0,0.0,0.0,0.0,0.0,4,15,12426.169660930866
12º D.P. PARI,2026-04-13,0,2.0,0.0,0.5,0.25,2.0,4,16,12426.169660930866
12º D.P. PARI,2026-04-20,0,0.0,2.0,0.5,0.25,-2.0,4,17,12426.169660930866
12º D.P. PARI,2026-04-27,0,0.0,0.0,0.5,0.25,0.0,4,18,12426.169660930866
12º D.P. PARI,2026-05-04,0,0.0,0.0,0.5,0.25,0.0,5,19,12426.169660930866
12º D.P. PARI,2026-05-11,1,0.0,0.0,0.0,0.25,0.0,5,20,12426.169660930866
12º D.P. PARI,2026-05-18,0,1.0,0.0,0.25,0.375,1.0,5,21,12426.169660930866
12º D.P. PARI,2026-05-25,0,0.0,1.0,0.25,0.375,-1.0,5,22,12426.169660930866
13º D.P. CASA VERDE,2025-10-06,0,,,,,,10,41,12302.4838571057
13º D.P. CASA VERDE,2025-10-13,0,0.0,,0.0,0.0,,10,42,12302.4838571057
13º D.P. CASA VERDE,2025-10-20,0,0.0,0.0,0.0,0.0,0.0,10,43,12302.4838571057
13º D.P. CASA VERDE,2025-10-27,0,0.0,0.0,0.0,0.0,0.0,10,44,12302.4838571057
13º D.P. CASA VERDE,2025-11-03,0,0.0,0.0,0.0,0.0,0.0,11,45,12302.4838571057
13º D.P. CASA VERDE,2025-11-10,0,0.0,0.0,0.0,0.0,0.0,11,46,12302.4838571057
13º D.P. CASA VERDE,2025-11-17,0,0.0,0.0,0.0,0.0,0.0,11,47,12302.4838571057
13º D.P. CASA VERDE,2025-11-24,0,0.0,0.0,0.0,0.0,0.0,11,48,12302.4838571057
13º D.P. CASA VERDE,2025-12-01,0,0.0,0.0,0.0,0.0,0.0,12,49,12302.4838571057
13º D.P. CASA VERDE,2025-12-08,0,0.0,0.0,0.0,0.0,0.0,12,50,12302.4838571057
13º D.P. CASA VERDE,2025-12-15,0,0.0,0.0,0.0,0.0,0.0,12,51,12302.4838571057
13º D.P. CASA VERDE,2025-12-22,0,0.0,0.0,0.0,0.0,0.0,12,52,12302.4838571057
13º D.P. CASA VERDE,2025-12-29,0,0.0,0.0,0.0,0.0,0.0,12,1,12302.4838571057
13º D.P. CASA VERDE,2026-01-05,0,0.0,0.0,0.0,0.0,0.0,1,2,12302.4838571057
13º D.P. CASA VERDE,2026-01-12,0,0.0,0.0,0.0,0.0,0.0,1,3,12302.4838571057
13º D.P. CASA VERDE,2026-01-19,0,0.0,0.0,0.0,0.0,0.0,1,4,12302.4838571057
13º D.P. CASA VERDE,2026-01-26,0,0.0,0.0,0.0,0.0,0.0,1,5,12302.4838571057
13º D.P. CASA VERDE,2026-02-02,0,0.0,0.0,0.0,0.0,0.0,2,6,12302.4838571057
13º D.P. CASA VERDE,2026-02-09,0,0.0,0.0,0.0,0.0,0.0,2,7,12302.4838571057
13º D.P. CASA VERDE,2026-02-16,1,0.0,0.0,0.0,0.0,0.0,2,8,12302.4838571057
13º D.P. CASA VERDE,2026-02-23,0,1.0,0.0,0.25,0.125,1.0,2,9,12302.4838571057
13º D.P. CASA VERDE,2026-03-02,0,0.0,1.0,0.25,0.125,-1.0,3,10,12302.4838571057
13º D.P. CASA VERDE,2026-03-09,0,0.0,0.0,0.25,0.125,0.0,3,11,12302.4838571057
13º D.P. CASA VERDE,2026-03-16,0,0.0,0.0,0.25,0.125,0.0,3,12,12302.4838571057
13º D.P. CASA VERDE,2026-03-23,0,0.0,0.0,0.0,0.125,0.0,3,13,12302.4838571057
13º D.P. CASA VERDE,2026-03-30,0,0.0,0.0,0.0,0.125,0.0,3,14,12302.4838571057
13º D.P. CASA VERDE,2026-04-06,0,0.0,0.0,0.0,0.125,0.0,4,15,12302.4838571057
13º D.P. CASA VERDE,2026-04-13,1,0.0,0.0,0.0,0.125,0.0,4,16,12302.4838571057
13º D.P. CASA VERDE,2026-04-20,0,1.0,0.0,0.25,0.125,1.0,4,17,12302.4838571057
13º D.P. CASA VERDE,2026-04-27,0,0.0,1.0,0.25,0.125,-1.0,4,18,12302.4838571057
13º D.P. CASA VERDE,2026-05-04,0,0.0,0.0,0.25,0.125,0.0,5,19,12302.4838571057
13º D.P. CASA VERDE,2026-05-11,0,0.0,0.0,0.25,0.125,0.0,5,20,12302.4838571057
13º D.P. CASA VERDE,2026-05-18,0,0.0,0.0,0.0,0.125,0.0,5,21,12302.4838571057
13º D.P. CASA VERDE,2026-05-25,0,0.0,0.0,0.0,0.125,0.0,5,22,12302.4838571057
14º D.P. PINHEIROS,2025-10-06,0,,,,,,10,41,12736.66432854792
14º D.P. PINHEIROS,2025-10-13,0,0.0,,0.0,0.0,,10,42,12736.66432854792
14º D.P. PINHEIROS,2025-10-20,0,0.0,0.0,0.0,0.0,0.0,10,43,12736.66432854792
14º D.P. PINHEIROS,2025-10-27,0,0.0,0.0,0.0,0.0,0.0,10,44,12736.66432854792
14º D.P. PINHEIROS,2025-11-03,0,0.0,0.0,0.0,0.0,0.0,11,45,12736.66432854792
14º D.P. PINHEIROS,2025-11-10,0,0.0,0.0,0.0,0.0,0.0,11,46,12736.66432854792
14º D.P. PINHEIROS,2025-11-17,0,0.0,0.0,0.0,0.0,0.0,11,47,12736.66432854792
14º D.P. PINHEIROS,2025-11-24,0,0.0,0.0,0.0,0.0,0.0,11,48,12736.66432854792
14º D.P. PINHEIROS,2025-12-01,0,0.0,0.0,0.0,0.0,0.0,12,49,12736.66432854792
14º D.P. PINHEIROS,2025-12-08,0,0.0,0.0,0.0,0.0,0.0,12,50,12736.66432854792
14º D.P. PINHEIROS,2025-12-15,0,0.0,0.0,0.0,0.0,0.0,12,51,12736.66432854792
14º D.P. PINHEIROS,2025-12-22,0,0.0,0.0,0.0,0.0,0.0,12,52,12736.66432854792
14º D.P. PINHEIROS,2025-12-29,0,0.0,0.0,0.0,0.0,0.0,12,1,12736.66432854792
14º D.P. PINHEIROS,2026-01-05,0,0.0,0.0,0.0,0.0,0.0,1,2,12736.66432854792
14º D.P. PINHEIROS,2026-01-12,0,0.0,0.0,0.0,0.0,0.0,1,3,12736.66432854792
14º D.P. PINHEIROS,2026-01-19,0,0.0,0.0,0.0,0.0,0.0,1,4,12736.66432854792
14º D.P. PINHEIROS,2026-01-26,0,0.0,0.0,0.0,0.0,0.0,1,5,12736.66432854792
14º D.P. PINHEIROS,2026-02-02,0,0.0,0.0,0.0,0.0,0.0,2,6,12736.66432854792
14º D.P. PINHEIROS,2026-02-09,1,0.0,0.0,0.0,0.0,0.0,2,7,12736.66432854792
14º D.P. PINHEIROS,2026-02-16,0,1.0,0.0,0.25,0.125,1.0,2,8,12736.66432854792
14º D.P. PINHEIROS,2026-02-23,0,0.0,1.0,0.25,0.125,-1.0,2,9,12736.66432854792
14º D.P. PINHEIROS,2026-03-02,0,0.0,0.0,0.25,0.125,0.0,3,10,12736.66432854792
14º D.P. PINHEIROS,2026-03-09,0,0.0,0.0,0.25,0.125,0.0,3,11,12736.66432854792
14º D.P. PINHEIROS,2026-03-16,0,0.0,0.0,0.0,0.125,0.0,3,12,12736.66432854792
14º D.P. PINHEIROS,2026-03-23,0,0.0,0.0,0.0,0.125,0.0,3,13,12736.66432854792
14º D.P. PINHEIROS,2026-03-30,0,0.0,0.0,0.0,0.125,0.0,3,14,12736.66432854792
14º D.P. PINHEIROS,2026-04-06,0,0.0,0.0,0.0,0.125,0.0,4,15,12736.66432854792
14º D.P. PINHEIROS,2026-04-13,0,0.0,0.0,0.0,0.0,0.0,4,16,12736.66432854792
14º D.P. PINHEIROS,2026-04-20,0,0.0,0.0,0.0,0.0,0.0,4,17,12736.66432854792
14º D.P. PINHEIROS,2026-04-27,0,0.0,0.0,0.0,0.0,0.0,4,18,12736.66432854792
14º D.P. PINHEIROS,2026-05-04,0,0.0,0.0,0.0,0.0,0.0,5,19,12736.66432854792
14º D.P. PINHEIROS,2026-05-11,0,0.0,0.0,0.0,0.0,0.0,5,20,12736.66432854792
14º D.P. PINHEIROS,2026-05-18,0,0.0,0.0,0.0,0.0,0.0,5,21,12736.66432854792
14º D.P. PINHEIROS,2026-05-25,0,0.0,0.0,0.0,0.0,0.0,5,22,12736.66432854792
15º D.P. DR. LUC. H BEIGUELMAN,2025-10-06,0,,,,,,10,41,12809.970585987106
15º D.P. DR. LUC. H BEIGUELMAN,2025-10-13,0,0.0,,0.0,0.0,,10,42,12809.970585987106
15º D.P. DR. LUC. H BEIGUELMAN,2025-10-20,0,0.0,0.0,0.0,0.0,0.0,10,43,12809.970585987106
15º D.P. DR. LUC. H BEIGUELMAN,2025-10-27,0,0.0,0.0,0.0,0.0,0.0,10,44,12809.970585987106
15º D.P. DR. LUC. H BEIGUELMAN,2025-11-03,0,0.0,0.0,0.0,0.0,0.0,11,45,12809.970585987106
15º D.P. DR. LUC. H BEIGUELMAN,2025-11-10,0,0.0,0.0,0.0,0.0,0.0,11,46,12809.970585987106
15º D.P. DR. LUC. H BEIGUELMAN,2025-11-17,0,0.0,0.0,0.0,0.0,0.0,11,47,12809.970585987106
15º D.P. DR. LUC. H BEIGUELMAN,2025-11-24,0,0.0,0.0,0.0,0.0,0.0,11,48,12809.970585987106
15º D.P. DR. LUC. H BEIGUELMAN,2025-12-01,0,0.0,0.0,0.0,0.0,0.0,12,49,12809.970585987106
15º D.P. DR. LUC. H BEIGUELMAN,2025-12-08,0,0.0,0.0,0.0,0.0,0.0,12,50,12809.970585987106
15º D.P. DR. LUC. H BEIGUELMAN,2025-12-15,0,0.0,0.0,0.0,0.0,0.0,12,51,12809.970585987106
15º D.P. DR. LUC. H BEIGUELMAN,2025-12-22,0,0.0,0.0,0.0,0.0,0.0,12,52,12809.970585987106
15º D.P. DR. LUC. H BEIGUELMAN,2025-12-29,0,0.0,0.0,0.0,0.0,0.0,12,1,12809.970585987106
15º D.P. DR. LUC. H BEIGUELMAN,2026-01-05,0,0.0,0.0,0.0,0.0,0.0,1,2,12809.970585987106
15º D.P. DR. LUC. H BEIGUELMAN,2026-01-12,0,0.0,0.0,0.0,0.0,0.0,1,3,12809.970585987106
15º D.P. DR. LUC. H BEIGUELMAN,2026-01-19,0,0.0,0.0,0.0,0.0,0.0,1,4,12809.970585987106
15º D.P. DR. LUC. H BEIGUELMAN,2026-01-26,0,0.0,0.0,0.0,0.0,0.0,1,5,12809.970585987106
15º D.P. DR. LUC. H BEIGUELMAN,2026-02-02,0,0.0,0.0,0.0,0.0,0.0,2,6,12809.970585987106
15º D.P. DR. LUC. H BEIGUELMAN,2026-02-09,0,0.0,0.0,0.0,0.0,0.0,2,7,12809.970585987106
15º D.P. DR. LUC. H BEIGUELMAN,2026-02-16,0,0.0,0.0,0.0,0.0,0.0,2,8,12809.970585987106
15º D.P. DR. LUC. H BEIGUELMAN,2026-02-23,0,0.0,0.0,0.0,0.0,0.0,2,9,12809.970585987106
15º D.P. DR. LUC. H BEIGUELMAN,2026-03-02,0,0.0,0.0,0.0,0.0,0.0,3,10,12809.970585987106
15º D.P. DR. LUC. H BEIGUELMAN,2026-03-09,1,0.0,0.0,0.0,0.0,0.0,3,11,12809.970585987106
15º D.P. DR. LUC. H BEIGUELMAN,2026-03-16,0,1.0,0.0,0.25,0.125,1.0,3,12,12809.970585987106
15º D.P. DR. LUC. H BEIGUELMAN,2026-03-23,0,0.0,1.0,0.25,0.125,-1.0,3,13,12809.970585987106
15º D.P. DR. LUC. H BEIGUELMAN,2026-03-30,1,0.0,0.0,0.25,0.125,0.0,3,14,12809.970585987106
15º D.P. DR. LUC. H BEIGUELMAN,2026-04-06,0,1.0,0.0,0.5,0.25,1.0,4,15,12809.970585987106
15º D.P. DR. LUC. H BEIGUELMAN,2026-04-13,0,0.0,1.0,0.25,0.25,-1.0,4,16,12809.970585987106
15º D.P. DR. LUC. H BEIGUELMAN,2026-04-20,1,0.0,0.0,0.25,0.25,0.0,4,17,12809.970585987106
15º D.P. DR. LUC. H BEIGUELMAN,2026-04-27,0,1.0,0.0,0.5,0.375,1.0,4,18,12809.970585987106
15º D.P. DR. LUC. H BEIGUELMAN,2026-05-04,0,0.0,1.0,0.25,0.375,-1.0,5,19,12809.970585987106
15º D.P. DR. LUC. H BEIGUELMAN,2026-05-11,0,0.0,0.0,0.25,0.25,0.0,5,20,12809.970585987106
15º D.P. DR. LUC. H BEIGUELMAN,2026-05-18,1,0.0,0.0,0.25,0.25,0.0,5,21,12809.970585987106
15º D.P. DR. LUC. H BEIGUELMAN,2026-05-25,0,1.0,0.0,0.25,0.375,1.0,5,22,12809.970585987106
16º D.P. VILA CLEMENTINO,2025-10-06,0,,,,,,10,41,12788.201637004948
16º D.P. VILA CLEMENTINO,2025-10-13,0,0.0,,0.0,0.0,,10,42,12788.201637004948
16º D.P. VILA CLEMENTINO,2025-10-20,0,0.0,0.0,0.0,0.0,0.0,10,43,12788.201637004948
16º D.P. VILA CLEMENTINO,2025-10-27,0,0.0,0.0,0.0,0.0,0.0,10,44,12788.201637004948
16º D.P. VILA CLEMENTINO,2025-11-03,0,0.0,0.0,0.0,0.0,0.0,11,45,12788.201637004948
16º D.P. VILA CLEMENTINO,2025-11-10,0,0.0,0.0,0.0,0.0,0.0,11,46,12788.201637004948
16º D.P. VILA CLEMENTINO,2025-11-17,0,0.0,0.0,0.0,0.0,0.0,11,47,12788.201637004948
16º D.P. VILA CLEMENTINO,2025-11-24,0,0.0,0.0,0.0,0.0,0.0,11,48,12788.201637004948
16º D.P. VILA CLEMENTINO,2025-12-01,0,0.0,0.0,0.0,0.0,0.0,12,49,12788.201637004948
16º D.P. VILA CLEMENTINO,2025-12-08,0,0.0,0.0,0.0,0.0,0.0,12,50,12788.201637004948
16º D.P. VILA CLEMENTINO,2025-12-15,0,0.0,0.0,0.0,0.0,0.0,12,51,12788.201637004948
16º D.P. VILA CLEMENTINO,2025-12-22,0,0.0,0.0,0.0,0.0,0.0,12,52,12788.201637004948
16º D.P. VILA CLEMENTINO,2025-12-29,1,0.0,0.0,0.0,0.0,0.0,12,1,12788.201637004948
16º D.P. VILA CLEMENTINO,2026-01-05,0,1.0,0.0,0.25,0.125,1.0,1,2,12788.201637004948
16º D.P. VILA CLEMENTINO,2026-01-12,0,0.0,1.0,0.25,0.125,-1.0,1,3,12788.201637004948
16º D.P. VILA CLEMENTINO,2026-01-19,0,0.0,0.0,0.25,0.125,0.0,1,4,12788.201637004948
16º D.P. VILA CLEMENTINO,2026-01-26,1,0.0,0.0,0.25,0.125,0.0,1,5,12788.201637004948
16º D.P. VILA CLEMENTINO,2026-02-02,0,1.0,0.0,0.25,0.25,1.0,2,6,12788.201637004948
16º D.P. VILA CLEMENTINO,2026-02-09,0,0.0,1.0,0.25,0.25,-1.0,2,7,12788.201637004948
16º D.P. VILA CLEMENTINO,2026-02-16,0,0.0,0.0,0.25,0.25,0.0,2,8,12788.201637004948
16º D.P. VILA CLEMENTINO,2026-02-23,0,0.0,0.0,0.25,0.25,0.0,2,9,12788.201637004948
16º D.P. VILA CLEMENTINO,2026-03-02,0,0.0,0.0,0.0,0.125,0.0,3,10,12788.201637004948
16º D.P. VILA CLEMENTINO,2026-03-09,0,0.0,0.0,0.0,0.125,0.0,3,11,12788.201637004948
16º D.P. VILA CLEMENTINO,2026-03-16,0,0.0,0.0,0.0,0.125,0.0,3,12,12788.201637004948
16º D.P. VILA CLEMENTINO,2026-03-23,0,0.0,0.0,0.0,0.125,0.0,3,13,12788.201637004948
16º D.P. VILA CLEMENTINO,2026-03-30,0,0.0,0.0,0.0,0.0,0.0,3,14,12788.201637004948
16º D.P. VILA CLEMENTINO,2026-04-06,0,0.0,0.0,0.0,0.0,0.0,4,15,12788.201637004948
16º D.P. VILA CLEMENTINO,2026-04-13,0,0.0,0.0,0.0,0.0,0.0,4,16,12788.201637004948
16º D.P. VILA CLEMENTINO,2026-04-20,1,0.0,0.0,0.0,0.0,0.0,4,17,12788.201637004948
16º D.P. VILA CLEMENTINO,2026-04-27,0,1.0,0.0,0.25,0.125,1.0,4,18,12788.201637004948
16º D.P. VILA CLEMENTINO,2026-05-04,0,0.0,1.0,0.25,0.125,-1.0,5,19,12788.201637004948
16º D.P. VILA CLEMENTINO,2026-05-11,1,0.0,0.0,0.25,0.125,0.0,5,20,12788.201637004948
16º D.P. VILA CLEMENTINO,2026-05-18,0,1.0,0.0,0.5,0.25,1.0,5,21,12788.201637004948
16º D.P. VILA CLEMENTINO,2026-05-25,0,0.0,1.0,0.25,0.25,-1.0,5,22,12788.201637004948
17º D.P. DOUTOR ALDO GALIANO,2025-10-06,0,,,,,,10,41,12708.023111657718
17º D.P. DOUTOR ALDO GALIANO,2025-10-13,0,0.0,,0.0,0.0,,10,42,12708.023111657718
17º D.P. DOUTOR ALDO GALIANO,2025-10-20,0,0.0,0.0,0.0,0.0,0.0,10,43,12708.023111657718
17º D.P. DOUTOR ALDO GALIANO,2025-10-27,0,0.0,0.0,0.0,0.0,0.0,10,44,12708.023111657718
17º D.P. DOUTOR ALDO GALIANO,2025-11-03,0,0.0,0.0,0.0,0.0,0.0,11,45,12708.023111657718
17º D.P. DOUTOR ALDO GALIANO,2025-11-10,0,0.0,0.0,0.0,0.0,0.0,11,46,12708.023111657718
17º D.P. DOUTOR ALDO GALIANO,2025-11-17,0,0.0,0.0,0.0,0.0,0.0,11,47,12708.023111657718
17º D.P. DOUTOR ALDO GALIANO,2025-11-24,0,0.0,0.0,0.0,0.0,0.0,11,48,12708.023111657718
17º D.P. DOUTOR ALDO GALIANO,2025-12-01,0,0.0,0.0,0.0,0.0,0.0,12,49,12708.023111657718
17º D.P. DOUTOR ALDO GALIANO,2025-12-08,0,0.0,0.0,0.0,0.0,0.0,12,50,12708.023111657718
17º D.P. DOUTOR ALDO GALIANO,2025-12-15,0,0.0,0.0,0.0,0.0,0.0,12,51,12708.023111657718
17º D.P. DOUTOR ALDO GALIANO,2025-12-22,0,0.0,0.0,0.0,0.0,0.0,12,52,12708.023111657718
17º D.P. DOUTOR ALDO GALIANO,2025-12-29,0,0.0,0.0,0.0,0.0,0.0,12,1,12708.023111657718
17º D.P. DOUTOR ALDO GALIANO,2026-01-05,0,0.0,0.0,0.0,0.0,0.0,1,2,12708.023111657718
17º D.P. DOUTOR ALDO GALIANO,2026-01-12,0,0.0,0.0,0.0,0.0,0.0,1,3,12708.023111657718
17º D.P. DOUTOR ALDO GALIANO,2026-01-19,0,0.0,0.0,0.0,0.0,0.0,1,4,12708.023111657718
17º D.P. DOUTOR ALDO GALIANO,2026-01-26,0,0.0,0.0,0.0,0.0,0.0,1,5,12708.023111657718
17º D.P. DOUTOR ALDO GALIANO,2026-02-02,0,0.0,0.0,0.0,0.0,0.0,2,6,12708.023111657718
17º D.P. DOUTOR ALDO GALIANO,2026-02-09,0,0.0,0.0,0.0,0.0,0.0,2,7,12708.023111657718
17º D.P. DOUTOR ALDO GALIANO,2026-02-16,0,0.0,0.0,0.0,0.0,0.0,2,8,12708.023111657718
17º D.P. DOUTOR ALDO GALIANO,2026-02-23,0,0.0,0.0,0.0,0.0,0.0,2,9,12708.023111657718
17º D.P. DOUTOR ALDO GALIANO,2026-03-02,0,0.0,0.0,0.0,0.0,0.0,3,10,12708.023111657718
17º D.P. DOUTOR ALDO GALIANO,2026-03-09,0,0.0,0.0,0.0,0.0,0.0,3,11,12708.023111657718
17º D.P. DOUTOR ALDO GALIANO,2026-03-16,0,0.0,0.0,0.0,0.0,0.0,3,12,12708.023111657718
17º D.P. DOUTOR ALDO GALIANO,2026-03-23,0,0.0,0.0,0.0,0.0,0.0,3,13,12708.023111657718
17º D.P. DOUTOR ALDO GALIANO,2026-03-30,0,0.0,0.0,0.0,0.0,0.0,3,14,12708.023111657718
17º D.P. DOUTOR ALDO GALIANO,2026-04-06,0,0.0,0.0,0.0,0.0,0.0,4,15,12708.023111657718
17º D.P. DOUTOR ALDO GALIANO,2026-04-13,1,0.0,0.0,0.0,0.0,0.0,4,16,12708.023111657718
17º D.P. DOUTOR ALDO GALIANO,2026-04-20,1,1.0,0.0,0.25,0.125,1.0,4,17,12708.023111657718
17º D.P. DOUTOR ALDO GALIANO,2026-04-27,0,1.0,1.0,0.5,0.25,0.0,4,18,12708.023111657718
17º D.P. DOUTOR ALDO GALIANO,2026-05-04,1,0.0,1.0,0.5,0.25,-1.0,5,19,12708.023111657718
17º D.P. DOUTOR ALDO GALIANO,2026-05-11,0,1.0,0.0,0.75,0.375,1.0,5,20,12708.023111657718
17º D.P. DOUTOR ALDO GALIANO,2026-05-18,0,0.0,1.0,0.5,0.375,-1.0,5,21,12708.023111657718
17º D.P. DOUTOR ALDO GALIANO,2026-05-25,0,0.0,0.0,0.25,0.375,0.0,5,22,12708.023111657718
18º D.P. ALTO DA MOOCA,2025-10-06,0,,,,,,10,41,12525.037807894401
18º D.P. ALTO DA MOOCA,2025-10-13,0,0.0,,0.0,0.0,,10,42,12525.037807894401
18º D.P. ALTO DA MOOCA,2025-10-20,0,0.0,0.0,0.0,0.0,0.0,10,43,12525.037807894401
18º D.P. ALTO DA MOOCA,2025-10-27,0,0.0,0.0,0.0,0.0,0.0,10,44,12525.037807894401
18º D.P. ALTO DA MOOCA,2025-11-03,0,0.0,0.0,0.0,0.0,0.0,11,45,12525.037807894401
18º D.P. ALTO DA MOOCA,2025-11-10,0,0.0,0.0,0.0,0.0,0.0,11,46,12525.037807894401
18º D.P. ALTO DA MOOCA,2025-11-17,0,0.0,0.0,0.0,0.0,0.0,11,47,12525.037807894401
18º D.P. ALTO DA MOOCA,2025-11-24,0,0.0,0.0,0.0,0.0,0.0,11,48,12525.037807894401
18º D.P. ALTO DA MOOCA,2025-12-01,0,0.0,0.0,0.0,0.0,0.0,12,49,12525.037807894401
18º D.P. ALTO DA MOOCA,2025-12-08,0,0.0,0.0,0.0,0.0,0.0,12,50,12525.037807894401
18º D.P. ALTO DA MOOCA,2025-12-15,0,0.0,0.0,0.0,0.0,0.0,12,51,12525.037807894401
18º D.P. ALTO DA MOOCA,2025-12-22,0,0.0,0.0,0.0,0.0,0.0,12,52,12525.037807894401
18º D.P. ALTO DA MOOCA,2025-12-29,0,0.0,0.0,0.0,0.0,0.0,12,1,12525.037807894401
18º D.P. ALTO DA MOOCA,2026-01-05,0,0.0,0.0,0.0,0.0,0.0,1,2,12525.037807894401
18º D.P. ALTO DA MOOCA,2026-01-12,0,0.0,0.0,0.0,0.0,0.0,1,3,12525.037807894401
18º D.P. ALTO DA MOOCA,2026-01-19,0,0.0,0.0,0.0,0.0,0.0,1,4,12525.037807894401
18º D.P. ALTO DA MOOCA,2026-01-26,0,0.0,0.0,0.0,0.0,0.0,1,5,12525.037807894401
18º D.P. ALTO DA MOOCA,2026-02-02,0,0.0,0.0,0.0,0.0,0.0,2,6,12525.037807894401
18º D.P. ALTO DA MOOCA,2026-02-09,0,0.0,0.0,0.0,0.0,0.0,2,7,12525.037807894401
18º D.P. ALTO DA MOOCA,2026-02-16,0,0.0,0.0,0.0,0.0,0.0,2,8,12525.037807894401
18º D.P. ALTO DA MOOCA,2026-02-23,0,0.0,0.0,0.0,0.0,0.0,2,9,12525.037807894401
18º D.P. ALTO DA MOOCA,2026-03-02,0,0.0,0.0,0.0,0.0,0.0,3,10,12525.037807894401
18º D.P. ALTO DA MOOCA,2026-03-09,0,0.0,0.0,0.0,0.0,0.0,3,11,12525.037807894401
18º D.P. ALTO DA MOOCA,2026-03-16,0,0.0,0.0,0.0,0.0,0.0,3,12,12525.037807894401
18º D.P. ALTO DA MOOCA,2026-03-23,0,0.0,0.0,0.0,0.0,0.0,3,13,12525.037807894401
18º D.P. ALTO DA MOOCA,2026-03-30,0,0.0,0.0,0.0,0.0,0.0,3,14,12525.037807894401
18º D.P. ALTO DA MOOCA,2026-04-06,0,0.0,0.0,0.0,0.0,0.0,4,15,12525.037807894401
18º D.P. ALTO DA MOOCA,2026-04-13,0,0.0,0.0,0.0,0.0,0.0,4,16,12525.037807894401
18º D.P. ALTO DA MOOCA,2026-04-20,0,0.0,0.0,0.0,0.0,0.0,4,17,12525.037807894401
18º D.P. ALTO DA MOOCA,2026-04-27,0,0.0,0.0,0.0,0.0,0.0,4,18,12525.037807894401
18º D.P. ALTO DA MOOCA,2026-05-04,1,0.0,0.0,0.0,0.0,0.0,5,19,12525.037807894401
18º D.P. ALTO DA MOOCA,2026-05-11,0,1.0,0.0,0.25,0.125,1.0,5,20,12525.037807894401
18º D.P. ALTO DA MOOCA,2026-05-18,0,0.0,1.0,0.25,0.125,-1.0,5,21,12525.037807894401
18º D.P. ALTO DA MOOCA,2026-05-25,0,0.0,0.0,0.25,0.125,0.0,5,22,12525.037807894401
19º D.P. VILA MARIA,2025-10-06,0,,,,,,10,41,0.0
19º D.P. VILA MARIA,2025-10-13,0,0.0,,0.0,0.0,,10,42,0.0
19º D.P. VILA MARIA,2025-10-20,0,0.0,0.0,0.0,0.0,0.0,10,43,0.0
19º D.P. VILA MARIA,2025-10-27,0,0.0,0.0,0.0,0.0,0.0,10,44,0.0
19º D.P. VILA MARIA,2025-11-03,0,0.0,0.0,0.0,0.0,0.0,11,45,0.0
19º D.P. VILA MARIA,2025-11-10,0,0.0,0.0,0.0,0.0,0.0,11,46,0.0
19º D.P. VILA MARIA,2025-11-17,0,0.0,0.0,0.0,0.0,0.0,11,47,0.0
19º D.P. VILA MARIA,2025-11-24,0,0.0,0.0,0.0,0.0,0.0,11,48,0.0
19º D.P. VILA MARIA,2025-12-01,0,0.0,0.0,0.0,0.0,0.0,12,49,0.0
19º D.P. VILA MARIA,2025-12-08,0,0.0,0.0,0.0,0.0,0.0,12,50,0.0
19º D.P. VILA MARIA,2025-12-15,0,0.0,0.0,0.0,0.0,0.0,12,51,0.0
19º D.P. VILA MARIA,2025-12-22,0,0.0,0.0,0.0,0.0,0.0,12,52,0.0
19º D.P. VILA MARIA,2025-12-29,0,0.0,0.0,0.0,0.0,0.0,12,1,0.0
19º D.P. VILA MARIA,2026-01-05,0,0.0,0.0,0.0,0.0,0.0,1,2,0.0
19º D.P. VILA MARIA,2026-01-12,0,0.0,0.0,0.0,0.0,0.0,1,3,0.0
19º D.P. VILA MARIA,2026-01-19,0,0.0,0.0,0.0,0.0,0.0,1,4,0.0
19º D.P. VILA MARIA,2026-01-26,0,0.0,0.0,0.0,0.0,0.0,1,5,0.0
19º D.P. VILA MARIA,2026-02-02,0,0.0,0.0,0.0,0.0,0.0,2,6,0.0
19º D.P. VILA MARIA,2026-02-09,0,0.0,0.0,0.0,0.0,0.0,2,7,0.0
19º D.P. VILA MARIA,2026-02-16,0,0.0,0.0,0.0,0.0,0.0,2,8,0.0
19º D.P. VILA MARIA,2026-02-23,0,0.0,0.0,0.0,0.0,0.0,2,9,0.0
19º D.P. VILA MARIA,2026-03-02,0,0.0,0.0,0.0,0.0,0.0,3,10,0.0
19º D.P. VILA MARIA,2026-03-09,0,0.0,0.0,0.0,0.0,0.0,3,11,0.0
19º D.P. VILA MARIA,2026-03-16,0,0.0,0.0,0.0,0.0,0.0,3,12,0.0
19º D.P. VILA MARIA,2026-03-23,0,0.0,0.0,0.0,0.0,0.0,3,13,0.0
19º D.P. VILA MARIA,2026-03-30,1,0.0,0.0,0.0,0.0,0.0,3,14,0.0
19º D.P. VILA MARIA,2026-04-06,0,1.0,0.0,0.25,0.125,1.0,4,15,0.0
19º D.P. VILA MARIA,2026-04-13,0,0.0,1.0,0.25,0.125,-1.0,4,16,0.0
19º D.P. VILA MARIA,2026-04-20,0,0.0,0.0,0.25,0.125,0.0,4,17,0.0
19º D.P. VILA MARIA,2026-04-27,0,0.0,0.0,0.25,0.125,0.0,4,18,0.0
19º D.P. VILA MARIA,2026-05-04,0,0.0,0.0,0.0,0.125,0.0,5,19,0.0
19º D.P. VILA MARIA,2026-05-11,0,0.0,0.0,0.0,0.125,0.0,5,20,0.0
19º D.P. VILA MARIA,2026-05-18,0,0.0,0.0,0.0,0.125,0.0,5,21,0.0
19º D.P. VILA MARIA,2026-05-25,0,0.0,0.0,0.0,0.125,0.0,5,22,0.0
20º D.P. AGUA FRIA,2025-10-06,0,,,,,,10,41,10831.068692553124
20º D.P. AGUA FRIA,2025-10-13,0,0.0,,0.0,0.0,,10,42,10831.068692553124
20º D.P. AGUA FRIA,2025-10-20,0,0.0,0.0,0.0,0.0,0.0,10,43,10831.068692553124
20º D.P. AGUA FRIA,2025-10-27,0,0.0,0.0,0.0,0.0,0.0,10,44,10831.068692553124
20º D.P. AGUA FRIA,2025-11-03,0,0.0,0.0,0.0,0.0,0.0,11,45,10831.068692553124
20º D.P. AGUA FRIA,2025-11-10,0,0.0,0.0,0.0,0.0,0.0,11,46,10831.068692553124
20º D.P. AGUA FRIA,2025-11-17,0,0.0,0.0,0.0,0.0,0.0,11,47,10831.068692553124
20º D.P. AGUA FRIA,2025-11-24,0,0.0,0.0,0.0,0.0,0.0,11,48,10831.068692553124
20º D.P. AGUA FRIA,2025-12-01,0,0.0,0.0,0.0,0.0,0.0,12,49,10831.068692553124
20º D.P. AGUA FRIA,2025-12-08,0,0.0,0.0,0.0,0.0,0.0,12,50,10831.068692553124
20º D.P. AGUA FRIA,2025-12-15,0,0.0,0.0,0.0,0.0,0.0,12,51,10831.068692553124
20º D.P. AGUA FRIA,2025-12-22,0,0.0,0.0,0.0,0.0,0.0,12,52,10831.068692553124
20º D.P. AGUA FRIA,2025-12-29,0,0.0,0.0,0.0,0.0,0.0,12,1,10831.068692553124
20º D.P. AGUA FRIA,2026-01-05,2,0.0,0.0,0.0,0.0,0.0,1,2,10831.068692553124
20º D.P. AGUA FRIA,2026-01-12,0,2.0,0.0,0.5,0.25,2.0,1,3,10831.068692553124
20º D.P. AGUA FRIA,2026-01-19,0,0.0,2.0,0.5,0.25,-2.0,1,4,10831.068692553124
20º D.P. AGUA FRIA,2026-01-26,0,0.0,0.0,0.5,0.25,0.0,1,5,10831.068692553124
20º D.P. AGUA FRIA,2026-02-02,0,0.0,0.0,0.5,0.25,0.0,2,6,10831.068692553124
20º D.P. AGUA FRIA,2026-02-09,0,0.0,0.0,0.0,0.25,0.0,2,7,10831.068692553124
20º D.P. AGUA FRIA,2026-02-16,0,0.0,0.0,0.0,0.25,0.0,2,8,10831.068692553124
20º D.P. AGUA FRIA,2026-02-23,0,0.0,0.0,0.0,0.25,0.0,2,9,10831.068692553124
20º D.P. AGUA FRIA,2026-03-02,0,0.0,0.0,0.0,0.25,0.0,3,10,10831.068692553124
20º D.P. AGUA FRIA,2026-03-09,0,0.0,0.0,0.0,0.0,0.0,3,11,10831.068692553124
20º D.P. AGUA FRIA,2026-03-16,0,0.0,0.0,0.0,0.0,0.0,3,12,10831.068692553124
20º D.P. AGUA FRIA,2026-03-23,1,0.0,0.0,0.0,0.0,0.0,3,13,10831.068692553124
20º D.P. AGUA FRIA,2026-03-30,0,1.0,0.0,0.25,0.125,1.0,3,14,10831.068692553124
20º D.P. AGUA FRIA,2026-04-06,0,0.0,1.0,0.25,0.125,-1.0,4,15,10831.068692553124
20º D.P. AGUA FRIA,2026-04-13,0,0.0,0.0,0.25,0.125,0.0,4,16,10831.068692553124
20º D.P. AGUA FRIA,2026-04-20,1,0.0,0.0,0.25,0.125,0.0,4,17,10831.068692553124
20º D.P. AGUA FRIA,2026-04-27,0,1.0,0.0,0.25,0.25,1.0,4,18,10831.068692553124
20º D.P. AGUA FRIA,2026-05-04,0,0.0,1.0,0.25,0.25,-1.0,5,19,10831.068692553124
20º D.P. AGUA FRIA,2026-05-11,0,0.0,0.0,0.25,0.25,0.0,5,20,10831.068692553124
20º D.P. AGUA FRIA,2026-05-18,0,0.0,0.0,0.25,0.25,0.0,5,21,10831.068692553124
20º D.P. AGUA FRIA,2026-05-25,0,0.0,0.0,0.0,0.125,0.0,5,22,10831.068692553124
21º D.P. VILA MATILDE,2025-10-06,0,,,,,,10,41,10971.238946137479
21º D.P. VILA MATILDE,2025-10-13,0,0.0,,0.0,0.0,,10,42,10971.238946137479
21º D.P. VILA MATILDE,2025-10-20,0,0.0,0.0,0.0,0.0,0.0,10,43,10971.238946137479
21º D.P. VILA MATILDE,2025-10-27,0,0.0,0.0,0.0,0.0,0.0,10,44,10971.238946137479
21º D.P. VILA MATILDE,2025-11-03,0,0.0,0.0,0.0,0.0,0.0,11,45,10971.238946137479
21º D.P. VILA MATILDE,2025-11-10,0,0.0,0.0,0.0,0.0,0.0,11,46,10971.238946137479
21º D.P. VILA MATILDE,2025-11-17,0,0.0,0.0,0.0,0.0,0.0,11,47,10971.238946137479
21º D.P. VILA MATILDE,2025-11-24,0,0.0,0.0,0.0,0.0,0.0,11,48,10971.238946137479
21º D.P. VILA MATILDE,2025-12-01,0,0.0,0.0,0.0,0.0,0.0,12,49,10971.238946137479
21º D.P. VILA MATILDE,2025-12-08,0,0.0,0.0,0.0,0.0,0.0,12,50,10971.238946137479
21º D.P. VILA MATILDE,2025-12-15,0,0.0,0.0,0.0,0.0,0.0,12,51,10971.238946137479
21º D.P. VILA MATILDE,2025-12-22,0,0.0,0.0,0.0,0.0,0.0,12,52,10971.238946137479
21º D.P. VILA MATILDE,2025-12-29,0,0.0,0.0,0.0,0.0,0.0,12,1,10971.238946137479
21º D.P. VILA MATILDE,2026-01-05,0,0.0,0.0,0.0,0.0,0.0,1,2,10971.238946137479
21º D.P. VILA MATILDE,2026-01-12,0,0.0,0.0,0.0,0.0,0.0,1,3,10971.238946137479
21º D.P. VILA MATILDE,2026-01-19,0,0.0,0.0,0.0,0.0,0.0,1,4,10971.238946137479
21º D.P. VILA MATILDE,2026-01-26,0,0.0,0.0,0.0,0.0,0.0,1,5,10971.238946137479
21º D.P. VILA MATILDE,2026-02-02,0,0.0,0.0,0.0,0.0,0.0,2,6,10971.238946137479
21º D.P. VILA MATILDE,2026-02-09,0,0.0,0.0,0.0,0.0,0.0,2,7,10971.238946137479
21º D.P. VILA MATILDE,2026-02-16,0,0.0,0.0,0.0,0.0,0.0,2,8,10971.238946137479
21º D.P. VILA MATILDE,2026-02-23,0,0.0,0.0,0.0,0.0,0.0,2,9,10971.238946137479
21º D.P. VILA MATILDE,2026-03-02,0,0.0,0.0,0.0,0.0,0.0,3,10,10971.238946137479
21º D.P. VILA MATILDE,2026-03-09,1,0.0,0.0,0.0,0.0,0.0,3,11,10971.238946137479
21º D.P. VILA MATILDE,2026-03-16,0,1.0,0.0,0.25,0.125,1.0,3,12,10971.238946137479
21º D.P. VILA MATILDE,2026-03-23,1,0.0,1.0,0.25,0.125,-1.0,3,13,10971.238946137479
21º D.P. VILA MATILDE,2026-03-30,1,1.0,0.0,0.5,0.25,1.0,3,14,10971.238946137479
21º D.P. VILA MATILDE,2026-04-06,0,1.0,1.0,0.75,0.375,0.0,4,15,10971.238946137479
21º D.P. VILA MATILDE,2026-04-13,0,0.0,1.0,0.5,0.375,-1.0,4,16,10971.238946137479
21º D.P. VILA MATILDE,2026-04-20,0,0.0,0.0,0.5,0.375,0.0,4,17,10971.238946137479
21º D.P. VILA MATILDE,2026-04-27,0,0.0,0.0,0.25,0.375,0.0,4,18,10971.238946137479
21º D.P. VILA MATILDE,2026-05-04,1,0.0,0.0,0.0,0.375,0.0,5,19,10971.238946137479
21º D.P. VILA MATILDE,2026-05-11,0,1.0,0.0,0.25,0.375,1.0,5,20,10971.238946137479
21º D.P. VILA MATILDE,2026-05-18,0,0.0,1.0,0.25,0.375,-1.0,5,21,10971.238946137479
21º D.P. VILA MATILDE,2026-05-25,0,0.0,0.0,0.25,0.25,0.0,5,22,10971.238946137479
22º D.P. SAO MIGUEL PTA,2025-10-06,0,,,,,,10,41,7994.289179355753
22º D.P. SAO MIGUEL PTA,2025-10-13,0,0.0,,0.0,0.0,,10,42,7994.289179355753
22º D.P. SAO MIGUEL PTA,2025-10-20,0,0.0,0.0,0.0,0.0,0.0,10,43,7994.289179355753
22º D.P. SAO MIGUEL PTA,2025-10-27,0,0.0,0.0,0.0,0.0,0.0,10,44,7994.289179355753
22º D.P. SAO MIGUEL PTA,2025-11-03,0,0.0,0.0,0.0,0.0,0.0,11,45,7994.289179355753
22º D.P. SAO MIGUEL PTA,2025-11-10,0,0.0,0.0,0.0,0.0,0.0,11,46,7994.289179355753
22º D.P. SAO MIGUEL PTA,2025-11-17,0,0.0,0.0,0.0,0.0,0.0,11,47,7994.289179355753
22º D.P. SAO MIGUEL PTA,2025-11-24,0,0.0,0.0,0.0,0.0,0.0,11,48,7994.289179355753
22º D.P. SAO MIGUEL PTA,2025-12-01,0,0.0,0.0,0.0,0.0,0.0,12,49,7994.289179355753
22º D.P. SAO MIGUEL PTA,2025-12-08,0,0.0,0.0,0.0,0.0,0.0,12,50,7994.289179355753
22º D.P. SAO MIGUEL PTA,2025-12-15,0,0.0,0.0,0.0,0.0,0.0,12,51,7994.289179355753
22º D.P. SAO MIGUEL PTA,2025-12-22,1,0.0,0.0,0.0,0.0,0.0,12,52,7994.289179355753
22º D.P. SAO MIGUEL PTA,2025-12-29,0,1.0,0.0,0.25,0.125,1.0,12,1,7994.289179355753
22º D.P. SAO MIGUEL PTA,2026-01-05,0,0.0,1.0,0.25,0.125,-1.0,1,2,7994.289179355753
22º D.P. SAO MIGUEL PTA,2026-01-12,0,0.0,0.0,0.25,0.125,0.0,1,3,7994.289179355753
22º D.P. SAO MIGUEL PTA,2026-01-19,0,0.0,0.0,0.25,0.125,0.0,1,4,7994.289179355753
22º D.P. SAO MIGUEL PTA,2026-01-26,1,0.0,0.0,0.0,0.125,0.0,1,5,7994.289179355753
22º D.P. SAO MIGUEL PTA,2026-02-02,1,1.0,0.0,0.25,0.25,1.0,2,6,7994.289179355753
22º D.P. SAO MIGUEL PTA,2026-02-09,0,1.0,1.0,0.5,0.375,0.0,2,7,7994.289179355753
22º D.P. SAO MIGUEL PTA,2026-02-16,0,0.0,1.0,0.5,0.375,-1.0,2,8,7994.289179355753
22º D.P. SAO MIGUEL PTA,2026-02-23,0,0.0,0.0,0.5,0.25,0.0,2,9,7994.289179355753
22º D.P. SAO MIGUEL PTA,2026-03-02,0,0.0,0.0,0.25,0.25,0.0,3,10,7994.289179355753
22º D.P. SAO MIGUEL PTA,2026-03-09,0,0.0,0.0,0.0,0.25,0.0,3,11,7994.289179355753
22º D.P. SAO MIGUEL PTA,2026-03-16,0,0.0,0.0,0.0,0.25,0.0,3,12,7994.289179355753
22º D.P. SAO MIGUEL PTA,2026-03-23,0,0.0,0.0,0.0,0.25,0.0,3,13,7994.289179355753
22º D.P. SAO MIGUEL PTA,2026-03-30,0,0.0,0.0,0.0,0.125,0.0,3,14,7994.289179355753
22º D.P. SAO MIGUEL PTA,2026-04-06,0,0.0,0.0,0.0,0.0,0.0,4,15,7994.289179355753
22º D.P. SAO MIGUEL PTA,2026-04-13,0,0.0,0.0,0.0,0.0,0.0,4,16,7994.289179355753
22º D.P. SAO MIGUEL PTA,2026-04-20,0,0.0,0.0,0.0,0.0,0.0,4,17,7994.289179355753
22º D.P. SAO MIGUEL PTA,2026-04-27,0,0.0,0.0,0.0,0.0,0.0,4,18,7994.289179355753
22º D.P. SAO MIGUEL PTA,2026-05-04,1,0.0,0.0,0.0,0.0,0.0,5,19,7994.289179355753
22º D.P. SAO MIGUEL PTA,2026-05-11,0,1.0,0.0,0.25,0.125,1.0,5,20,7994.289179355753
22º D.P. SAO MIGUEL PTA,2026-05-18,1,0.0,1.0,0.25,0.125,-1.0,5,21,7994.289179355753
22º D.P. SAO MIGUEL PTA,2026-05-25,0,1.0,0.0,0.5,0.25,1.0,5,22,7994.289179355753
23º D.P. PERDIZES,2025-10-06,0,,,,,,10,41,12369.433277971475
23º D.P. PERDIZES,2025-10-13,0,0.0,,0.0,0.0,,10,42,12369.433277971475
23º D.P. PERDIZES,2025-10-20,0,0.0,0.0,0.0,0.0,0.0,10,43,12369.433277971475
23º D.P. PERDIZES,2025-10-27,0,0.0,0.0,0.0,0.0,0.0,10,44,12369.433277971475
23º D.P. PERDIZES,2025-11-03,0,0.0,0.0,0.0,0.0,0.0,11,45,12369.433277971475
23º D.P. PERDIZES,2025-11-10,0,0.0,0.0,0.0,0.0,0.0,11,46,12369.433277971475
23º D.P. PERDIZES,2025-11-17,0,0.0,0.0,0.0,0.0,0.0,11,47,12369.433277971475
23º D.P. PERDIZES,2025-11-24,0,0.0,0.0,0.0,0.0,0.0,11,48,12369.433277971475
23º D.P. PERDIZES,2025-12-01,0,0.0,0.0,0.0,0.0,0.0,12,49,12369.433277971475
23º D.P. PERDIZES,2025-12-08,0,0.0,0.0,0.0,0.0,0.0,12,50,12369.433277971475
23º D.P. PERDIZES,2025-12-15,0,0.0,0.0,0.0,0.0,0.0,12,51,12369.433277971475
23º D.P. PERDIZES,2025-12-22,0,0.0,0.0,0.0,0.0,0.0,12,52,12369.433277971475
23º D.P. PERDIZES,2025-12-29,0,0.0,0.0,0.0,0.0,0.0,12,1,12369.433277971475
23º D.P. PERDIZES,2026-01-05,0,0.0,0.0,0.0,0.0,0.0,1,2,12369.433277971475
23º D.P. PERDIZES,2026-01-12,0,0.0,0.0,0.0,0.0,0.0,1,3,12369.433277971475
23º D.P. PERDIZES,2026-01-19,3,0.0,0.0,0.0,0.0,0.0,1,4,12369.433277971475
23º D.P. PERDIZES,2026-01-26,2,3.0,0.0,0.75,0.375,3.0,1,5,12369.433277971475
23º D.P. PERDIZES,2026-02-02,4,2.0,3.0,1.25,0.625,-1.0,2,6,12369.433277971475
23º D.P. PERDIZES,2026-02-09,0,4.0,2.0,2.25,1.125,2.0,2,7,12369.433277971475
23º D.P. PERDIZES,2026-02-16,1,0.0,4.0,2.25,1.125,-4.0,2,8,12369.433277971475
23º D.P. PERDIZES,2026-02-23,2,1.0,0.0,1.75,1.25,1.0,2,9,12369.433277971475
23º D.P. PERDIZES,2026-03-02,0,2.0,1.0,1.75,1.5,1.0,3,10,12369.433277971475
23º D.P. PERDIZES,2026-03-09,0,0.0,2.0,0.75,1.5,-2.0,3,11,12369.433277971475
23º D.P. PERDIZES,2026-03-16,0,0.0,0.0,0.75,1.5,0.0,3,12,12369.433277971475
23º D.P. PERDIZES,2026-03-23,0,0.0,0.0,0.5,1.125,0.0,3,13,12369.433277971475
23º D.P. PERDIZES,2026-03-30,0,0.0,0.0,0.0,0.875,0.0,3,14,12369.433277971475
23º D.P. PERDIZES,2026-04-06,0,0.0,0.0,0.0,0.375,0.0,4,15,12369.433277971475
23º D.P. PERDIZES,2026-04-13,0,0.0,0.0,0.0,0.375,0.0,4,16,12369.433277971475
23º D.P. PERDIZES,2026-04-20,0,0.0,0.0,0.0,0.25,0.0,4,17,12369.433277971475
23º D.P. PERDIZES,2026-04-27,0,0.0,0.0,0.0,0.0,0.0,4,18,12369.433277971475
23º D.P. PERDIZES,2026-05-04,0,0.0,0.0,0.0,0.0,0.0,5,19,12369.433277971475
23º D.P. PERDIZES,2026-05-11,0,0.0,0.0,0.0,0.0,0.0,5,20,12369.433277971475
23º D.P. PERDIZES,2026-05-18,0,0.0,0.0,0.0,0.0,0.0,5,21,12369.433277971475
23º D.P. PERDIZES,2026-05-25,0,0.0,0.0,0.0,0.0,0.0,5,22,12369.433277971475
24º D.P. PONTE RASA,2025-10-06,0,,,,,,10,41,10486.79096884506
24º D.P. PONTE RASA,2025-10-13,0,0.0,,0.0,0.0,,10,42,10486.79096884506
24º D.P. PONTE RASA,2025-10-20,0,0.0,0.0,0.0,0.0,0.0,10,43,10486.79096884506
24º D.P. PONTE RASA,2025-10-27,0,0.0,0.0,0.0,0.0,0.0,10,44,10486.79096884506
24º D.P. PONTE RASA,2025-11-03,0,0.0,0.0,0.0,0.0,0.0,11,45,10486.79096884506
24º D.P. PONTE RASA,2025-11-10,0,0.0,0.0,0.0,0.0,0.0,11,46,10486.79096884506
24º D.P. PONTE RASA,2025-11-17,0,0.0,0.0,0.0,0.0,0.0,11,47,10486.79096884506
24º D.P. PONTE RASA,2025-11-24,0,0.0,0.0,0.0,0.0,0.0,11,48,10486.79096884506
24º D.P. PONTE RASA,2025-12-01,0,0.0,0.0,0.0,0.0,0.0,12,49,10486.79096884506
24º D.P. PONTE RASA,2025-12-08,0,0.0,0.0,0.0,0.0,0.0,12,50,10486.79096884506
24º D.P. PONTE RASA,2025-12-15,0,0.0,0.0,0.0,0.0,0.0,12,51,10486.79096884506
24º D.P. PONTE RASA,2025-12-22,0,0.0,0.0,0.0,0.0,0.0,12,52,10486.79096884506
24º D.P. PONTE RASA,2025-12-29,0,0.0,0.0,0.0,0.0,0.0,12,1,10486.79096884506
24º D.P. PONTE RASA,2026-01-05,1,0.0,0.0,0.0,0.0,0.0,1,2,10486.79096884506
24º D.P. PONTE RASA,2026-01-12,0,1.0,0.0,0.25,0.125,1.0,1,3,10486.79096884506
24º D.P. PONTE RASA,2026-01-19,0,0.0,1.0,0.25,0.125,-1.0,1,4,10486.79096884506
24º D.P. PONTE RASA,2026-01-26,0,0.0,0.0,0.25,0.125,0.0,1,5,10486.79096884506
24º D.P. PONTE RASA,2026-02-02,0,0.0,0.0,0.25,0.125,0.0,2,6,10486.79096884506
24º D.P. PONTE RASA,2026-02-09,2,0.0,0.0,0.0,0.125,0.0,2,7,10486.79096884506
24º D.P. PONTE RASA,2026-02-16,0,2.0,0.0,0.5,0.375,2.0,2,8,10486.79096884506
24º D.P. PONTE RASA,2026-02-23,1,0.0,2.0,0.5,0.375,-2.0,2,9,10486.79096884506
24º D.P. PONTE RASA,2026-03-02,0,1.0,0.0,0.75,0.5,1.0,3,10,10486.79096884506
24º D.P. PONTE RASA,2026-03-09,0,0.0,1.0,0.75,0.375,-1.0,3,11,10486.79096884506
24º D.P. PONTE RASA,2026-03-16,0,0.0,0.0,0.25,0.375,0.0,3,12,10486.79096884506
24º D.P. PONTE RASA,2026-03-23,0,0.0,0.0,0.25,0.375,0.0,3,13,10486.79096884506
24º D.P. PONTE RASA,2026-03-30,0,0.0,0.0,0.0,0.375,0.0,3,14,10486.79096884506
24º D.P. PONTE RASA,2026-04-06,0,0.0,0.0,0.0,0.375,0.0,4,15,10486.79096884506
24º D.P. PONTE RASA,2026-04-13,0,0.0,0.0,0.0,0.125,0.0,4,16,10486.79096884506
24º D.P. PONTE RASA,2026-04-20,0,0.0,0.0,0.0,0.125,0.0,4,17,10486.79096884506
24º D.P. PONTE RASA,2026-04-27,0,0.0,0.0,0.0,0.0,0.0,4,18,10486.79096884506
24º D.P. PONTE RASA,2026-05-04,0,0.0,0.0,0.0,0.0,0.0,5,19,10486.79096884506
24º D.P. PONTE RASA,2026-05-11,1,0.0,0.0,0.0,0.0,0.0,5,20,10486.79096884506
24º D.P. PONTE RASA,2026-05-18,1,1.0,0.0,0.25,0.125,1.0,5,21,10486.79096884506
24º D.P. PONTE RASA,2026-05-25,0,1.0,1.0,0.5,0.25,0.0,5,22,10486.79096884506
25º D.P. PARELHEIROS,2025-10-06,0,,,,,,10,41,5251.257077771239
25º D.P. PARELHEIROS,2025-10-13,0,0.0,,0.0,0.0,,10,42,5251.257077771239
25º D.P. PARELHEIROS,2025-10-20,0,0.0,0.0,0.0,0.0,0.0,10,43,5251.257077771239
25º D.P. PARELHEIROS,2025-10-27,0,0.0,0.0,0.0,0.0,0.0,10,44,5251.257077771239
25º D.P. PARELHEIROS,2025-11-03,0,0.0,0.0,0.0,0.0,0.0,11,45,5251.257077771239
25º D.P. PARELHEIROS,2025-11-10,0,0.0,0.0,0.0,0.0,0.0,11,46,5251.257077771239
25º D.P. PARELHEIROS,2025-11-17,0,0.0,0.0,0.0,0.0,0.0,11,47,5251.257077771239
25º D.P. PARELHEIROS,2025-11-24,0,0.0,0.0,0.0,0.0,0.0,11,48,5251.257077771239
25º D.P. PARELHEIROS,2025-12-01,0,0.0,0.0,0.0,0.0,0.0,12,49,5251.257077771239
25º D.P. PARELHEIROS,2025-12-08,0,0.0,0.0,0.0,0.0,0.0,12,50,5251.257077771239
25º D.P. PARELHEIROS,2025-12-15,0,0.0,0.0,0.0,0.0,0.0,12,51,5251.257077771239
25º D.P. PARELHEIROS,2025-12-22,0,0.0,0.0,0.0,0.0,0.0,12,52,5251.257077771239
25º D.P. PARELHEIROS,2025-12-29,0,0.0,0.0,0.0,0.0,0.0,12,1,5251.257077771239
25º D.P. PARELHEIROS,2026-01-05,1,0.0,0.0,0.0,0.0,0.0,1,2,5251.257077771239
25º D.P. PARELHEIROS,2026-01-12,1,1.0,0.0,0.25,0.125,1.0,1,3,5251.257077771239
25º D.P. PARELHEIROS,2026-01-19,1,1.0,1.0,0.5,0.25,0.0,1,4,5251.257077771239
25º D.P. PARELHEIROS,2026-01-26,1,1.0,1.0,0.75,0.375,0.0,1,5,5251.257077771239
25º D.P. PARELHEIROS,2026-02-02,2,1.0,1.0,1.0,0.5,0.0,2,6,5251.257077771239
25º D.P. PARELHEIROS,2026-02-09,2,2.0,1.0,1.25,0.75,1.0,2,7,5251.257077771239
25º D.P. PARELHEIROS,2026-02-16,1,2.0,2.0,1.5,1.0,0.0,2,8,5251.257077771239
25º D.P. PARELHEIROS,2026-02-23,0,1.0,2.0,1.5,1.125,-1.0,2,9,5251.257077771239
25º D.P. PARELHEIROS,2026-03-02,0,0.0,1.0,1.25,1.125,-1.0,3,10,5251.257077771239
25º D.P. PARELHEIROS,2026-03-09,1,0.0,0.0,0.75,1.0,0.0,3,11,5251.257077771239
25º D.P. PARELHEIROS,2026-03-16,0,1.0,0.0,0.5,1.0,1.0,3,12,5251.257077771239
25º D.P. PARELHEIROS,2026-03-23,1,0.0,1.0,0.25,0.875,-1.0,3,13,5251.257077771239
25º D.P. PARELHEIROS,2026-03-30,0,1.0,0.0,0.5,0.875,1.0,3,14,5251.257077771239
25º D.P. PARELHEIROS,2026-04-06,0,0.0,1.0,0.5,0.625,-1.0,4,15,5251.257077771239
25º D.P. PARELHEIROS,2026-04-13,0,0.0,0.0,0.25,0.375,0.0,4,16,5251.257077771239
25º D.P. PARELHEIROS,2026-04-20,1,0.0,0.0,0.25,0.25,0.0,4,17,5251.257077771239
25º D.P. PARELHEIROS,2026-04-27,1,1.0,0.0,0.25,0.375,1.0,4,18,5251.257077771239
25º D.P. PARELHEIROS,2026-05-04,0,1.0,1.0,0.5,0.5,0.0,5,19,5251.257077771239
25º D.P. PARELHEIROS,2026-05-11,0,0.0,1.0,0.5,0.375,-1.0,5,20,5251.257077771239
25º D.P. PARELHEIROS,2026-05-18,0,0.0,0.0,0.5,0.375,0.0,5,21,5251.257077771239
25º D.P. PARELHEIROS,2026-05-25,0,0.0,0.0,0.25,0.25,0.0,5,22,5251.257077771239
26º D.P. SACOMA,2025-10-06,0,,,,,,10,41,12266.771891782124
26º D.P. SACOMA,2025-10-13,0,0.0,,0.0,0.0,,10,42,12266.771891782124
26º D.P. SACOMA,2025-10-20,0,0.0,0.0,0.0,0.0,0.0,10,43,12266.771891782124
26º D.P. SACOMA,2025-10-27,0,0.0,0.0,0.0,0.0,0.0,10,44,12266.771891782124
26º D.P. SACOMA,2025-11-03,0,0.0,0.0,0.0,0.0,0.0,11,45,12266.771891782124
26º D.P. SACOMA,2025-11-10,0,0.0,0.0,0.0,0.0,0.0,11,46,12266.771891782124
26º D.P. SACOMA,2025-11-17,0,0.0,0.0,0.0,0.0,0.0,11,47,12266.771891782124
26º D.P. SACOMA,2025-11-24,0,0.0,0.0,0.0,0.0,0.0,11,48,12266.771891782124
26º D.P. SACOMA,2025-12-01,0,0.0,0.0,0.0,0.0,0.0,12,49,12266.771891782124
26º D.P. SACOMA,2025-12-08,0,0.0,0.0,0.0,0.0,0.0,12,50,12266.771891782124
26º D.P. SACOMA,2025-12-15,0,0.0,0.0,0.0,0.0,0.0,12,51,12266.771891782124
26º D.P. SACOMA,2025-12-22,0,0.0,0.0,0.0,0.0,0.0,12,52,12266.771891782124
26º D.P. SACOMA,2025-12-29,0,0.0,0.0,0.0,0.0,0.0,12,1,12266.771891782124
26º D.P. SACOMA,2026-01-05,0,0.0,0.0,0.0,0.0,0.0,1,2,12266.771891782124
26º D.P. SACOMA,2026-01-12,0,0.0,0.0,0.0,0.0,0.0,1,3,12266.771891782124
26º D.P. SACOMA,2026-01-19,0,0.0,0.0,0.0,0.0,0.0,1,4,12266.771891782124
26º D.P. SACOMA,2026-01-26,0,0.0,0.0,0.0,0.0,0.0,1,5,12266.771891782124
26º D.P. SACOMA,2026-02-02,0,0.0,0.0,0.0,0.0,0.0,2,6,12266.771891782124
26º D.P. SACOMA,2026-02-09,0,0.0,0.0,0.0,0.0,0.0,2,7,12266.771891782124
26º D.P. SACOMA,2026-02-16,1,0.0,0.0,0.0,0.0,0.0,2,8,12266.771891782124
26º D.P. SACOMA,2026-02-23,0,1.0,0.0,0.25,0.125,1.0,2,9,12266.771891782124
26º D.P. SACOMA,2026-03-02,0,0.0,1.0,0.25,0.125,-1.0,3,10,12266.771891782124
26º D.P. SACOMA,2026-03-09,0,0.0,0.0,0.25,0.125,0.0,3,11,12266.771891782124
26º D.P. SACOMA,2026-03-16,0,0.0,0.0,0.25,0.125,0.0,3,12,12266.771891782124
26º D.P. SACOMA,2026-03-23,0,0.0,0.0,0.0,0.125,0.0,3,13,12266.771891782124
26º D.P. SACOMA,2026-03-30,0,0.0,0.0,0.0,0.125,0.0,3,14,12266.771891782124
26º D.P. SACOMA,2026-04-06,0,0.0,0.0,0.0,0.125,0.0,4,15,12266.771891782124
26º D.P. SACOMA,2026-04-13,0,0.0,0.0,0.0,0.125,0.0,4,16,12266.771891782124
26º D.P. SACOMA,2026-04-20,2,0.0,0.0,0.0,0.0,0.0,4,17,12266.771891782124
26º D.P. SACOMA,2026-04-27,0,2.0,0.0,0.5,0.25,2.0,4,18,12266.771891782124
26º D.P. SACOMA,2026-05-04,0,0.0,2.0,0.5,0.25,-2.0,5,19,12266.771891782124
26º D.P. SACOMA,2026-05-11,0,0.0,0.0,0.5,0.25,0.0,5,20,12266.771891782124
26º D.P. SACOMA,2026-05-18,0,0.0,0.0,0.5,0.25,0.0,5,21,12266.771891782124
26º D.P. SACOMA,2026-05-25,0,0.0,0.0,0.0,0.25,0.0,5,22,12266.771891782124
27º DP DR. IGNACIO FRANCISCO,2025-10-06,0,,,,,,10,41,12647.660231397289
27º DP DR. IGNACIO FRANCISCO,2025-10-13,0,0.0,,0.0,0.0,,10,42,12647.660231397289
27º DP DR. IGNACIO FRANCISCO,2025-10-20,0,0.0,0.0,0.0,0.0,0.0,10,43,12647.660231397289
27º DP DR. IGNACIO FRANCISCO,2025-10-27,0,0.0,0.0,0.0,0.0,0.0,10,44,12647.660231397289
27º DP DR. IGNACIO FRANCISCO,2025-11-03,0,0.0,0.0,0.0,0.0,0.0,11,45,12647.660231397289
27º DP DR. IGNACIO FRANCISCO,2025-11-10,0,0.0,0.0,0.0,0.0,0.0,11,46,12647.660231397289
27º DP DR. IGNACIO FRANCISCO,2025-11-17,0,0.0,0.0,0.0,0.0,0.0,11,47,12647.660231397289
27º DP DR. IGNACIO FRANCISCO,2025-11-24,0,0.0,0.0,0.0,0.0,0.0,11,48,12647.660231397289
27º DP DR. IGNACIO FRANCISCO,2025-12-01,0,0.0,0.0,0.0,0.0,0.0,12,49,12647.660231397289
27º DP DR. IGNACIO FRANCISCO,2025-12-08,0,0.0,0.0,0.0,0.0,0.0,12,50,12647.660231397289
27º DP DR. IGNACIO FRANCISCO,2025-12-15,0,0.0,0.0,0.0,0.0,0.0,12,51,12647.660231397289
27º DP DR. IGNACIO FRANCISCO,2025-12-22,0,0.0,0.0,0.0,0.0,0.0,12,52,12647.660231397289
27º DP DR. IGNACIO FRANCISCO,2025-12-29,0,0.0,0.0,0.0,0.0,0.0,12,1,12647.660231397289
27º DP DR. IGNACIO FRANCISCO,2026-01-05,0,0.0,0.0,0.0,0.0,0.0,1,2,12647.660231397289
27º DP DR. IGNACIO FRANCISCO,2026-01-12,0,0.0,0.0,0.0,0.0,0.0,1,3,12647.660231397289
27º DP DR. IGNACIO FRANCISCO,2026-01-19,0,0.0,0.0,0.0,0.0,0.0,1,4,12647.660231397289
27º DP DR. IGNACIO FRANCISCO,2026-01-26,0,0.0,0.0,0.0,0.0,0.0,1,5,12647.660231397289
27º DP DR. IGNACIO FRANCISCO,2026-02-02,1,0.0,0.0,0.0,0.0,0.0,2,6,12647.660231397289
27º DP DR. IGNACIO FRANCISCO,2026-02-09,0,1.0,0.0,0.25,0.125,1.0,2,7,12647.660231397289
27º DP DR. IGNACIO FRANCISCO,2026-02-16,0,0.0,1.0,0.25,0.125,-1.0,2,8,12647.660231397289
27º DP DR. IGNACIO FRANCISCO,2026-02-23,0,0.0,0.0,0.25,0.125,0.0,2,9,12647.660231397289
27º DP DR. IGNACIO FRANCISCO,2026-03-02,0,0.0,0.0,0.25,0.125,0.0,3,10,12647.660231397289
27º DP DR. IGNACIO FRANCISCO,2026-03-09,0,0.0,0.0,0.0,0.125,0.0,3,11,12647.660231397289
27º DP DR. IGNACIO FRANCISCO,2026-03-16,1,0.0,0.0,0.0,0.125,0.0,3,12,12647.660231397289
27º DP DR. IGNACIO FRANCISCO,2026-03-23,0,1.0,0.0,0.25,0.25,1.0,3,13,12647.660231397289
27º DP DR. IGNACIO FRANCISCO,2026-03-30,0,0.0,1.0,0.25,0.25,-1.0,3,14,12647.660231397289
27º DP DR. IGNACIO FRANCISCO,2026-04-06,0,0.0,0.0,0.25,0.125,0.0,4,15,12647.660231397289
27º DP DR. IGNACIO FRANCISCO,2026-04-13,0,0.0,0.0,0.25,0.125,0.0,4,16,12647.660231397289
27º DP DR. IGNACIO FRANCISCO,2026-04-20,0,0.0,0.0,0.0,0.125,0.0,4,17,12647.660231397289
27º DP DR. IGNACIO FRANCISCO,2026-04-27,0,0.0,0.0,0.0,0.125,0.0,4,18,12647.660231397289
27º DP DR. IGNACIO FRANCISCO,2026-05-04,0,0.0,0.0,0.0,0.125,0.0,5,19,12647.660231397289
27º DP DR. IGNACIO FRANCISCO,2026-05-11,0,0.0,0.0,0.0,0.125,0.0,5,20,12647.660231397289
27º DP DR. IGNACIO FRANCISCO,2026-05-18,0,0.0,0.0,0.0,0.0,0.0,5,21,12647.660231397289
27º DP DR. IGNACIO FRANCISCO,2026-05-25,0,0.0,0.0,0.0,0.0,0.0,5,22,12647.660231397289
27º DP DR. IGNÁCIO FRANCISCO,2025-10-06,0,,,,,,10,41,10780.896545153273
27º DP DR. IGNÁCIO FRANCISCO,2025-10-13,0,0.0,,0.0,0.0,,10,42,10780.896545153273
27º DP DR. IGNÁCIO FRANCISCO,2025-10-20,0,0.0,0.0,0.0,0.0,0.0,10,43,10780.896545153273
27º DP DR. IGNÁCIO FRANCISCO,2025-10-27,0,0.0,0.0,0.0,0.0,0.0,10,44,10780.896545153273
27º DP DR. IGNÁCIO FRANCISCO,2025-11-03,0,0.0,0.0,0.0,0.0,0.0,11,45,10780.896545153273
27º DP DR. IGNÁCIO FRANCISCO,2025-11-10,0,0.0,0.0,0.0,0.0,0.0,11,46,10780.896545153273
27º DP DR. IGNÁCIO FRANCISCO,2025-11-17,0,0.0,0.0,0.0,0.0,0.0,11,47,10780.896545153273
27º DP DR. IGNÁCIO FRANCISCO,2025-11-24,0,0.0,0.0,0.0,0.0,0.0,11,48,10780.896545153273
27º DP DR. IGNÁCIO FRANCISCO,2025-12-01,0,0.0,0.0,0.0,0.0,0.0,12,49,10780.896545153273
27º DP DR. IGNÁCIO FRANCISCO,2025-12-08,0,0.0,0.0,0.0,0.0,0.0,12,50,10780.896545153273
27º DP DR. IGNÁCIO FRANCISCO,2025-12-15,0,0.0,0.0,0.0,0.0,0.0,12,51,10780.896545153273
27º DP DR. IGNÁCIO FRANCISCO,2025-12-22,0,0.0,0.0,0.0,0.0,0.0,12,52,10780.896545153273
27º DP DR. IGNÁCIO FRANCISCO,2025-12-29,0,0.0,0.0,0.0,0.0,0.0,12,1,10780.896545153273
27º DP DR. IGNÁCIO FRANCISCO,2026-01-05,0,0.0,0.0,0.0,0.0,0.0,1,2,10780.896545153273
27º DP DR. IGNÁCIO FRANCISCO,2026-01-12,0,0.0,0.0,0.0,0.0,0.0,1,3,10780.896545153273
27º DP DR. IGNÁCIO FRANCISCO,2026-01-19,0,0.0,0.0,0.0,0.0,0.0,1,4,10780.896545153273
27º DP DR. IGNÁCIO FRANCISCO,2026-01-26,0,0.0,0.0,0.0,0.0,0.0,1,5,10780.896545153273
27º DP DR. IGNÁCIO FRANCISCO,2026-02-02,0,0.0,0.0,0.0,0.0,0.0,2,6,10780.896545153273
27º DP DR. IGNÁCIO FRANCISCO,2026-02-09,0,0.0,0.0,0.0,0.0,0.0,2,7,10780.896545153273
27º DP DR. IGNÁCIO FRANCISCO,2026-02-16,0,0.0,0.0,0.0,0.0,0.0,2,8,10780.896545153273
27º DP DR. IGNÁCIO FRANCISCO,2026-02-23,0,0.0,0.0,0.0,0.0,0.0,2,9,10780.896545153273
27º DP DR. IGNÁCIO FRANCISCO,2026-03-02,0,0.0,0.0,0.0,0.0,0.0,3,10,10780.896545153273
27º DP DR. IGNÁCIO FRANCISCO,2026-03-09,0,0.0,0.0,0.0,0.0,0.0,3,11,10780.896545153273
27º DP DR. IGNÁCIO FRANCISCO,2026-03-16,0,0.0,0.0,0.0,0.0,0.0,3,12,10780.896545153273
27º DP DR. IGNÁCIO FRANCISCO,2026-03-23,0,0.0,0.0,0.0,0.0,0.0,3,13,10780.896545153273
27º DP DR. IGNÁCIO FRANCISCO,2026-03-30,0,0.0,0.0,0.0,0.0,0.0,3,14,10780.896545153273
27º DP DR. IGNÁCIO FRANCISCO,2026-04-06,0,0.0,0.0,0.0,0.0,0.0,4,15,10780.896545153273
27º DP DR. IGNÁCIO FRANCISCO,2026-04-13,0,0.0,0.0,0.0,0.0,0.0,4,16,10780.896545153273
27º DP DR. IGNÁCIO FRANCISCO,2026-04-20,2,0.0,0.0,0.0,0.0,0.0,4,17,10780.896545153273
27º DP DR. IGNÁCIO FRANCISCO,2026-04-27,0,2.0,0.0,0.5,0.25,2.0,4,18,10780.896545153273
27º DP DR. IGNÁCIO FRANCISCO,2026-05-04,0,0.0,2.0,0.5,0.25,-2.0,5,19,10780.896545153273
27º DP DR. IGNÁCIO FRANCISCO,2026-05-11,0,0.0,0.0,0.5,0.25,0.0,5,20,10780.896545153273
27º DP DR. IGNÁCIO FRANCISCO,2026-05-18,0,0.0,0.0,0.5,0.25,0.0,5,21,10780.896545153273
27º DP DR. IGNÁCIO FRANCISCO,2026-05-25,0,0.0,0.0,0.0,0.25,0.0,5,22,10780.896545153273
28º D.P. FREGUESIA DO O,2025-10-06,0,,,,,,10,41,11472.646654852537
28º D.P. FREGUESIA DO O,2025-10-13,0,0.0,,0.0,0.0,,10,42,11472.646654852537
28º D.P. FREGUESIA DO O,2025-10-20,0,0.0,0.0,0.0,0.0,0.0,10,43,11472.646654852537
28º D.P. FREGUESIA DO O,2025-10-27,0,0.0,0.0,0.0,0.0,0.0,10,44,11472.646654852537
28º D.P. FREGUESIA DO O,2025-11-03,0,0.0,0.0,0.0,0.0,0.0,11,45,11472.646654852537
28º D.P. FREGUESIA DO O,2025-11-10,0,0.0,0.0,0.0,0.0,0.0,11,46,11472.646654852537
28º D.P. FREGUESIA DO O,2025-11-17,0,0.0,0.0,0.0,0.0,0.0,11,47,11472.646654852537
28º D.P. FREGUESIA DO O,2025-11-24,0,0.0,0.0,0.0,0.0,0.0,11,48,11472.646654852537
28º D.P. FREGUESIA DO O,2025-12-01,0,0.0,0.0,0.0,0.0,0.0,12,49,11472.646654852537
28º D.P. FREGUESIA DO O,2025-12-08,0,0.0,0.0,0.0,0.0,0.0,12,50,11472.646654852537
28º D.P. FREGUESIA DO O,2025-12-15,0,0.0,0.0,0.0,0.0,0.0,12,51,11472.646654852537
28º D.P. FREGUESIA DO O,2025-12-22,0,0.0,0.0,0.0,0.0,0.0,12,52,11472.646654852537
28º D.P. FREGUESIA DO O,2025-12-29,0,0.0,0.0,0.0,0.0,0.0,12,1,11472.646654852537
28º D.P. FREGUESIA DO O,2026-01-05,0,0.0,0.0,0.0,0.0,0.0,1,2,11472.646654852537
28º D.P. FREGUESIA DO O,2026-01-12,0,0.0,0.0,0.0,0.0,0.0,1,3,11472.646654852537
28º D.P. FREGUESIA DO O,2026-01-19,0,0.0,0.0,0.0,0.0,0.0,1,4,11472.646654852537
28º D.P. FREGUESIA DO O,2026-01-26,0,0.0,0.0,0.0,0.0,0.0,1,5,11472.646654852537
28º D.P. FREGUESIA DO O,2026-02-02,0,0.0,0.0,0.0,0.0,0.0,2,6,11472.646654852537
28º D.P. FREGUESIA DO O,2026-02-09,0,0.0,0.0,0.0,0.0,0.0,2,7,11472.646654852537
28º D.P. FREGUESIA DO O,2026-02-16,0,0.0,0.0,0.0,0.0,0.0,2,8,11472.646654852537
28º D.P. FREGUESIA DO O,2026-02-23,1,0.0,0.0,0.0,0.0,0.0,2,9,11472.646654852537
28º D.P. FREGUESIA DO O,2026-03-02,0,1.0,0.0,0.25,0.125,1.0,3,10,11472.646654852537
28º D.P. FREGUESIA DO O,2026-03-09,0,0.0,1.0,0.25,0.125,-1.0,3,11,11472.646654852537
28º D.P. FREGUESIA DO O,2026-03-16,0,0.0,0.0,0.25,0.125,0.0,3,12,11472.646654852537
28º D.P. FREGUESIA DO O,2026-03-23,0,0.0,0.0,0.25,0.125,0.0,3,13,11472.646654852537
28º D.P. FREGUESIA DO O,2026-03-30,1,0.0,0.0,0.0,0.125,0.0,3,14,11472.646654852537
28º D.P. FREGUESIA DO O,2026-04-06,0,1.0,0.0,0.25,0.25,1.0,4,15,11472.646654852537
28º D.P. FREGUESIA DO O,2026-04-13,1,0.0,1.0,0.25,0.25,-1.0,4,16,11472.646654852537
28º D.P. FREGUESIA DO O,2026-04-20,1,1.0,0.0,0.5,0.375,1.0,4,17,11472.646654852537
28º D.P. FREGUESIA DO O,2026-04-27,0,1.0,1.0,0.75,0.375,0.0,4,18,11472.646654852537
28º D.P. FREGUESIA DO O,2026-05-04,1,0.0,1.0,0.5,0.375,-1.0,5,19,11472.646654852537
28º D.P. FREGUESIA DO O,2026-05-11,1,1.0,0.0,0.75,0.5,1.0,5,20,11472.646654852537
28º D.P. FREGUESIA DO O,2026-05-18,0,1.0,1.0,0.75,0.625,0.0,5,21,11472.646654852537
28º D.P. FREGUESIA DO O,2026-05-25,0,0.0,1.0,0.5,0.625,-1.0,5,22,11472.646654852537
29º D.P. VILA PRUDENTE,2025-10-06,0,,,,,,10,41,11867.435665001038
29º D.P. VILA PRUDENTE,2025-10-13,0,0.0,,0.0,0.0,,10,42,11867.435665001038
29º D.P. VILA PRUDENTE,2025-10-20,0,0.0,0.0,0.0,0.0,0.0,10,43,11867.435665001038
29º D.P. VILA PRUDENTE,2025-10-27,0,0.0,0.0,0.0,0.0,0.0,10,44,11867.435665001038
29º D.P. VILA PRUDENTE,2025-11-03,0,0.0,0.0,0.0,0.0,0.0,11,45,11867.435665001038
29º D.P. VILA PRUDENTE,2025-11-10,0,0.0,0.0,0.0,0.0,0.0,11,46,11867.435665001038
29º D.P. VILA PRUDENTE,2025-11-17,0,0.0,0.0,0.0,0.0,0.0,11,47,11867.435665001038
29º D.P. VILA PRUDENTE,2025-11-24,0,0.0,0.0,0.0,0.0,0.0,11,48,11867.435665001038
29º D.P. VILA PRUDENTE,2025-12-01,0,0.0,0.0,0.0,0.0,0.0,12,49,11867.435665001038
29º D.P. VILA PRUDENTE,2025-12-08,0,0.0,0.0,0.0,0.0,0.0,12,50,11867.435665001038
29º D.P. VILA PRUDENTE,2025-12-15,0,0.0,0.0,0.0,0.0,0.0,12,51,11867.435665001038
29º D.P. VILA PRUDENTE,2025-12-22,0,0.0,0.0,0.0,0.0,0.0,12,52,11867.435665001038
29º D.P. VILA PRUDENTE,2025-12-29,0,0.0,0.0,0.0,0.0,0.0,12,1,11867.435665001038
29º D.P. VILA PRUDENTE,2026-01-05,0,0.0,0.0,0.0,0.0,0.0,1,2,11867.435665001038
29º D.P. VILA PRUDENTE,2026-01-12,0,0.0,0.0,0.0,0.0,0.0,1,3,11867.435665001038
29º D.P. VILA PRUDENTE,2026-01-19,0,0.0,0.0,0.0,0.0,0.0,1,4,11867.435665001038
29º D.P. VILA PRUDENTE,2026-01-26,0,0.0,0.0,0.0,0.0,0.0,1,5,11867.435665001038
29º D.P. VILA PRUDENTE,2026-02-02,0,0.0,0.0,0.0,0.0,0.0,2,6,11867.435665001038
29º D.P. VILA PRUDENTE,2026-02-09,0,0.0,0.0,0.0,0.0,0.0,2,7,11867.435665001038
29º D.P. VILA PRUDENTE,2026-02-16,1,0.0,0.0,0.0,0.0,0.0,2,8,11867.435665001038
29º D.P. VILA PRUDENTE,2026-02-23,0,1.0,0.0,0.25,0.125,1.0,2,9,11867.435665001038
29º D.P. VILA PRUDENTE,2026-03-02,0,0.0,1.0,0.25,0.125,-1.0,3,10,11867.435665001038
29º D.P. VILA PRUDENTE,2026-03-09,0,0.0,0.0,0.25,0.125,0.0,3,11,11867.435665001038
29º D.P. VILA PRUDENTE,2026-03-16,0,0.0,0.0,0.25,0.125,0.0,3,12,11867.435665001038
29º D.P. VILA PRUDENTE,2026-03-23,0,0.0,0.0,0.0,0.125,0.0,3,13,11867.435665001038
29º D.P. VILA PRUDENTE,2026-03-30,0,0.0,0.0,0.0,0.125,0.0,3,14,11867.435665001038
29º D.P. VILA PRUDENTE,2026-04-06,0,0.0,0.0,0.0,0.125,0.0,4,15,11867.435665001038
29º D.P. VILA PRUDENTE,2026-04-13,0,0.0,0.0,0.0,0.125,0.0,4,16,11867.435665001038
29º D.P. VILA PRUDENTE,2026-04-20,0,0.0,0.0,0.0,0.0,0.0,4,17,11867.435665001038
29º D.P. VILA PRUDENTE,2026-04-27,0,0.0,0.0,0.0,0.0,0.0,4,18,11867.435665001038
29º D.P. VILA PRUDENTE,2026-05-04,0,0.0,0.0,0.0,0.0,0.0,5,19,11867.435665001038
29º D.P. VILA PRUDENTE,2026-05-11,0,0.0,0.0,0.0,0.0,0.0,5,20,11867.435665001038
29º D.P. VILA PRUDENTE,2026-05-18,0,0.0,0.0,0.0,0.0,0.0,5,21,11867.435665001038
29º D.P. VILA PRUDENTE,2026-05-25,0,0.0,0.0,0.0,0.0,0.0,5,22,11867.435665001038
30º D.P. TATUAPE,2025-10-06,0,,,,,,10,41,12311.246060372501
30º D.P. TATUAPE,2025-10-13,0,0.0,,0.0,0.0,,10,42,12311.246060372501
30º D.P. TATUAPE,2025-10-20,0,0.0,0.0,0.0,0.0,0.0,10,43,12311.246060372501
30º D.P. TATUAPE,2025-10-27,0,0.0,0.0,0.0,0.0,0.0,10,44,12311.246060372501
30º D.P. TATUAPE,2025-11-03,0,0.0,0.0,0.0,0.0,0.0,11,45,12311.246060372501
30º D.P. TATUAPE,2025-11-10,0,0.0,0.0,0.0,0.0,0.0,11,46,12311.246060372501
30º D.P. TATUAPE,2025-11-17,0,0.0,0.0,0.0,0.0,0.0,11,47,12311.246060372501
30º D.P. TATUAPE,2025-11-24,0,0.0,0.0,0.0,0.0,0.0,11,48,12311.246060372501
30º D.P. TATUAPE,2025-12-01,0,0.0,0.0,0.0,0.0,0.0,12,49,12311.246060372501
30º D.P. TATUAPE,2025-12-08,0,0.0,0.0,0.0,0.0,0.0,12,50,12311.246060372501
30º D.P. TATUAPE,2025-12-15,0,0.0,0.0,0.0,0.0,0.0,12,51,12311.246060372501
30º D.P. TATUAPE,2025-12-22,0,0.0,0.0,0.0,0.0,0.0,12,52,12311.246060372501
30º D.P. TATUAPE,2025-12-29,0,0.0,0.0,0.0,0.0,0.0,12,1,12311.246060372501
30º D.P. TATUAPE,2026-01-05,0,0.0,0.0,0.0,0.0,0.0,1,2,12311.246060372501
30º D.P. TATUAPE,2026-01-12,0,0.0,0.0,0.0,0.0,0.0,1,3,12311.246060372501
30º D.P. TATUAPE,2026-01-19,0,0.0,0.0,0.0,0.0,0.0,1,4,12311.246060372501
30º D.P. TATUAPE,2026-01-26,0,0.0,0.0,0.0,0.0,0.0,1,5,12311.246060372501
30º D.P. TATUAPE,2026-02-02,0,0.0,0.0,0.0,0.0,0.0,2,6,12311.246060372501
30º D.P. TATUAPE,2026-02-09,0,0.0,0.0,0.0,0.0,0.0,2,7,12311.246060372501
30º D.P. TATUAPE,2026-02-16,0,0.0,0.0,0.0,0.0,0.0,2,8,12311.246060372501
30º D.P. TATUAPE,2026-02-23,0,0.0,0.0,0.0,0.0,0.0,2,9,12311.246060372501
30º D.P. TATUAPE,2026-03-02,0,0.0,0.0,0.0,0.0,0.0,3,10,12311.246060372501
30º D.P. TATUAPE,2026-03-09,0,0.0,0.0,0.0,0.0,0.0,3,11,12311.246060372501
30º D.P. TATUAPE,2026-03-16,0,0.0,0.0,0.0,0.0,0.0,3,12,12311.246060372501
30º D.P. TATUAPE,2026-03-23,0,0.0,0.0,0.0,0.0,0.0,3,13,12311.246060372501
30º D.P. TATUAPE,2026-03-30,0,0.0,0.0,0.0,0.0,0.0,3,14,12311.246060372501
30º D.P. TATUAPE,2026-04-06,1,0.0,0.0,0.0,0.0,0.0,4,15,12311.246060372501
30º D.P. TATUAPE,2026-04-13,0,1.0,0.0,0.25,0.125,1.0,4,16,12311.246060372501
30º D.P. TATUAPE,2026-04-20,0,0.0,1.0,0.25,0.125,-1.0,4,17,12311.246060372501
30º D.P. TATUAPE,2026-04-27,0,0.0,0.0,0.25,0.125,0.0,4,18,12311.246060372501
30º D.P. TATUAPE,2026-05-04,0,0.0,0.0,0.25,0.125,0.0,5,19,12311.246060372501
30º D.P. TATUAPE,2026-05-11,0,0.0,0.0,0.0,0.125,0.0,5,20,12311.246060372501
30º D.P. TATUAPE,2026-05-18,0,0.0,0.0,0.0,0.125,0.0,5,21,12311.246060372501
30º D.P. TATUAPE,2026-05-25,0,0.0,0.0,0.0,0.125,0.0,5,22,12311.246060372501
32º D.P. ITAQUERA,2025-10-06,0,,,,,,10,41,0.0
32º D.P. ITAQUERA,2025-10-13,0,0.0,,0.0,0.0,,10,42,0.0
32º D.P. ITAQUERA,2025-10-20,0,0.0,0.0,0.0,0.0,0.0,10,43,0.0
32º D.P. ITAQUERA,2025-10-27,0,0.0,0.0,0.0,0.0,0.0,10,44,0.0
32º D.P. ITAQUERA,2025-11-03,0,0.0,0.0,0.0,0.0,0.0,11,45,0.0
32º D.P. ITAQUERA,2025-11-10,0,0.0,0.0,0.0,0.0,0.0,11,46,0.0
32º D.P. ITAQUERA,2025-11-17,0,0.0,0.0,0.0,0.0,0.0,11,47,0.0
32º D.P. ITAQUERA,2025-11-24,0,0.0,0.0,0.0,0.0,0.0,11,48,0.0
32º D.P. ITAQUERA,2025-12-01,0,0.0,0.0,0.0,0.0,0.0,12,49,0.0
32º D.P. ITAQUERA,2025-12-08,0,0.0,0.0,0.0,0.0,0.0,12,50,0.0
32º D.P. ITAQUERA,2025-12-15,0,0.0,0.0,0.0,0.0,0.0,12,51,0.0
32º D.P. ITAQUERA,2025-12-22,0,0.0,0.0,0.0,0.0,0.0,12,52,0.0
32º D.P. ITAQUERA,2025-12-29,0,0.0,0.0,0.0,0.0,0.0,12,1,0.0
32º D.P. ITAQUERA,2026-01-05,0,0.0,0.0,0.0,0.0,0.0,1,2,0.0
32º D.P. ITAQUERA,2026-01-12,0,0.0,0.0,0.0,0.0,0.0,1,3,0.0
32º D.P. ITAQUERA,2026-01-19,0,0.0,0.0,0.0,0.0,0.0,1,4,0.0
32º D.P. ITAQUERA,2026-01-26,0,0.0,0.0,0.0,0.0,0.0,1,5,0.0
32º D.P. ITAQUERA,2026-02-02,0,0.0,0.0,0.0,0.0,0.0,2,6,0.0
32º D.P. ITAQUERA,2026-02-09,0,0.0,0.0,0.0,0.0,0.0,2,7,0.0
32º D.P. ITAQUERA,2026-02-16,0,0.0,0.0,0.0,0.0,0.0,2,8,0.0
32º D.P. ITAQUERA,2026-02-23,0,0.0,0.0,0.0,0.0,0.0,2,9,0.0
32º D.P. ITAQUERA,2026-03-02,0,0.0,0.0,0.0,0.0,0.0,3,10,0.0
32º D.P. ITAQUERA,2026-03-09,0,0.0,0.0,0.0,0.0,0.0,3,11,0.0
32º D.P. ITAQUERA,2026-03-16,1,0.0,0.0,0.0,0.0,0.0,3,12,0.0
32º D.P. ITAQUERA,2026-03-23,0,1.0,0.0,0.25,0.125,1.0,3,13,0.0
32º D.P. ITAQUERA,2026-03-30,0,0.0,1.0,0.25,0.125,-1.0,3,14,0.0
32º D.P. ITAQUERA,2026-04-06,0,0.0,0.0,0.25,0.125,0.0,4,15,0.0
32º D.P. ITAQUERA,2026-04-13,0,0.0,0.0,0.25,0.125,0.0,4,16,0.0
32º D.P. ITAQUERA,2026-04-20,0,0.0,0.0,0.0,0.125,0.0,4,17,0.0
32º D.P. ITAQUERA,2026-04-27,0,0.0,0.0,0.0,0.125,0.0,4,18,0.0
32º D.P. ITAQUERA,2026-05-04,0,0.0,0.0,0.0,0.125,0.0,5,19,0.0
32º D.P. ITAQUERA,2026-05-11,1,0.0,0.0,0.0,0.125,0.0,5,20,0.0
32º D.P. ITAQUERA,2026-05-18,0,1.0,0.0,0.25,0.125,1.0,5,21,0.0
32º D.P. ITAQUERA,2026-05-25,0,0.0,1.0,0.25,0.125,-1.0,5,22,0.0
33º D.P. PIRITUBA,2025-10-06,0,,,,,,10,41,0.0
33º D.P. PIRITUBA,2025-10-13,0,0.0,,0.0,0.0,,10,42,0.0
33º D.P. PIRITUBA,2025-10-20,0,0.0,0.0,0.0,0.0,0.0,10,43,0.0
33º D.P. PIRITUBA,2025-10-27,0,0.0,0.0,0.0,0.0,0.0,10,44,0.0
33º D.P. PIRITUBA,2025-11-03,0,0.0,0.0,0.0,0.0,0.0,11,45,0.0
33º D.P. PIRITUBA,2025-11-10,0,0.0,0.0,0.0,0.0,0.0,11,46,0.0
33º D.P. PIRITUBA,2025-11-17,0,0.0,0.0,0.0,0.0,0.0,11,47,0.0
33º D.P. PIRITUBA,2025-11-24,0,0.0,0.0,0.0,0.0,0.0,11,48,0.0
33º D.P. PIRITUBA,2025-12-01,0,0.0,0.0,0.0,0.0,0.0,12,49,0.0
33º D.P. PIRITUBA,2025-12-08,0,0.0,0.0,0.0,0.0,0.0,12,50,0.0
33º D.P. PIRITUBA,2025-12-15,0,0.0,0.0,0.0,0.0,0.0,12,51,0.0
33º D.P. PIRITUBA,2025-12-22,0,0.0,0.0,0.0,0.0,0.0,12,52,0.0
33º D.P. PIRITUBA,2025-12-29,0,0.0,0.0,0.0,0.0,0.0,12,1,0.0
33º D.P. PIRITUBA,2026-01-05,0,0.0,0.0,0.0,0.0,0.0,1,2,0.0
33º D.P. PIRITUBA,2026-01-12,0,0.0,0.0,0.0,0.0,0.0,1,3,0.0
33º D.P. PIRITUBA,2026-01-19,0,0.0,0.0,0.0,0.0,0.0,1,4,0.0
33º D.P. PIRITUBA,2026-01-26,0,0.0,0.0,0.0,0.0,0.0,1,5,0.0
33º D.P. PIRITUBA,2026-02-02,0,0.0,0.0,0.0,0.0,0.0,2,6,0.0
33º D.P. PIRITUBA,2026-02-09,0,0.0,0.0,0.0,0.0,0.0,2,7,0.0
33º D.P. PIRITUBA,2026-02-16,0,0.0,0.0,0.0,0.0,0.0,2,8,0.0
33º D.P. PIRITUBA,2026-02-23,1,0.0,0.0,0.0,0.0,0.0,2,9,0.0
33º D.P. PIRITUBA,2026-03-02,2,1.0,0.0,0.25,0.125,1.0,3,10,0.0
33º D.P. PIRITUBA,2026-03-09,0,2.0,1.0,0.75,0.375,1.0,3,11,0.0
33º D.P. PIRITUBA,2026-03-16,0,0.0,2.0,0.75,0.375,-2.0,3,12,0.0
33º D.P. PIRITUBA,2026-03-23,0,0.0,0.0,0.75,0.375,0.0,3,13,0.0
33º D.P. PIRITUBA,2026-03-30,0,0.0,0.0,0.5,0.375,0.0,3,14,0.0
33º D.P. PIRITUBA,2026-04-06,0,0.0,0.0,0.0,0.375,0.0,4,15,0.0
33º D.P. PIRITUBA,2026-04-13,0,0.0,0.0,0.0,0.375,0.0,4,16,0.0
33º D.P. PIRITUBA,2026-04-20,0,0.0,0.0,0.0,0.375,0.0,4,17,0.0
33º D.P. PIRITUBA,2026-04-27,0,0.0,0.0,0.0,0.25,0.0,4,18,0.0
33º D.P. PIRITUBA,2026-05-04,0,0.0,0.0,0.0,0.0,0.0,5,19,0.0
33º D.P. PIRITUBA,2026-05-11,0,0.0,0.0,0.0,0.0,0.0,5,20,0.0
33º D.P. PIRITUBA,2026-05-18,0,0.0,0.0,0.0,0.0,0.0,5,21,0.0
33º D.P. PIRITUBA,2026-05-25,0,0.0,0.0,0.0,0.0,0.0,5,22,0.0
34º D.P. MORUMBI,2025-10-06,0,,,,,,10,41,0.0
34º D.P. MORUMBI,2025-10-13,0,0.0,,0.0,0.0,,10,42,0.0
34º D.P. MORUMBI,2025-10-20,0,0.0,0.0,0.0,0.0,0.0,10,43,0.0
34º D.P. MORUMBI,2025-10-27,0,0.0,0.0,0.0,0.0,0.0,10,44,0.0
34º D.P. MORUMBI,2025-11-03,0,0.0,0.0,0.0,0.0,0.0,11,45,0.0
34º D.P. MORUMBI,2025-11-10,0,0.0,0.0,0.0,0.0,0.0,11,46,0.0
34º D.P. MORUMBI,2025-11-17,0,0.0,0.0,0.0,0.0,0.0,11,47,0.0
34º D.P. MORUMBI,2025-11-24,0,0.0,0.0,0.0,0.0,0.0,11,48,0.0
34º D.P. MORUMBI,2025-12-01,0,0.0,0.0,0.0,0.0,0.0,12,49,0.0
34º D.P. MORUMBI,2025-12-08,0,0.0,0.0,0.0,0.0,0.0,12,50,0.0
34º D.P. MORUMBI,2025-12-15,0,0.0,0.0,0.0,0.0,0.0,12,51,0.0
34º D.P. MORUMBI,2025-12-22,0,0.0,0.0,0.0,0.0,0.0,12,52,0.0
34º D.P. MORUMBI,2025-12-29,0,0.0,0.0,0.0,0.0,0.0,12,1,0.0
34º D.P. MORUMBI,2026-01-05,0,0.0,0.0,0.0,0.0,0.0,1,2,0.0
34º D.P. MORUMBI,2026-01-12,0,0.0,0.0,0.0,0.0,0.0,1,3,0.0
34º D.P. MORUMBI,2026-01-19,0,0.0,0.0,0.0,0.0,0.0,1,4,0.0
34º D.P. MORUMBI,2026-01-26,0,0.0,0.0,0.0,0.0,0.0,1,5,0.0
34º D.P. MORUMBI,2026-02-02,0,0.0,0.0,0.0,0.0,0.0,2,6,0.0
34º D.P. MORUMBI,2026-02-09,0,0.0,0.0,0.0,0.0,0.0,2,7,0.0
34º D.P. MORUMBI,2026-02-16,0,0.0,0.0,0.0,0.0,0.0,2,8,0.0
34º D.P. MORUMBI,2026-02-23,0,0.0,0.0,0.0,0.0,0.0,2,9,0.0
34º D.P. MORUMBI,2026-03-02,0,0.0,0.0,0.0,0.0,0.0,3,10,0.0
34º D.P. MORUMBI,2026-03-09,0,0.0,0.0,0.0,0.0,0.0,3,11,0.0
34º D.P. MORUMBI,2026-03-16,0,0.0,0.0,0.0,0.0,0.0,3,12,0.0
34º D.P. MORUMBI,2026-03-23,1,0.0,0.0,0.0,0.0,0.0,3,13,0.0
34º D.P. MORUMBI,2026-03-30,0,1.0,0.0,0.25,0.125,1.0,3,14,0.0
34º D.P. MORUMBI,2026-04-06,0,0.0,1.0,0.25,0.125,-1.0,4,15,0.0
34º D.P. MORUMBI,2026-04-13,0,0.0,0.0,0.25,0.125,0.0,4,16,0.0
34º D.P. MORUMBI,2026-04-20,0,0.0,0.0,0.25,0.125,0.0,4,17,0.0
34º D.P. MORUMBI,2026-04-27,0,0.0,0.0,0.0,0.125,0.0,4,18,0.0
34º D.P. MORUMBI,2026-05-04,0,0.0,0.0,0.0,0.125,0.0,5,19,0.0
34º D.P. MORUMBI,2026-05-11,0,0.0,0.0,0.0,0.125,0.0,5,20,0.0
34º D.P. MORUMBI,2026-05-18,0,0.0,0.0,0.0,0.125,0.0,5,21,0.0
34º D.P. MORUMBI,2026-05-25,0,0.0,0.0,0.0,0.0,0.0,5,22,0.0
35º D.P. JABAQUARA,2025-10-06,0,,,,,,10,41,12170.149676308833
35º D.P. JABAQUARA,2025-10-13,0,0.0,,0.0,0.0,,10,42,12170.149676308833
35º D.P. JABAQUARA,2025-10-20,0,0.0,0.0,0.0,0.0,0.0,10,43,12170.149676308833
35º D.P. JABAQUARA,2025-10-27,0,0.0,0.0,0.0,0.0,0.0,10,44,12170.149676308833
35º D.P. JABAQUARA,2025-11-03,0,0.0,0.0,0.0,0.0,0.0,11,45,12170.149676308833
35º D.P. JABAQUARA,2025-11-10,0,0.0,0.0,0.0,0.0,0.0,11,46,12170.149676308833
35º D.P. JABAQUARA,2025-11-17,0,0.0,0.0,0.0,0.0,0.0,11,47,12170.149676308833
35º D.P. JABAQUARA,2025-11-24,0,0.0,0.0,0.0,0.0,0.0,11,48,12170.149676308833
35º D.P. JABAQUARA,2025-12-01,0,0.0,0.0,0.0,0.0,0.0,12,49,12170.149676308833
35º D.P. JABAQUARA,2025-12-08,0,0.0,0.0,0.0,0.0,0.0,12,50,12170.149676308833
35º D.P. JABAQUARA,2025-12-15,0,0.0,0.0,0.0,0.0,0.0,12,51,12170.149676308833
35º D.P. JABAQUARA,2025-12-22,0,0.0,0.0,0.0,0.0,0.0,12,52,12170.149676308833
35º D.P. JABAQUARA,2025-12-29,0,0.0,0.0,0.0,0.0,0.0,12,1,12170.149676308833
35º D.P. JABAQUARA,2026-01-05,0,0.0,0.0,0.0,0.0,0.0,1,2,12170.149676308833
35º D.P. JABAQUARA,2026-01-12,0,0.0,0.0,0.0,0.0,0.0,1,3,12170.149676308833
35º D.P. JABAQUARA,2026-01-19,0,0.0,0.0,0.0,0.0,0.0,1,4,12170.149676308833
35º D.P. JABAQUARA,2026-01-26,1,0.0,0.0,0.0,0.0,0.0,1,5,12170.149676308833
35º D.P. JABAQUARA,2026-02-02,0,1.0,0.0,0.25,0.125,1.0,2,6,12170.149676308833
35º D.P. JABAQUARA,2026-02-09,0,0.0,1.0,0.25,0.125,-1.0,2,7,12170.149676308833
35º D.P. JABAQUARA,2026-02-16,0,0.0,0.0,0.25,0.125,0.0,2,8,12170.149676308833
35º D.P. JABAQUARA,2026-02-23,0,0.0,0.0,0.25,0.125,0.0,2,9,12170.149676308833
35º D.P. JABAQUARA,2026-03-02,2,0.0,0.0,0.0,0.125,0.0,3,10,12170.149676308833
35º D.P. JABAQUARA,2026-03-09,0,2.0,0.0,0.5,0.375,2.0,3,11,12170.149676308833
35º D.P. JABAQUARA,2026-03-16,1,0.0,2.0,0.5,0.375,-2.0,3,12,12170.149676308833
35º D.P. JABAQUARA,2026-03-23,0,1.0,0.0,0.75,0.5,1.0,3,13,12170.149676308833
35º D.P. JABAQUARA,2026-03-30,0,0.0,1.0,0.75,0.375,-1.0,3,14,12170.149676308833
35º D.P. JABAQUARA,2026-04-06,1,0.0,0.0,0.25,0.375,0.0,4,15,12170.149676308833
35º D.P. JABAQUARA,2026-04-13,1,1.0,0.0,0.5,0.5,1.0,4,16,12170.149676308833
35º D.P. JABAQUARA,2026-04-20,0,1.0,1.0,0.5,0.625,0.0,4,17,12170.149676308833
35º D.P. JABAQUARA,2026-04-27,1,0.0,1.0,0.5,0.625,-1.0,4,18,12170.149676308833
35º D.P. JABAQUARA,2026-05-04,0,1.0,0.0,0.75,0.5,1.0,5,19,12170.149676308833
35º D.P. JABAQUARA,2026-05-11,1,0.0,1.0,0.5,0.5,-1.0,5,20,12170.149676308833
35º D.P. JABAQUARA,2026-05-18,0,1.0,0.0,0.5,0.5,1.0,5,21,12170.149676308833
35º D.P. JABAQUARA,2026-05-25,0,0.0,1.0,0.5,0.5,-1.0,5,22,12170.149676308833
36º D.P. VILA MARIANA,2025-10-06,0,,,,,,10,41,12899.88292891189
36º D.P. VILA MARIANA,2025-10-13,0,0.0,,0.0,0.0,,10,42,12899.88292891189
36º D.P. VILA MARIANA,2025-10-20,0,0.0,0.0,0.0,0.0,0.0,10,43,12899.88292891189
36º D.P. VILA MARIANA,2025-10-27,0,0.0,0.0,0.0,0.0,0.0,10,44,12899.88292891189
36º D.P. VILA MARIANA,2025-11-03,0,0.0,0.0,0.0,0.0,0.0,11,45,12899.88292891189
36º D.P. VILA MARIANA,2025-11-10,0,0.0,0.0,0.0,0.0,0.0,11,46,12899.88292891189
36º D.P. VILA MARIANA,2025-11-17,0,0.0,0.0,0.0,0.0,0.0,11,47,12899.88292891189
36º D.P. VILA MARIANA,2025-11-24,0,0.0,0.0,0.0,0.0,0.0,11,48,12899.88292891189
36º D.P. VILA MARIANA,2025-12-01,0,0.0,0.0,0.0,0.0,0.0,12,49,12899.88292891189
36º D.P. VILA MARIANA,2025-12-08,0,0.0,0.0,0.0,0.0,0.0,12,50,12899.88292891189
36º D.P. VILA MARIANA,2025-12-15,0,0.0,0.0,0.0,0.0,0.0,12,51,12899.88292891189
36º D.P. VILA MARIANA,2025-12-22,0,0.0,0.0,0.0,0.0,0.0,12,52,12899.88292891189
36º D.P. VILA MARIANA,2025-12-29,0,0.0,0.0,0.0,0.0,0.0,12,1,12899.88292891189
36º D.P. VILA MARIANA,2026-01-05,0,0.0,0.0,0.0,0.0,0.0,1,2,12899.88292891189
36º D.P. VILA MARIANA,2026-01-12,0,0.0,0.0,0.0,0.0,0.0,1,3,12899.88292891189
36º D.P. VILA MARIANA,2026-01-19,0,0.0,0.0,0.0,0.0,0.0,1,4,12899.88292891189
36º D.P. VILA MARIANA,2026-01-26,0,0.0,0.0,0.0,0.0,0.0,1,5,12899.88292891189
36º D.P. VILA MARIANA,2026-02-02,0,0.0,0.0,0.0,0.0,0.0,2,6,12899.88292891189
36º D.P. VILA MARIANA,2026-02-09,0,0.0,0.0,0.0,0.0,0.0,2,7,12899.88292891189
36º D.P. VILA MARIANA,2026-02-16,1,0.0,0.0,0.0,0.0,0.0,2,8,12899.88292891189
36º D.P. VILA MARIANA,2026-02-23,0,1.0,0.0,0.25,0.125,1.0,2,9,12899.88292891189
36º D.P. VILA MARIANA,2026-03-02,0,0.0,1.0,0.25,0.125,-1.0,3,10,12899.88292891189
36º D.P. VILA MARIANA,2026-03-09,0,0.0,0.0,0.25,0.125,0.0,3,11,12899.88292891189
36º D.P. VILA MARIANA,2026-03-16,1,0.0,0.0,0.25,0.125,0.0,3,12,12899.88292891189
36º D.P. VILA MARIANA,2026-03-23,1,1.0,0.0,0.25,0.25,1.0,3,13,12899.88292891189
36º D.P. VILA MARIANA,2026-03-30,0,1.0,1.0,0.5,0.375,0.0,3,14,12899.88292891189
36º D.P. VILA MARIANA,2026-04-06,0,0.0,1.0,0.5,0.375,-1.0,4,15,12899.88292891189
36º D.P. VILA MARIANA,2026-04-13,0,0.0,0.0,0.5,0.375,0.0,4,16,12899.88292891189
36º D.P. VILA MARIANA,2026-04-20,0,0.0,0.0,0.25,0.25,0.0,4,17,12899.88292891189
36º D.P. VILA MARIANA,2026-04-27,1,0.0,0.0,0.0,0.25,0.0,4,18,12899.88292891189
36º D.P. VILA MARIANA,2026-05-04,0,1.0,0.0,0.25,0.375,1.0,5,19,12899.88292891189
36º D.P. VILA MARIANA,2026-05-11,0,0.0,1.0,0.25,0.375,-1.0,5,20,12899.88292891189
36º D.P. VILA MARIANA,2026-05-18,0,0.0,0.0,0.25,0.25,0.0,5,21,12899.88292891189
36º D.P. VILA MARIANA,2026-05-25,0,0.0,0.0,0.25,0.125,0.0,5,22,12899.88292891189
37º D.P. CAMPO LIMPO,2025-10-06,0,,,,,,10,41,11062.600500032537
37º D.P. CAMPO LIMPO,2025-10-13,0,0.0,,0.0,0.0,,10,42,11062.600500032537
37º D.P. CAMPO LIMPO,2025-10-20,0,0.0,0.0,0.0,0.0,0.0,10,43,11062.600500032537
37º D.P. CAMPO LIMPO,2025-10-27,0,0.0,0.0,0.0,0.0,0.0,10,44,11062.600500032537
37º D.P. CAMPO LIMPO,2025-11-03,0,0.0,0.0,0.0,0.0,0.0,11,45,11062.600500032537
37º D.P. CAMPO LIMPO,2025-11-10,0,0.0,0.0,0.0,0.0,0.0,11,46,11062.600500032537
37º D.P. CAMPO LIMPO,2025-11-17,0,0.0,0.0,0.0,0.0,0.0,11,47,11062.600500032537
37º D.P. CAMPO LIMPO,2025-11-24,0,0.0,0.0,0.0,0.0,0.0,11,48,11062.600500032537
37º D.P. CAMPO LIMPO,2025-12-01,0,0.0,0.0,0.0,0.0,0.0,12,49,11062.600500032537
37º D.P. CAMPO LIMPO,2025-12-08,0,0.0,0.0,0.0,0.0,0.0,12,50,11062.600500032537
37º D.P. CAMPO LIMPO,2025-12-15,0,0.0,0.0,0.0,0.0,0.0,12,51,11062.600500032537
37º D.P. CAMPO LIMPO,2025-12-22,0,0.0,0.0,0.0,0.0,0.0,12,52,11062.600500032537
37º D.P. CAMPO LIMPO,2025-12-29,0,0.0,0.0,0.0,0.0,0.0,12,1,11062.600500032537
37º D.P. CAMPO LIMPO,2026-01-05,0,0.0,0.0,0.0,0.0,0.0,1,2,11062.600500032537
37º D.P. CAMPO LIMPO,2026-01-12,0,0.0,0.0,0.0,0.0,0.0,1,3,11062.600500032537
37º D.P. CAMPO LIMPO,2026-01-19,0,0.0,0.0,0.0,0.0,0.0,1,4,11062.600500032537
37º D.P. CAMPO LIMPO,2026-01-26,0,0.0,0.0,0.0,0.0,0.0,1,5,11062.600500032537
37º D.P. CAMPO LIMPO,2026-02-02,0,0.0,0.0,0.0,0.0,0.0,2,6,11062.600500032537
37º D.P. CAMPO LIMPO,2026-02-09,0,0.0,0.0,0.0,0.0,0.0,2,7,11062.600500032537
37º D.P. CAMPO LIMPO,2026-02-16,1,0.0,0.0,0.0,0.0,0.0,2,8,11062.600500032537
37º D.P. CAMPO LIMPO,2026-02-23,6,1.0,0.0,0.25,0.125,1.0,2,9,11062.600500032537
37º D.P. CAMPO LIMPO,2026-03-02,3,6.0,1.0,1.75,0.875,5.0,3,10,11062.600500032537
37º D.P. CAMPO LIMPO,2026-03-09,0,3.0,6.0,2.5,1.25,-3.0,3,11,11062.600500032537
37º D.P. CAMPO LIMPO,2026-03-16,2,0.0,3.0,2.5,1.25,-3.0,3,12,11062.600500032537
37º D.P. CAMPO LIMPO,2026-03-23,0,2.0,0.0,2.75,1.5,2.0,3,13,11062.600500032537
37º D.P. CAMPO LIMPO,2026-03-30,0,0.0,2.0,1.25,1.5,-2.0,3,14,11062.600500032537
37º D.P. CAMPO LIMPO,2026-04-06,2,0.0,0.0,0.5,1.5,0.0,4,15,11062.600500032537
37º D.P. CAMPO LIMPO,2026-04-13,0,2.0,0.0,1.0,1.75,2.0,4,16,11062.600500032537
37º D.P. CAMPO LIMPO,2026-04-20,0,0.0,2.0,0.5,1.625,-2.0,4,17,11062.600500032537
37º D.P. CAMPO LIMPO,2026-04-27,0,0.0,0.0,0.5,0.875,0.0,4,18,11062.600500032537
37º D.P. CAMPO LIMPO,2026-05-04,1,0.0,0.0,0.5,0.5,0.0,5,19,11062.600500032537
37º D.P. CAMPO LIMPO,2026-05-11,0,1.0,0.0,0.25,0.625,1.0,5,20,11062.600500032537
37º D.P. CAMPO LIMPO,2026-05-18,0,0.0,1.0,0.25,0.375,-1.0,5,21,11062.600500032537
37º D.P. CAMPO LIMPO,2026-05-25,0,0.0,0.0,0.25,0.375,0.0,5,22,11062.600500032537
38º D.P. VILA AMALIA,2025-10-06,0,,,,,,10,41,10998.9929181246
38º D.P. VILA AMALIA,2025-10-13,0,0.0,,0.0,0.0,,10,42,10998.9929181246
38º D.P. VILA AMALIA,2025-10-20,0,0.0,0.0,0.0,0.0,0.0,10,43,10998.9929181246
38º D.P. VILA AMALIA,2025-10-27,0,0.0,0.0,0.0,0.0,0.0,10,44,10998.9929181246
38º D.P. VILA AMALIA,2025-11-03,0,0.0,0.0,0.0,0.0,0.0,11,45,10998.9929181246
38º D.P. VILA AMALIA,2025-11-10,0,0.0,0.0,0.0,0.0,0.0,11,46,10998.9929181246
38º D.P. VILA AMALIA,2025-11-17,0,0.0,0.0,0.0,0.0,0.0,11,47,10998.9929181246
38º D.P. VILA AMALIA,2025-11-24,0,0.0,0.0,0.0,0.0,0.0,11,48,10998.9929181246
38º D.P. VILA AMALIA,2025-12-01,0,0.0,0.0,0.0,0.0,0.0,12,49,10998.9929181246
38º D.P. VILA AMALIA,2025-12-08,0,0.0,0.0,0.0,0.0,0.0,12,50,10998.9929181246
38º D.P. VILA AMALIA,2025-12-15,0,0.0,0.0,0.0,0.0,0.0,12,51,10998.9929181246
38º D.P. VILA AMALIA,2025-12-22,0,0.0,0.0,0.0,0.0,0.0,12,52,10998.9929181246
38º D.P. VILA AMALIA,2025-12-29,1,0.0,0.0,0.0,0.0,0.0,12,1,10998.9929181246
38º D.P. VILA AMALIA,2026-01-05,0,1.0,0.0,0.25,0.125,1.0,1,2,10998.9929181246
38º D.P. VILA AMALIA,2026-01-12,0,0.0,1.0,0.25,0.125,-1.0,1,3,10998.9929181246
38º D.P. VILA AMALIA,2026-01-19,0,0.0,0.0,0.25,0.125,0.0,1,4,10998.9929181246
38º D.P. VILA AMALIA,2026-01-26,0,0.0,0.0,0.25,0.125,0.0,1,5,10998.9929181246
38º D.P. VILA AMALIA,2026-02-02,0,0.0,0.0,0.0,0.125,0.0,2,6,10998.9929181246
38º D.P. VILA AMALIA,2026-02-09,1,0.0,0.0,0.0,0.125,0.0,2,7,10998.9929181246
38º D.P. VILA AMALIA,2026-02-16,0,1.0,0.0,0.25,0.25,1.0,2,8,10998.9929181246
38º D.P. VILA AMALIA,2026-02-23,1,0.0,1.0,0.25,0.25,-1.0,2,9,10998.9929181246
38º D.P. VILA AMALIA,2026-03-02,0,1.0,0.0,0.5,0.25,1.0,3,10,10998.9929181246
38º D.P. VILA AMALIA,2026-03-09,0,0.0,1.0,0.5,0.25,-1.0,3,11,10998.9929181246
38º D.P. VILA AMALIA,2026-03-16,0,0.0,0.0,0.25,0.25,0.0,3,12,10998.9929181246
38º D.P. VILA AMALIA,2026-03-23,1,0.0,0.0,0.25,0.25,0.0,3,13,10998.9929181246
38º D.P. VILA AMALIA,2026-03-30,0,1.0,0.0,0.25,0.375,1.0,3,14,10998.9929181246
38º D.P. VILA AMALIA,2026-04-06,0,0.0,1.0,0.25,0.375,-1.0,4,15,10998.9929181246
38º D.P. VILA AMALIA,2026-04-13,0,0.0,0.0,0.25,0.25,0.0,4,16,10998.9929181246
38º D.P. VILA AMALIA,2026-04-20,3,0.0,0.0,0.25,0.25,0.0,4,17,10998.9929181246
38º D.P. VILA AMALIA,2026-04-27,0,3.0,0.0,0.75,0.5,3.0,4,18,10998.9929181246
38º D.P. VILA AMALIA,2026-05-04,0,0.0,3.0,0.75,0.5,-3.0,5,19,10998.9929181246
38º D.P. VILA AMALIA,2026-05-11,0,0.0,0.0,0.75,0.5,0.0,5,20,10998.9929181246
38º D.P. VILA AMALIA,2026-05-18,1,0.0,0.0,0.75,0.5,0.0,5,21,10998.9929181246
38º D.P. VILA AMALIA,2026-05-25,0,1.0,0.0,0.25,0.5,1.0,5,22,10998.9929181246
39º D.P. VILA GUSTAVO,2025-10-06,0,,,,,,10,41,11371.096368601
39º D.P. VILA GUSTAVO,2025-10-13,0,0.0,,0.0,0.0,,10,42,11371.096368601
39º D.P. VILA GUSTAVO,2025-10-20,0,0.0,0.0,0.0,0.0,0.0,10,43,11371.096368601
39º D.P. VILA GUSTAVO,2025-10-27,0,0.0,0.0,0.0,0.0,0.0,10,44,11371.096368601
39º D.P. VILA GUSTAVO,2025-11-03,0,0.0,0.0,0.0,0.0,0.0,11,45,11371.096368601
39º D.P. VILA GUSTAVO,2025-11-10,0,0.0,0.0,0.0,0.0,0.0,11,46,11371.096368601
39º D.P. VILA GUSTAVO,2025-11-17,0,0.0,0.0,0.0,0.0,0.0,11,47,11371.096368601
39º D.P. VILA GUSTAVO,2025-11-24,0,0.0,0.0,0.0,0.0,0.0,11,48,11371.096368601
39º D.P. VILA GUSTAVO,2025-12-01,0,0.0,0.0,0.0,0.0,0.0,12,49,11371.096368601
39º D.P. VILA GUSTAVO,2025-12-08,0,0.0,0.0,0.0,0.0,0.0,12,50,11371.096368601
39º D.P. VILA GUSTAVO,2025-12-15,0,0.0,0.0,0.0,0.0,0.0,12,51,11371.096368601
39º D.P. VILA GUSTAVO,2025-12-22,0,0.0,0.0,0.0,0.0,0.0,12,52,11371.096368601
39º D.P. VILA GUSTAVO,2025-12-29,2,0.0,0.0,0.0,0.0,0.0,12,1,11371.096368601
39º D.P. VILA GUSTAVO,2026-01-05,0,2.0,0.0,0.5,0.25,2.0,1,2,11371.096368601
39º D.P. VILA GUSTAVO,2026-01-12,0,0.0,2.0,0.5,0.25,-2.0,1,3,11371.096368601
39º D.P. VILA GUSTAVO,2026-01-19,0,0.0,0.0,0.5,0.25,0.0,1,4,11371.096368601
39º D.P. VILA GUSTAVO,2026-01-26,0,0.0,0.0,0.5,0.25,0.0,1,5,11371.096368601
39º D.P. VILA GUSTAVO,2026-02-02,0,0.0,0.0,0.0,0.25,0.0,2,6,11371.096368601
39º D.P. VILA GUSTAVO,2026-02-09,1,0.0,0.0,0.0,0.25,0.0,2,7,11371.096368601
39º D.P. VILA GUSTAVO,2026-02-16,1,1.0,0.0,0.25,0.375,1.0,2,8,11371.096368601
39º D.P. VILA GUSTAVO,2026-02-23,1,1.0,1.0,0.5,0.5,0.0,2,9,11371.096368601
39º D.P. VILA GUSTAVO,2026-03-02,1,1.0,1.0,0.75,0.375,0.0,3,10,11371.096368601
39º D.P. VILA GUSTAVO,2026-03-09,0,1.0,1.0,1.0,0.5,0.0,3,11,11371.096368601
39º D.P. VILA GUSTAVO,2026-03-16,0,0.0,1.0,0.75,0.5,-1.0,3,12,11371.096368601
39º D.P. VILA GUSTAVO,2026-03-23,0,0.0,0.0,0.5,0.5,0.0,3,13,11371.096368601
39º D.P. VILA GUSTAVO,2026-03-30,0,0.0,0.0,0.25,0.5,0.0,3,14,11371.096368601
39º D.P. VILA GUSTAVO,2026-04-06,0,0.0,0.0,0.0,0.5,0.0,4,15,11371.096368601
39º D.P. VILA GUSTAVO,2026-04-13,0,0.0,0.0,0.0,0.375,0.0,4,16,11371.096368601
39º D.P. VILA GUSTAVO,2026-04-20,0,0.0,0.0,0.0,0.25,0.0,4,17,11371.096368601
39º D.P. VILA GUSTAVO,2026-04-27,0,0.0,0.0,0.0,0.125,0.0,4,18,11371.096368601
39º D.P. VILA GUSTAVO,2026-05-04,0,0.0,0.0,0.0,0.0,0.0,5,19,11371.096368601
39º D.P. VILA GUSTAVO,2026-05-11,0,0.0,0.0,0.0,0.0,0.0,5,20,11371.096368601
39º D.P. VILA GUSTAVO,2026-05-18,0,0.0,0.0,0.0,0.0,0.0,5,21,11371.096368601
39º D.P. VILA GUSTAVO,2026-05-25,0,0.0,0.0,0.0,0.0,0.0,5,22,11371.096368601
40º D.P. VILA STA MARIA,2025-10-06,0,,,,,,10,41,11760.637155774277
40º D.P. VILA STA MARIA,2025-10-13,0,0.0,,0.0,0.0,,10,42,11760.637155774277
40º D.P. VILA STA MARIA,2025-10-20,0,0.0,0.0,0.0,0.0,0.0,10,43,11760.637155774277
40º D.P. VILA STA MARIA,2025-10-27,0,0.0,0.0,0.0,0.0,0.0,10,44,11760.637155774277
40º D.P. VILA STA MARIA,2025-11-03,0,0.0,0.0,0.0,0.0,0.0,11,45,11760.637155774277
40º D.P. VILA STA MARIA,2025-11-10,0,0.0,0.0,0.0,0.0,0.0,11,46,11760.637155774277
40º D.P. VILA STA MARIA,2025-11-17,0,0.0,0.0,0.0,0.0,0.0,11,47,11760.637155774277
40º D.P. VILA STA MARIA,2025-11-24,0,0.0,0.0,0.0,0.0,0.0,11,48,11760.637155774277
40º D.P. VILA STA MARIA,2025-12-01,0,0.0,0.0,0.0,0.0,0.0,12,49,11760.637155774277
40º D.P. VILA STA MARIA,2025-12-08,0,0.0,0.0,0.0,0.0,0.0,12,50,11760.637155774277
40º D.P. VILA STA MARIA,2025-12-15,0,0.0,0.0,0.0,0.0,0.0,12,51,11760.637155774277
40º D.P. VILA STA MARIA,2025-12-22,0,0.0,0.0,0.0,0.0,0.0,12,52,11760.637155774277
40º D.P. VILA STA MARIA,2025-12-29,0,0.0,0.0,0.0,0.0,0.0,12,1,11760.637155774277
40º D.P. VILA STA MARIA,2026-01-05,0,0.0,0.0,0.0,0.0,0.0,1,2,11760.637155774277
40º D.P. VILA STA MARIA,2026-01-12,0,0.0,0.0,0.0,0.0,0.0,1,3,11760.637155774277
40º D.P. VILA STA MARIA,2026-01-19,0,0.0,0.0,0.0,0.0,0.0,1,4,11760.637155774277
40º D.P. VILA STA MARIA,2026-01-26,0,0.0,0.0,0.0,0.0,0.0,1,5,11760.637155774277
40º D.P. VILA STA MARIA,2026-02-02,0,0.0,0.0,0.0,0.0,0.0,2,6,11760.637155774277
40º D.P. VILA STA MARIA,2026-02-09,0,0.0,0.0,0.0,0.0,0.0,2,7,11760.637155774277
40º D.P. VILA STA MARIA,2026-02-16,0,0.0,0.0,0.0,0.0,0.0,2,8,11760.637155774277
40º D.P. VILA STA MARIA,2026-02-23,0,0.0,0.0,0.0,0.0,0.0,2,9,11760.637155774277
40º D.P. VILA STA MARIA,2026-03-02,0,0.0,0.0,0.0,0.0,0.0,3,10,11760.637155774277
40º D.P. VILA STA MARIA,2026-03-09,0,0.0,0.0,0.0,0.0,0.0,3,11,11760.637155774277
40º D.P. VILA STA MARIA,2026-03-16,0,0.0,0.0,0.0,0.0,0.0,3,12,11760.637155774277
40º D.P. VILA STA MARIA,2026-03-23,0,0.0,0.0,0.0,0.0,0.0,3,13,11760.637155774277
40º D.P. VILA STA MARIA,2026-03-30,0,0.0,0.0,0.0,0.0,0.0,3,14,11760.637155774277
40º D.P. VILA STA MARIA,2026-04-06,0,0.0,0.0,0.0,0.0,0.0,4,15,11760.637155774277
40º D.P. VILA STA MARIA,2026-04-13,1,0.0,0.0,0.0,0.0,0.0,4,16,11760.637155774277
40º D.P. VILA STA MARIA,2026-04-20,1,1.0,0.0,0.25,0.125,1.0,4,17,11760.637155774277
40º D.P. VILA STA MARIA,2026-04-27,0,1.0,1.0,0.5,0.25,0.0,4,18,11760.637155774277
40º D.P. VILA STA MARIA,2026-05-04,0,0.0,1.0,0.5,0.25,-1.0,5,19,11760.637155774277
40º D.P. VILA STA MARIA,2026-05-11,0,0.0,0.0,0.5,0.25,0.0,5,20,11760.637155774277
40º D.P. VILA STA MARIA,2026-05-18,0,0.0,0.0,0.25,0.25,0.0,5,21,11760.637155774277
40º D.P. VILA STA MARIA,2026-05-25,1,0.0,0.0,0.0,0.25,0.0,5,22,11760.637155774277
41º D.P. VILA RICA,2025-10-06,0,,,,,,10,41,11135.389835268435
41º D.P. VILA RICA,2025-10-13,0,0.0,,0.0,0.0,,10,42,11135.389835268435
41º D.P. VILA RICA,2025-10-20,0,0.0,0.0,0.0,0.0,0.0,10,43,11135.389835268435
41º D.P. VILA RICA,2025-10-27,0,0.0,0.0,0.0,0.0,0.0,10,44,11135.389835268435
41º D.P. VILA RICA,2025-11-03,0,0.0,0.0,0.0,0.0,0.0,11,45,11135.389835268435
41º D.P. VILA RICA,2025-11-10,0,0.0,0.0,0.0,0.0,0.0,11,46,11135.389835268435
41º D.P. VILA RICA,2025-11-17,0,0.0,0.0,0.0,0.0,0.0,11,47,11135.389835268435
41º D.P. VILA RICA,2025-11-24,0,0.0,0.0,0.0,0.0,0.0,11,48,11135.389835268435
41º D.P. VILA RICA,2025-12-01,0,0.0,0.0,0.0,0.0,0.0,12,49,11135.389835268435
41º D.P. VILA RICA,2025-12-08,0,0.0,0.0,0.0,0.0,0.0,12,50,11135.389835268435
41º D.P. VILA RICA,2025-12-15,0,0.0,0.0,0.0,0.0,0.0,12,51,11135.389835268435
41º D.P. VILA RICA,2025-12-22,0,0.0,0.0,0.0,0.0,0.0,12,52,11135.389835268435
41º D.P. VILA RICA,2025-12-29,1,0.0,0.0,0.0,0.0,0.0,12,1,11135.389835268435
41º D.P. VILA RICA,2026-01-05,0,1.0,0.0,0.25,0.125,1.0,1,2,11135.389835268435
41º D.P. VILA RICA,2026-01-12,0,0.0,1.0,0.25,0.125,-1.0,1,3,11135.389835268435
41º D.P. VILA RICA,2026-01-19,0,0.0,0.0,0.25,0.125,0.0,1,4,11135.389835268435
41º D.P. VILA RICA,2026-01-26,0,0.0,0.0,0.25,0.125,0.0,1,5,11135.389835268435
41º D.P. VILA RICA,2026-02-02,0,0.0,0.0,0.0,0.125,0.0,2,6,11135.389835268435
41º D.P. VILA RICA,2026-02-09,0,0.0,0.0,0.0,0.125,0.0,2,7,11135.389835268435
41º D.P. VILA RICA,2026-02-16,0,0.0,0.0,0.0,0.125,0.0,2,8,11135.389835268435
41º D.P. VILA RICA,2026-02-23,1,0.0,0.0,0.0,0.125,0.0,2,9,11135.389835268435
41º D.P. VILA RICA,2026-03-02,0,1.0,0.0,0.25,0.125,1.0,3,10,11135.389835268435
41º D.P. VILA RICA,2026-03-09,0,0.0,1.0,0.25,0.125,-1.0,3,11,11135.389835268435
41º D.P. VILA RICA,2026-03-16,0,0.0,0.0,0.25,0.125,0.0,3,12,11135.389835268435
41º D.P. VILA RICA,2026-03-23,0,0.0,0.0,0.25,0.125,0.0,3,13,11135.389835268435
41º D.P. VILA RICA,2026-03-30,1,0.0,0.0,0.0,0.125,0.0,3,14,11135.389835268435
41º D.P. VILA RICA,2026-04-06,0,1.0,0.0,0.25,0.25,1.0,4,15,11135.389835268435
41º D.P. VILA RICA,2026-04-13,1,0.0,1.0,0.25,0.25,-1.0,4,16,11135.389835268435
41º D.P. VILA RICA,2026-04-20,0,1.0,0.0,0.5,0.375,1.0,4,17,11135.389835268435
41º D.P. VILA RICA,2026-04-27,0,0.0,1.0,0.5,0.25,-1.0,4,18,11135.389835268435
41º D.P. VILA RICA,2026-05-04,1,0.0,0.0,0.25,0.25,0.0,5,19,11135.389835268435
41º D.P. VILA RICA,2026-05-11,0,1.0,0.0,0.5,0.375,1.0,5,20,11135.389835268435
41º D.P. VILA RICA,2026-05-18,0,0.0,1.0,0.25,0.375,-1.0,5,21,11135.389835268435
41º D.P. VILA RICA,2026-05-25,0,0.0,0.0,0.25,0.375,0.0,5,22,11135.389835268435
42º D.P. PARQUE S. LUCAS,2025-10-06,0,,,,,,10,41,11749.503586201541
42º D.P. PARQUE S. LUCAS,2025-10-13,0,0.0,,0.0,0.0,,10,42,11749.503586201541
42º D.P. PARQUE S. LUCAS,2025-10-20,0,0.0,0.0,0.0,0.0,0.0,10,43,11749.503586201541
42º D.P. PARQUE S. LUCAS,2025-10-27,0,0.0,0.0,0.0,0.0,0.0,10,44,11749.503586201541
42º D.P. PARQUE S. LUCAS,2025-11-03,0,0.0,0.0,0.0,0.0,0.0,11,45,11749.503586201541
42º D.P. PARQUE S. LUCAS,2025-11-10,0,0.0,0.0,0.0,0.0,0.0,11,46,11749.503586201541
42º D.P. PARQUE S. LUCAS,2025-11-17,0,0.0,0.0,0.0,0.0,0.0,11,47,11749.503586201541
42º D.P. PARQUE S. LUCAS,2025-11-24,0,0.0,0.0,0.0,0.0,0.0,11,48,11749.503586201541
42º D.P. PARQUE S. LUCAS,2025-12-01,0,0.0,0.0,0.0,0.0,0.0,12,49,11749.503586201541
42º D.P. PARQUE S. LUCAS,2025-12-08,0,0.0,0.0,0.0,0.0,0.0,12,50,11749.503586201541
42º D.P. PARQUE S. LUCAS,2025-12-15,0,0.0,0.0,0.0,0.0,0.0,12,51,11749.503586201541
42º D.P. PARQUE S. LUCAS,2025-12-22,0,0.0,0.0,0.0,0.0,0.0,12,52,11749.503586201541
42º D.P. PARQUE S. LUCAS,2025-12-29,0,0.0,0.0,0.0,0.0,0.0,12,1,11749.503586201541
42º D.P. PARQUE S. LUCAS,2026-01-05,0,0.0,0.0,0.0,0.0,0.0,1,2,11749.503586201541
42º D.P. PARQUE S. LUCAS,2026-01-12,0,0.0,0.0,0.0,0.0,0.0,1,3,11749.503586201541
42º D.P. PARQUE S. LUCAS,2026-01-19,0,0.0,0.0,0.0,0.0,0.0,1,4,11749.503586201541
42º D.P. PARQUE S. LUCAS,2026-01-26,0,0.0,0.0,0.0,0.0,0.0,1,5,11749.503586201541
42º D.P. PARQUE S. LUCAS,2026-02-02,1,0.0,0.0,0.0,0.0,0.0,2,6,11749.503586201541
42º D.P. PARQUE S. LUCAS,2026-02-09,0,1.0,0.0,0.25,0.125,1.0,2,7,11749.503586201541
42º D.P. PARQUE S. LUCAS,2026-02-16,0,0.0,1.0,0.25,0.125,-1.0,2,8,11749.503586201541
42º D.P. PARQUE S. LUCAS,2026-02-23,0,0.0,0.0,0.25,0.125,0.0,2,9,11749.503586201541
42º D.P. PARQUE S. LUCAS,2026-03-02,0,0.0,0.0,0.25,0.125,0.0,3,10,11749.503586201541
42º D.P. PARQUE S. LUCAS,2026-03-09,0,0.0,0.0,0.0,0.125,0.0,3,11,11749.503586201541
42º D.P. PARQUE S. LUCAS,2026-03-16,1,0.0,0.0,0.0,0.125,0.0,3,12,11749.503586201541
42º D.P. PARQUE S. LUCAS,2026-03-23,1,1.0,0.0,0.25,0.25,1.0,3,13,11749.503586201541
42º D.P. PARQUE S. LUCAS,2026-03-30,0,1.0,1.0,0.5,0.375,0.0,3,14,11749.503586201541
42º D.P. PARQUE S. LUCAS,2026-04-06,0,0.0,1.0,0.5,0.25,-1.0,4,15,11749.503586201541
42º D.P. PARQUE S. LUCAS,2026-04-13,0,0.0,0.0,0.5,0.25,0.0,4,16,11749.503586201541
42º D.P. PARQUE S. LUCAS,2026-04-20,0,0.0,0.0,0.25,0.25,0.0,4,17,11749.503586201541
42º D.P. PARQUE S. LUCAS,2026-04-27,0,0.0,0.0,0.0,0.25,0.0,4,18,11749.503586201541
42º D.P. PARQUE S. LUCAS,2026-05-04,0,0.0,0.0,0.0,0.25,0.0,5,19,11749.503586201541
42º D.P. PARQUE S. LUCAS,2026-05-11,0,0.0,0.0,0.0,0.25,0.0,5,20,11749.503586201541
42º D.P. PARQUE S. LUCAS,2026-05-18,0,0.0,0.0,0.0,0.125,0.0,5,21,11749.503586201541
42º D.P. PARQUE S. LUCAS,2026-05-25,0,0.0,0.0,0.0,0.0,0.0,5,22,11749.503586201541
43º D.P. CIDADE ADEMAR,2025-10-06,0,,,,,,10,41,11775.58438904967
43º D.P. CIDADE ADEMAR,2025-10-13,0,0.0,,0.0,0.0,,10,42,11775.58438904967
43º D.P. CIDADE ADEMAR,2025-10-20,0,0.0,0.0,0.0,0.0,0.0,10,43,11775.58438904967
43º D.P. CIDADE ADEMAR,2025-10-27,0,0.0,0.0,0.0,0.0,0.0,10,44,11775.58438904967
43º D.P. CIDADE ADEMAR,2025-11-03,0,0.0,0.0,0.0,0.0,0.0,11,45,11775.58438904967
43º D.P. CIDADE ADEMAR,2025-11-10,0,0.0,0.0,0.0,0.0,0.0,11,46,11775.58438904967
43º D.P. CIDADE ADEMAR,2025-11-17,0,0.0,0.0,0.0,0.0,0.0,11,47,11775.58438904967
43º D.P. CIDADE ADEMAR,2025-11-24,0,0.0,0.0,0.0,0.0,0.0,11,48,11775.58438904967
43º D.P. CIDADE ADEMAR,2025-12-01,0,0.0,0.0,0.0,0.0,0.0,12,49,11775.58438904967
43º D.P. CIDADE ADEMAR,2025-12-08,0,0.0,0.0,0.0,0.0,0.0,12,50,11775.58438904967
43º D.P. CIDADE ADEMAR,2025-12-15,0,0.0,0.0,0.0,0.0,0.0,12,51,11775.58438904967
43º D.P. CIDADE ADEMAR,2025-12-22,0,0.0,0.0,0.0,0.0,0.0,12,52,11775.58438904967
43º D.P. CIDADE ADEMAR,2025-12-29,0,0.0,0.0,0.0,0.0,0.0,12,1,11775.58438904967
43º D.P. CIDADE ADEMAR,2026-01-05,0,0.0,0.0,0.0,0.0,0.0,1,2,11775.58438904967
43º D.P. CIDADE ADEMAR,2026-01-12,0,0.0,0.0,0.0,0.0,0.0,1,3,11775.58438904967
43º D.P. CIDADE ADEMAR,2026-01-19,1,0.0,0.0,0.0,0.0,0.0,1,4,11775.58438904967
43º D.P. CIDADE ADEMAR,2026-01-26,0,1.0,0.0,0.25,0.125,1.0,1,5,11775.58438904967
43º D.P. CIDADE ADEMAR,2026-02-02,0,0.0,1.0,0.25,0.125,-1.0,2,6,11775.58438904967
43º D.P. CIDADE ADEMAR,2026-02-09,0,0.0,0.0,0.25,0.125,0.0,2,7,11775.58438904967
43º D.P. CIDADE ADEMAR,2026-02-16,0,0.0,0.0,0.25,0.125,0.0,2,8,11775.58438904967
43º D.P. CIDADE ADEMAR,2026-02-23,0,0.0,0.0,0.0,0.125,0.0,2,9,11775.58438904967
43º D.P. CIDADE ADEMAR,2026-03-02,1,0.0,0.0,0.0,0.125,0.0,3,10,11775.58438904967
43º D.P. CIDADE ADEMAR,2026-03-09,0,1.0,0.0,0.25,0.25,1.0,3,11,11775.58438904967
43º D.P. CIDADE ADEMAR,2026-03-16,1,0.0,1.0,0.25,0.25,-1.0,3,12,11775.58438904967
43º D.P. CIDADE ADEMAR,2026-03-23,1,1.0,0.0,0.5,0.25,1.0,3,13,11775.58438904967
43º D.P. CIDADE ADEMAR,2026-03-30,0,1.0,1.0,0.75,0.375,0.0,3,14,11775.58438904967
43º D.P. CIDADE ADEMAR,2026-04-06,0,0.0,1.0,0.5,0.375,-1.0,4,15,11775.58438904967
43º D.P. CIDADE ADEMAR,2026-04-13,0,0.0,0.0,0.5,0.375,0.0,4,16,11775.58438904967
43º D.P. CIDADE ADEMAR,2026-04-20,0,0.0,0.0,0.25,0.375,0.0,4,17,11775.58438904967
43º D.P. CIDADE ADEMAR,2026-04-27,1,0.0,0.0,0.0,0.375,0.0,4,18,11775.58438904967
43º D.P. CIDADE ADEMAR,2026-05-04,0,1.0,0.0,0.25,0.375,1.0,5,19,11775.58438904967
43º D.P. CIDADE ADEMAR,2026-05-11,0,0.0,1.0,0.25,0.375,-1.0,5,20,11775.58438904967
43º D.P. CIDADE ADEMAR,2026-05-18,0,0.0,0.0,0.25,0.25,0.0,5,21,11775.58438904967
43º D.P. CIDADE ADEMAR,2026-05-25,0,0.0,0.0,0.25,0.125,0.0,5,22,11775.58438904967
44º D.P. GUAIANAZES,2025-10-06,0,,,,,,10,41,7368.067258399092
44º D.P. GUAIANAZES,2025-10-13,0,0.0,,0.0,0.0,,10,42,7368.067258399092
44º D.P. GUAIANAZES,2025-10-20,0,0.0,0.0,0.0,0.0,0.0,10,43,7368.067258399092
44º D.P. GUAIANAZES,2025-10-27,0,0.0,0.0,0.0,0.0,0.0,10,44,7368.067258399092
44º D.P. GUAIANAZES,2025-11-03,0,0.0,0.0,0.0,0.0,0.0,11,45,7368.067258399092
44º D.P. GUAIANAZES,2025-11-10,0,0.0,0.0,0.0,0.0,0.0,11,46,7368.067258399092
44º D.P. GUAIANAZES,2025-11-17,0,0.0,0.0,0.0,0.0,0.0,11,47,7368.067258399092
44º D.P. GUAIANAZES,2025-11-24,0,0.0,0.0,0.0,0.0,0.0,11,48,7368.067258399092
44º D.P. GUAIANAZES,2025-12-01,0,0.0,0.0,0.0,0.0,0.0,12,49,7368.067258399092
44º D.P. GUAIANAZES,2025-12-08,0,0.0,0.0,0.0,0.0,0.0,12,50,7368.067258399092
44º D.P. GUAIANAZES,2025-12-15,0,0.0,0.0,0.0,0.0,0.0,12,51,7368.067258399092
44º D.P. GUAIANAZES,2025-12-22,0,0.0,0.0,0.0,0.0,0.0,12,52,7368.067258399092
44º D.P. GUAIANAZES,2025-12-29,0,0.0,0.0,0.0,0.0,0.0,12,1,7368.067258399092
44º D.P. GUAIANAZES,2026-01-05,1,0.0,0.0,0.0,0.0,0.0,1,2,7368.067258399092
44º D.P. GUAIANAZES,2026-01-12,1,1.0,0.0,0.25,0.125,1.0,1,3,7368.067258399092
44º D.P. GUAIANAZES,2026-01-19,0,1.0,1.0,0.5,0.25,0.0,1,4,7368.067258399092
44º D.P. GUAIANAZES,2026-01-26,0,0.0,1.0,0.5,0.25,-1.0,1,5,7368.067258399092
44º D.P. GUAIANAZES,2026-02-02,1,0.0,0.0,0.5,0.25,0.0,2,6,7368.067258399092
44º D.P. GUAIANAZES,2026-02-09,0,1.0,0.0,0.5,0.375,1.0,2,7,7368.067258399092
44º D.P. GUAIANAZES,2026-02-16,0,0.0,1.0,0.25,0.375,-1.0,2,8,7368.067258399092
44º D.P. GUAIANAZES,2026-02-23,2,0.0,0.0,0.25,0.375,0.0,2,9,7368.067258399092
44º D.P. GUAIANAZES,2026-03-02,0,2.0,0.0,0.75,0.625,2.0,3,10,7368.067258399092
44º D.P. GUAIANAZES,2026-03-09,0,0.0,2.0,0.5,0.5,-2.0,3,11,7368.067258399092
44º D.P. GUAIANAZES,2026-03-16,0,0.0,0.0,0.5,0.375,0.0,3,12,7368.067258399092
44º D.P. GUAIANAZES,2026-03-23,1,0.0,0.0,0.5,0.375,0.0,3,13,7368.067258399092
44º D.P. GUAIANAZES,2026-03-30,1,1.0,0.0,0.25,0.5,1.0,3,14,7368.067258399092
44º D.P. GUAIANAZES,2026-04-06,0,1.0,1.0,0.5,0.5,0.0,4,15,7368.067258399092
44º D.P. GUAIANAZES,2026-04-13,0,0.0,1.0,0.5,0.5,-1.0,4,16,7368.067258399092
44º D.P. GUAIANAZES,2026-04-20,0,0.0,0.0,0.5,0.5,0.0,4,17,7368.067258399092
44º D.P. GUAIANAZES,2026-04-27,1,0.0,0.0,0.25,0.25,0.0,4,18,7368.067258399092
44º D.P. GUAIANAZES,2026-05-04,0,1.0,0.0,0.25,0.375,1.0,5,19,7368.067258399092
44º D.P. GUAIANAZES,2026-05-11,0,0.0,1.0,0.25,0.375,-1.0,5,20,7368.067258399092
44º D.P. GUAIANAZES,2026-05-18,0,0.0,0.0,0.25,0.375,0.0,5,21,7368.067258399092
44º D.P. GUAIANAZES,2026-05-25,0,0.0,0.0,0.25,0.25,0.0,5,22,7368.067258399092
45º D.P. V BRASILANDIA,2025-10-06,0,,,,,,10,41,11043.25751251436
45º D.P. V BRASILANDIA,2025-10-13,0,0.0,,0.0,0.0,,10,42,11043.25751251436
45º D.P. V BRASILANDIA,2025-10-20,0,0.0,0.0,0.0,0.0,0.0,10,43,11043.25751251436
45º D.P. V BRASILANDIA,2025-10-27,0,0.0,0.0,0.0,0.0,0.0,10,44,11043.25751251436
45º D.P. V BRASILANDIA,2025-11-03,0,0.0,0.0,0.0,0.0,0.0,11,45,11043.25751251436
45º D.P. V BRASILANDIA,2025-11-10,0,0.0,0.0,0.0,0.0,0.0,11,46,11043.25751251436
45º D.P. V BRASILANDIA,2025-11-17,0,0.0,0.0,0.0,0.0,0.0,11,47,11043.25751251436
45º D.P. V BRASILANDIA,2025-11-24,0,0.0,0.0,0.0,0.0,0.0,11,48,11043.25751251436
45º D.P. V BRASILANDIA,2025-12-01,0,0.0,0.0,0.0,0.0,0.0,12,49,11043.25751251436
45º D.P. V BRASILANDIA,2025-12-08,0,0.0,0.0,0.0,0.0,0.0,12,50,11043.25751251436
45º D.P. V BRASILANDIA,2025-12-15,0,0.0,0.0,0.0,0.0,0.0,12,51,11043.25751251436
45º D.P. V BRASILANDIA,2025-12-22,0,0.0,0.0,0.0,0.0,0.0,12,52,11043.25751251436
45º D.P. V BRASILANDIA,2025-12-29,1,0.0,0.0,0.0,0.0,0.0,12,1,11043.25751251436
45º D.P. V BRASILANDIA,2026-01-05,1,1.0,0.0,0.25,0.125,1.0,1,2,11043.25751251436
45º D.P. V BRASILANDIA,2026-01-12,1,1.0,1.0,0.5,0.25,0.0,1,3,11043.25751251436
45º D.P. V BRASILANDIA,2026-01-19,0,1.0,1.0,0.75,0.375,0.0,1,4,11043.25751251436
45º D.P. V BRASILANDIA,2026-01-26,0,0.0,1.0,0.75,0.375,-1.0,1,5,11043.25751251436
45º D.P. V BRASILANDIA,2026-02-02,0,0.0,0.0,0.5,0.375,0.0,2,6,11043.25751251436
45º D.P. V BRASILANDIA,2026-02-09,0,0.0,0.0,0.25,0.375,0.0,2,7,11043.25751251436
45º D.P. V BRASILANDIA,2026-02-16,0,0.0,0.0,0.0,0.375,0.0,2,8,11043.25751251436
45º D.P. V BRASILANDIA,2026-02-23,0,0.0,0.0,0.0,0.375,0.0,2,9,11043.25751251436
45º D.P. V BRASILANDIA,2026-03-02,3,0.0,0.0,0.0,0.25,0.0,3,10,11043.25751251436
45º D.P. V BRASILANDIA,2026-03-09,0,3.0,0.0,0.75,0.5,3.0,3,11,11043.25751251436
45º D.P. V BRASILANDIA,2026-03-16,0,0.0,3.0,0.75,0.375,-3.0,3,12,11043.25751251436
45º D.P. V BRASILANDIA,2026-03-23,0,0.0,0.0,0.75,0.375,0.0,3,13,11043.25751251436
45º D.P. V BRASILANDIA,2026-03-30,1,0.0,0.0,0.75,0.375,0.0,3,14,11043.25751251436
45º D.P. V BRASILANDIA,2026-04-06,0,1.0,0.0,0.25,0.5,1.0,4,15,11043.25751251436
45º D.P. V BRASILANDIA,2026-04-13,0,0.0,1.0,0.25,0.5,-1.0,4,16,11043.25751251436
45º D.P. V BRASILANDIA,2026-04-20,0,0.0,0.0,0.25,0.5,0.0,4,17,11043.25751251436
45º D.P. V BRASILANDIA,2026-04-27,1,0.0,0.0,0.25,0.5,0.0,4,18,11043.25751251436
45º D.P. V BRASILANDIA,2026-05-04,0,1.0,0.0,0.25,0.25,1.0,5,19,11043.25751251436
45º D.P. V BRASILANDIA,2026-05-11,0,0.0,1.0,0.25,0.25,-1.0,5,20,11043.25751251436
45º D.P. V BRASILANDIA,2026-05-18,0,0.0,0.0,0.25,0.25,0.0,5,21,11043.25751251436
45º D.P. V BRASILANDIA,2026-05-25,0,0.0,0.0,0.25,0.25,0.0,5,22,11043.25751251436
46º D.P. PERUS,2025-10-06,0,,,,,,10,41,9037.24676044131
46º D.P. PERUS,2025-10-13,0,0.0,,0.0,0.0,,10,42,9037.24676044131
46º D.P. PERUS,2025-10-20,0,0.0,0.0,0.0,0.0,0.0,10,43,9037.24676044131
46º D.P. PERUS,2025-10-27,0,0.0,0.0,0.0,0.0,0.0,10,44,9037.24676044131
46º D.P. PERUS,2025-11-03,0,0.0,0.0,0.0,0.0,0.0,11,45,9037.24676044131
46º D.P. PERUS,2025-11-10,0,0.0,0.0,0.0,0.0,0.0,11,46,9037.24676044131
46º D.P. PERUS,2025-11-17,0,0.0,0.0,0.0,0.0,0.0,11,47,9037.24676044131
46º D.P. PERUS,2025-11-24,0,0.0,0.0,0.0,0.0,0.0,11,48,9037.24676044131
46º D.P. PERUS,2025-12-01,0,0.0,0.0,0.0,0.0,0.0,12,49,9037.24676044131
46º D.P. PERUS,2025-12-08,0,0.0,0.0,0.0,0.0,0.0,12,50,9037.24676044131
46º D.P. PERUS,2025-12-15,0,0.0,0.0,0.0,0.0,0.0,12,51,9037.24676044131
46º D.P. PERUS,2025-12-22,0,0.0,0.0,0.0,0.0,0.0,12,52,9037.24676044131
46º D.P. PERUS,2025-12-29,3,0.0,0.0,0.0,0.0,0.0,12,1,9037.24676044131
46º D.P. PERUS,2026-01-05,0,3.0,0.0,0.75,0.375,3.0,1,2,9037.24676044131
46º D.P. PERUS,2026-01-12,2,0.0,3.0,0.75,0.375,-3.0,1,3,9037.24676044131
46º D.P. PERUS,2026-01-19,1,2.0,0.0,1.25,0.625,2.0,1,4,9037.24676044131
46º D.P. PERUS,2026-01-26,1,1.0,2.0,1.5,0.75,-1.0,1,5,9037.24676044131
46º D.P. PERUS,2026-02-02,0,1.0,1.0,1.0,0.875,0.0,2,6,9037.24676044131
46º D.P. PERUS,2026-02-09,0,0.0,1.0,1.0,0.875,-1.0,2,7,9037.24676044131
46º D.P. PERUS,2026-02-16,1,0.0,0.0,0.5,0.875,0.0,2,8,9037.24676044131
46º D.P. PERUS,2026-02-23,0,1.0,0.0,0.5,1.0,1.0,2,9,9037.24676044131
46º D.P. PERUS,2026-03-02,0,0.0,1.0,0.25,0.625,-1.0,3,10,9037.24676044131
46º D.P. PERUS,2026-03-09,0,0.0,0.0,0.25,0.625,0.0,3,11,9037.24676044131
46º D.P. PERUS,2026-03-16,0,0.0,0.0,0.25,0.375,0.0,3,12,9037.24676044131
46º D.P. PERUS,2026-03-23,0,0.0,0.0,0.0,0.25,0.0,3,13,9037.24676044131
46º D.P. PERUS,2026-03-30,1,0.0,0.0,0.0,0.125,0.0,3,14,9037.24676044131
46º D.P. PERUS,2026-04-06,1,1.0,0.0,0.25,0.25,1.0,4,15,9037.24676044131
46º D.P. PERUS,2026-04-13,0,1.0,1.0,0.5,0.375,0.0,4,16,9037.24676044131
46º D.P. PERUS,2026-04-20,0,0.0,1.0,0.5,0.25,-1.0,4,17,9037.24676044131
46º D.P. PERUS,2026-04-27,0,0.0,0.0,0.5,0.25,0.0,4,18,9037.24676044131
46º D.P. PERUS,2026-05-04,0,0.0,0.0,0.25,0.25,0.0,5,19,9037.24676044131
46º D.P. PERUS,2026-05-11,1,0.0,0.0,0.0,0.25,0.0,5,20,9037.24676044131
46º D.P. PERUS,2026-05-18,0,1.0,0.0,0.25,0.375,1.0,5,21,9037.24676044131
46º D.P. PERUS,2026-05-25,1,0.0,1.0,0.25,0.375,-1.0,5,22,9037.24676044131
47º D.P. CAPAO REDONDO,2025-10-06,0,,,,,,10,41,9956.592744613534
47º D.P. CAPAO REDONDO,2025-10-13,0,0.0,,0.0,0.0,,10,42,9956.592744613534
47º D.P. CAPAO REDONDO,2025-10-20,0,0.0,0.0,0.0,0.0,0.0,10,43,9956.592744613534
47º D.P. CAPAO REDONDO,2025-10-27,0,0.0,0.0,0.0,0.0,0.0,10,44,9956.592744613534
47º D.P. CAPAO REDONDO,2025-11-03,0,0.0,0.0,0.0,0.0,0.0,11,45,9956.592744613534
47º D.P. CAPAO REDONDO,2025-11-10,0,0.0,0.0,0.0,0.0,0.0,11,46,9956.592744613534
47º D.P. CAPAO REDONDO,2025-11-17,1,0.0,0.0,0.0,0.0,0.0,11,47,9956.592744613534
47º D.P. CAPAO REDONDO,2025-11-24,0,1.0,0.0,0.25,0.14285714285714285,1.0,11,48,9956.592744613534
47º D.P. CAPAO REDONDO,2025-12-01,0,0.0,1.0,0.25,0.125,-1.0,12,49,9956.592744613534
47º D.P. CAPAO REDONDO,2025-12-08,0,0.0,0.0,0.25,0.125,0.0,12,50,9956.592744613534
47º D.P. CAPAO REDONDO,2025-12-15,0,0.0,0.0,0.25,0.125,0.0,12,51,9956.592744613534
47º D.P. CAPAO REDONDO,2025-12-22,0,0.0,0.0,0.0,0.125,0.0,12,52,9956.592744613534
47º D.P. CAPAO REDONDO,2025-12-29,1,0.0,0.0,0.0,0.125,0.0,12,1,9956.592744613534
47º D.P. CAPAO REDONDO,2026-01-05,1,1.0,0.0,0.25,0.25,1.0,1,2,9956.592744613534
47º D.P. CAPAO REDONDO,2026-01-12,0,1.0,1.0,0.5,0.375,0.0,1,3,9956.592744613534
47º D.P. CAPAO REDONDO,2026-01-19,1,0.0,1.0,0.5,0.25,-1.0,1,4,9956.592744613534
47º D.P. CAPAO REDONDO,2026-01-26,2,1.0,0.0,0.75,0.375,1.0,1,5,9956.592744613534
47º D.P. CAPAO REDONDO,2026-02-02,1,2.0,1.0,1.0,0.625,1.0,2,6,9956.592744613534
47º D.P. CAPAO REDONDO,2026-02-09,1,1.0,2.0,1.0,0.75,-1.0,2,7,9956.592744613534
47º D.P. CAPAO REDONDO,2026-02-16,0,1.0,1.0,1.25,0.875,0.0,2,8,9956.592744613534
47º D.P. CAPAO REDONDO,2026-02-23,4,0.0,1.0,1.0,0.875,-1.0,2,9,9956.592744613534
47º D.P. CAPAO REDONDO,2026-03-02,1,4.0,0.0,1.5,1.25,4.0,3,10,9956.592744613534
47º D.P. CAPAO REDONDO,2026-03-09,6,1.0,4.0,1.5,1.25,-3.0,3,11,9956.592744613534
47º D.P. CAPAO REDONDO,2026-03-16,1,6.0,1.0,2.75,2.0,5.0,3,12,9956.592744613534
47º D.P. CAPAO REDONDO,2026-03-23,4,1.0,6.0,3.0,2.0,-5.0,3,13,9956.592744613534
47º D.P. CAPAO REDONDO,2026-03-30,1,4.0,1.0,3.0,2.25,3.0,3,14,9956.592744613534
47º D.P. CAPAO REDONDO,2026-04-06,4,1.0,4.0,3.0,2.25,-3.0,4,15,9956.592744613534
47º D.P. CAPAO REDONDO,2026-04-13,2,4.0,1.0,2.5,2.625,3.0,4,16,9956.592744613534
47º D.P. CAPAO REDONDO,2026-04-20,2,2.0,4.0,2.75,2.875,-2.0,4,17,9956.592744613534
47º D.P. CAPAO REDONDO,2026-04-27,2,2.0,2.0,2.25,2.625,0.0,4,18,9956.592744613534
47º D.P. CAPAO REDONDO,2026-05-04,1,2.0,2.0,2.5,2.75,0.0,5,19,9956.592744613534
47º D.P. CAPAO REDONDO,2026-05-11,1,1.0,2.0,1.75,2.125,-1.0,5,20,9956.592744613534
47º D.P. CAPAO REDONDO,2026-05-18,1,1.0,1.0,1.5,2.125,0.0,5,21,9956.592744613534
47º D.P. CAPAO REDONDO,2026-05-25,2,1.0,1.0,1.25,1.75,0.0,5,22,9956.592744613534
48º D.P. CIDADE DUTRA,2025-10-06,0,,,,,,10,41,10875.409544685699
48º D.P. CIDADE DUTRA,2025-10-13,0,0.0,,0.0,0.0,,10,42,10875.409544685699
48º D.P. CIDADE DUTRA,2025-10-20,0,0.0,0.0,0.0,0.0,0.0,10,43,10875.409544685699
48º D.P. CIDADE DUTRA,2025-10-27,0,0.0,0.0,0.0,0.0,0.0,10,44,10875.409544685699
48º D.P. CIDADE DUTRA,2025-11-03,0,0.0,0.0,0.0,0.0,0.0,11,45,10875.409544685699
48º D.P. CIDADE DUTRA,2025-11-10,0,0.0,0.0,0.0,0.0,0.0,11,46,10875.409544685699
48º D.P. CIDADE DUTRA,2025-11-17,0,0.0,0.0,0.0,0.0,0.0,11,47,10875.409544685699
48º D.P. CIDADE DUTRA,2025-11-24,0,0.0,0.0,0.0,0.0,0.0,11,48,10875.409544685699
48º D.P. CIDADE DUTRA,2025-12-01,0,0.0,0.0,0.0,0.0,0.0,12,49,10875.409544685699
48º D.P. CIDADE DUTRA,2025-12-08,0,0.0,0.0,0.0,0.0,0.0,12,50,10875.409544685699
48º D.P. CIDADE DUTRA,2025-12-15,0,0.0,0.0,0.0,0.0,0.0,12,51,10875.409544685699
48º D.P. CIDADE DUTRA,2025-12-22,0,0.0,0.0,0.0,0.0,0.0,12,52,10875.409544685699
48º D.P. CIDADE DUTRA,2025-12-29,0,0.0,0.0,0.0,0.0,0.0,12,1,10875.409544685699
48º D.P. CIDADE DUTRA,2026-01-05,1,0.0,0.0,0.0,0.0,0.0,1,2,10875.409544685699
48º D.P. CIDADE DUTRA,2026-01-12,0,1.0,0.0,0.25,0.125,1.0,1,3,10875.409544685699
48º D.P. CIDADE DUTRA,2026-01-19,0,0.0,1.0,0.25,0.125,-1.0,1,4,10875.409544685699
48º D.P. CIDADE DUTRA,2026-01-26,0,0.0,0.0,0.25,0.125,0.0,1,5,10875.409544685699
48º D.P. CIDADE DUTRA,2026-02-02,0,0.0,0.0,0.25,0.125,0.0,2,6,10875.409544685699
48º D.P. CIDADE DUTRA,2026-02-09,0,0.0,0.0,0.0,0.125,0.0,2,7,10875.409544685699
48º D.P. CIDADE DUTRA,2026-02-16,0,0.0,0.0,0.0,0.125,0.0,2,8,10875.409544685699
48º D.P. CIDADE DUTRA,2026-02-23,0,0.0,0.0,0.0,0.125,0.0,2,9,10875.409544685699
48º D.P. CIDADE DUTRA,2026-03-02,0,0.0,0.0,0.0,0.125,0.0,3,10,10875.409544685699
48º D.P. CIDADE DUTRA,2026-03-09,0,0.0,0.0,0.0,0.0,0.0,3,11,10875.409544685699
48º D.P. CIDADE DUTRA,2026-03-16,0,0.0,0.0,0.0,0.0,0.0,3,12,10875.409544685699
48º D.P. CIDADE DUTRA,2026-03-23,0,0.0,0.0,0.0,0.0,0.0,3,13,10875.409544685699
48º D.P. CIDADE DUTRA,2026-03-30,0,0.0,0.0,0.0,0.0,0.0,3,14,10875.409544685699
48º D.P. CIDADE DUTRA,2026-04-06,0,0.0,0.0,0.0,0.0,0.0,4,15,10875.409544685699
48º D.P. CIDADE DUTRA,2026-04-13,0,0.0,0.0,0.0,0.0,0.0,4,16,10875.409544685699
48º D.P. CIDADE DUTRA,2026-04-20,0,0.0,0.0,0.0,0.0,0.0,4,17,10875.409544685699
48º D.P. CIDADE DUTRA,2026-04-27,0,0.0,0.0,0.0,0.0,0.0,4,18,10875.409544685699
48º D.P. CIDADE DUTRA,2026-05-04,1,0.0,0.0,0.0,0.0,0.0,5,19,10875.409544685699
48º D.P. CIDADE DUTRA,2026-05-11,0,1.0,0.0,0.25,0.125,1.0,5,20,10875.409544685699
48º D.P. CIDADE DUTRA,2026-05-18,0,0.0,1.0,0.25,0.125,-1.0,5,21,10875.409544685699
48º D.P. CIDADE DUTRA,2026-05-25,0,0.0,0.0,0.25,0.125,0.0,5,22,10875.409544685699
49º D.P. SAO MATEUS,2025-10-06,0,,,,,,10,41,0.0
49º D.P. SAO MATEUS,2025-10-13,0,0.0,,0.0,0.0,,10,42,0.0
49º D.P. SAO MATEUS,2025-10-20,0,0.0,0.0,0.0,0.0,0.0,10,43,0.0
49º D.P. SAO MATEUS,2025-10-27,0,0.0,0.0,0.0,0.0,0.0,10,44,0.0
49º D.P. SAO MATEUS,2025-11-03,0,0.0,0.0,0.0,0.0,0.0,11,45,0.0
49º D.P. SAO MATEUS,2025-11-10,0,0.0,0.0,0.0,0.0,0.0,11,46,0.0
49º D.P. SAO MATEUS,2025-11-17,0,0.0,0.0,0.0,0.0,0.0,11,47,0.0
49º D.P. SAO MATEUS,2025-11-24,0,0.0,0.0,0.0,0.0,0.0,11,48,0.0
49º D.P. SAO MATEUS,2025-12-01,0,0.0,0.0,0.0,0.0,0.0,12,49,0.0
49º D.P. SAO MATEUS,2025-12-08,0,0.0,0.0,0.0,0.0,0.0,12,50,0.0
49º D.P. SAO MATEUS,2025-12-15,0,0.0,0.0,0.0,0.0,0.0,12,51,0.0
49º D.P. SAO MATEUS,2025-12-22,0,0.0,0.0,0.0,0.0,0.0,12,52,0.0
49º D.P. SAO MATEUS,2025-12-29,0,0.0,0.0,0.0,0.0,0.0,12,1,0.0
49º D.P. SAO MATEUS,2026-01-05,1,0.0,0.0,0.0,0.0,0.0,1,2,0.0
49º D.P. SAO MATEUS,2026-01-12,0,1.0,0.0,0.25,0.125,1.0,1,3,0.0
49º D.P. SAO MATEUS,2026-01-19,0,0.0,1.0,0.25,0.125,-1.0,1,4,0.0
49º D.P. SAO MATEUS,2026-01-26,0,0.0,0.0,0.25,0.125,0.0,1,5,0.0
49º D.P. SAO MATEUS,2026-02-02,0,0.0,0.0,0.25,0.125,0.0,2,6,0.0
49º D.P. SAO MATEUS,2026-02-09,0,0.0,0.0,0.0,0.125,0.0,2,7,0.0
49º D.P. SAO MATEUS,2026-02-16,0,0.0,0.0,0.0,0.125,0.0,2,8,0.0
49º D.P. SAO MATEUS,2026-02-23,0,0.0,0.0,0.0,0.125,0.0,2,9,0.0
49º D.P. SAO MATEUS,2026-03-02,0,0.0,0.0,0.0,0.125,0.0,3,10,0.0
49º D.P. SAO MATEUS,2026-03-09,0,0.0,0.0,0.0,0.0,0.0,3,11,0.0
49º D.P. SAO MATEUS,2026-03-16,0,0.0,0.0,0.0,0.0,0.0,3,12,0.0
49º D.P. SAO MATEUS,2026-03-23,0,0.0,0.0,0.0,0.0,0.0,3,13,0.0
49º D.P. SAO MATEUS,2026-03-30,0,0.0,0.0,0.0,0.0,0.0,3,14,0.0
49º D.P. SAO MATEUS,2026-04-06,0,0.0,0.0,0.0,0.0,0.0,4,15,0.0
49º D.P. SAO MATEUS,2026-04-13,1,0.0,0.0,0.0,0.0,0.0,4,16,0.0
49º D.P. SAO MATEUS,2026-04-20,0,1.0,0.0,0.25,0.125,1.0,4,17,0.0
49º D.P. SAO MATEUS,2026-04-27,0,0.0,1.0,0.25,0.125,-1.0,4,18,0.0
49º D.P. SAO MATEUS,2026-05-04,0,0.0,0.0,0.25,0.125,0.0,5,19,0.0
49º D.P. SAO MATEUS,2026-05-11,0,0.0,0.0,0.25,0.125,0.0,5,20,0.0
49º D.P. SAO MATEUS,2026-05-18,0,0.0,0.0,0.0,0.125,0.0,5,21,0.0
49º D.P. SAO MATEUS,2026-05-25,1,0.0,0.0,0.0,0.125,0.0,5,22,0.0
50º D.P. ITAIM PAULISTA,2025-10-06,0,,,,,,10,41,9483.961784072651
50º D.P. ITAIM PAULISTA,2025-10-13,0,0.0,,0.0,0.0,,10,42,9483.961784072651
50º D.P. ITAIM PAULISTA,2025-10-20,0,0.0,0.0,0.0,0.0,0.0,10,43,9483.961784072651
50º D.P. ITAIM PAULISTA,2025-10-27,0,0.0,0.0,0.0,0.0,0.0,10,44,9483.961784072651
50º D.P. ITAIM PAULISTA,2025-11-03,0,0.0,0.0,0.0,0.0,0.0,11,45,9483.961784072651
50º D.P. ITAIM PAULISTA,2025-11-10,0,0.0,0.0,0.0,0.0,0.0,11,46,9483.961784072651
50º D.P. ITAIM PAULISTA,2025-11-17,0,0.0,0.0,0.0,0.0,0.0,11,47,9483.961784072651
50º D.P. ITAIM PAULISTA,2025-11-24,0,0.0,0.0,0.0,0.0,0.0,11,48,9483.961784072651
50º D.P. ITAIM PAULISTA,2025-12-01,0,0.0,0.0,0.0,0.0,0.0,12,49,9483.961784072651
50º D.P. ITAIM PAULISTA,2025-12-08,0,0.0,0.0,0.0,0.0,0.0,12,50,9483.961784072651
50º D.P. ITAIM PAULISTA,2025-12-15,0,0.0,0.0,0.0,0.0,0.0,12,51,9483.961784072651
50º D.P. ITAIM PAULISTA,2025-12-22,0,0.0,0.0,0.0,0.0,0.0,12,52,9483.961784072651
50º D.P. ITAIM PAULISTA,2025-12-29,1,0.0,0.0,0.0,0.0,0.0,12,1,9483.961784072651
50º D.P. ITAIM PAULISTA,2026-01-05,0,1.0,0.0,0.25,0.125,1.0,1,2,9483.961784072651
50º D.P. ITAIM PAULISTA,2026-01-12,0,0.0,1.0,0.25,0.125,-1.0,1,3,9483.961784072651
50º D.P. ITAIM PAULISTA,2026-01-19,0,0.0,0.0,0.25,0.125,0.0,1,4,9483.961784072651
50º D.P. ITAIM PAULISTA,2026-01-26,0,0.0,0.0,0.25,0.125,0.0,1,5,9483.961784072651
50º D.P. ITAIM PAULISTA,2026-02-02,0,0.0,0.0,0.0,0.125,0.0,2,6,9483.961784072651
50º D.P. ITAIM PAULISTA,2026-02-09,0,0.0,0.0,0.0,0.125,0.0,2,7,9483.961784072651
50º D.P. ITAIM PAULISTA,2026-02-16,2,0.0,0.0,0.0,0.125,0.0,2,8,9483.961784072651
50º D.P. ITAIM PAULISTA,2026-02-23,0,2.0,0.0,0.5,0.375,2.0,2,9,9483.961784072651
50º D.P. ITAIM PAULISTA,2026-03-02,0,0.0,2.0,0.5,0.25,-2.0,3,10,9483.961784072651
50º D.P. ITAIM PAULISTA,2026-03-09,0,0.0,0.0,0.5,0.25,0.0,3,11,9483.961784072651
50º D.P. ITAIM PAULISTA,2026-03-16,1,0.0,0.0,0.5,0.25,0.0,3,12,9483.961784072651
50º D.P. ITAIM PAULISTA,2026-03-23,0,1.0,0.0,0.25,0.375,1.0,3,13,9483.961784072651
50º D.P. ITAIM PAULISTA,2026-03-30,0,0.0,1.0,0.25,0.375,-1.0,3,14,9483.961784072651
50º D.P. ITAIM PAULISTA,2026-04-06,0,0.0,0.0,0.25,0.375,0.0,4,15,9483.961784072651
50º D.P. ITAIM PAULISTA,2026-04-13,1,0.0,0.0,0.25,0.375,0.0,4,16,9483.961784072651
50º D.P. ITAIM PAULISTA,2026-04-20,0,1.0,0.0,0.25,0.25,1.0,4,17,9483.961784072651
50º D.P. ITAIM PAULISTA,2026-04-27,0,0.0,1.0,0.25,0.25,-1.0,4,18,9483.961784072651
50º D.P. ITAIM PAULISTA,2026-05-04,1,0.0,0.0,0.25,0.25,0.0,5,19,9483.961784072651
50º D.P. ITAIM PAULISTA,2026-05-11,2,1.0,0.0,0.5,0.375,1.0,5,20,9483.961784072651
50º D.P. ITAIM PAULISTA,2026-05-18,2,2.0,1.0,0.75,0.5,1.0,5,21,9483.961784072651
50º D.P. ITAIM PAULISTA,2026-05-25,0,2.0,2.0,1.25,0.75,0.0,5,22,9483.961784072651
51º D.P. RIO PEQUENO,2025-10-06,0,,,,,,10,41,11778.981521272373
51º D.P. RIO PEQUENO,2025-10-13,0,0.0,,0.0,0.0,,10,42,11778.981521272373
51º D.P. RIO PEQUENO,2025-10-20,0,0.0,0.0,0.0,0.0,0.0,10,43,11778.981521272373
51º D.P. RIO PEQUENO,2025-10-27,0,0.0,0.0,0.0,0.0,0.0,10,44,11778.981521272373
51º D.P. RIO PEQUENO,2025-11-03,0,0.0,0.0,0.0,0.0,0.0,11,45,11778.981521272373
51º D.P. RIO PEQUENO,2025-11-10,0,0.0,0.0,0.0,0.0,0.0,11,46,11778.981521272373
51º D.P. RIO PEQUENO,2025-11-17,0,0.0,0.0,0.0,0.0,0.0,11,47,11778.981521272373
51º D.P. RIO PEQUENO,2025-11-24,0,0.0,0.0,0.0,0.0,0.0,11,48,11778.981521272373
51º D.P. RIO PEQUENO,2025-12-01,0,0.0,0.0,0.0,0.0,0.0,12,49,11778.981521272373
51º D.P. RIO PEQUENO,2025-12-08,0,0.0,0.0,0.0,0.0,0.0,12,50,11778.981521272373
51º D.P. RIO PEQUENO,2025-12-15,0,0.0,0.0,0.0,0.0,0.0,12,51,11778.981521272373
51º D.P. RIO PEQUENO,2025-12-22,0,0.0,0.0,0.0,0.0,0.0,12,52,11778.981521272373
51º D.P. RIO PEQUENO,2025-12-29,1,0.0,0.0,0.0,0.0,0.0,12,1,11778.981521272373
51º D.P. RIO PEQUENO,2026-01-05,0,1.0,0.0,0.25,0.125,1.0,1,2,11778.981521272373
51º D.P. RIO PEQUENO,2026-01-12,1,0.0,1.0,0.25,0.125,-1.0,1,3,11778.981521272373
51º D.P. RIO PEQUENO,2026-01-19,0,1.0,0.0,0.5,0.25,1.0,1,4,11778.981521272373
51º D.P. RIO PEQUENO,2026-01-26,0,0.0,1.0,0.5,0.25,-1.0,1,5,11778.981521272373
51º D.P. RIO PEQUENO,2026-02-02,1,0.0,0.0,0.25,0.25,0.0,2,6,11778.981521272373
51º D.P. RIO PEQUENO,2026-02-09,1,1.0,0.0,0.5,0.375,1.0,2,7,11778.981521272373
51º D.P. RIO PEQUENO,2026-02-16,0,1.0,1.0,0.5,0.5,0.0,2,8,11778.981521272373
51º D.P. RIO PEQUENO,2026-02-23,0,0.0,1.0,0.5,0.5,-1.0,2,9,11778.981521272373
51º D.P. RIO PEQUENO,2026-03-02,0,0.0,0.0,0.5,0.375,0.0,3,10,11778.981521272373
51º D.P. RIO PEQUENO,2026-03-09,0,0.0,0.0,0.25,0.375,0.0,3,11,11778.981521272373
51º D.P. RIO PEQUENO,2026-03-16,0,0.0,0.0,0.0,0.25,0.0,3,12,11778.981521272373
51º D.P. RIO PEQUENO,2026-03-23,0,0.0,0.0,0.0,0.25,0.0,3,13,11778.981521272373
51º D.P. RIO PEQUENO,2026-03-30,0,0.0,0.0,0.0,0.25,0.0,3,14,11778.981521272373
51º D.P. RIO PEQUENO,2026-04-06,0,0.0,0.0,0.0,0.125,0.0,4,15,11778.981521272373
51º D.P. RIO PEQUENO,2026-04-13,0,0.0,0.0,0.0,0.0,0.0,4,16,11778.981521272373
51º D.P. RIO PEQUENO,2026-04-20,0,0.0,0.0,0.0,0.0,0.0,4,17,11778.981521272373
51º D.P. RIO PEQUENO,2026-04-27,0,0.0,0.0,0.0,0.0,0.0,4,18,11778.981521272373
51º D.P. RIO PEQUENO,2026-05-04,0,0.0,0.0,0.0,0.0,0.0,5,19,11778.981521272373
51º D.P. RIO PEQUENO,2026-05-11,2,0.0,0.0,0.0,0.0,0.0,5,20,11778.981521272373
51º D.P. RIO PEQUENO,2026-05-18,0,2.0,0.0,0.5,0.25,2.0,5,21,11778.981521272373
51º D.P. RIO PEQUENO,2026-05-25,0,0.0,2.0,0.5,0.25,-2.0,5,22,11778.981521272373
53º D.P. PARQUE DO CARMO,2025-10-06,0,,,,,,10,41,9246.208856110363
53º D.P. PARQUE DO CARMO,2025-10-13,0,0.0,,0.0,0.0,,10,42,9246.208856110363
53º D.P. PARQUE DO CARMO,2025-10-20,0,0.0,0.0,0.0,0.0,0.0,10,43,9246.208856110363
53º D.P. PARQUE DO CARMO,2025-10-27,0,0.0,0.0,0.0,0.0,0.0,10,44,9246.208856110363
53º D.P. PARQUE DO CARMO,2025-11-03,0,0.0,0.0,0.0,0.0,0.0,11,45,9246.208856110363
53º D.P. PARQUE DO CARMO,2025-11-10,0,0.0,0.0,0.0,0.0,0.0,11,46,9246.208856110363
53º D.P. PARQUE DO CARMO,2025-11-17,0,0.0,0.0,0.0,0.0,0.0,11,47,9246.208856110363
53º D.P. PARQUE DO CARMO,2025-11-24,0,0.0,0.0,0.0,0.0,0.0,11,48,9246.208856110363
53º D.P. PARQUE DO CARMO,2025-12-01,0,0.0,0.0,0.0,0.0,0.0,12,49,9246.208856110363
53º D.P. PARQUE DO CARMO,2025-12-08,0,0.0,0.0,0.0,0.0,0.0,12,50,9246.208856110363
53º D.P. PARQUE DO CARMO,2025-12-15,0,0.0,0.0,0.0,0.0,0.0,12,51,9246.208856110363
53º D.P. PARQUE DO CARMO,2025-12-22,0,0.0,0.0,0.0,0.0,0.0,12,52,9246.208856110363
53º D.P. PARQUE DO CARMO,2025-12-29,0,0.0,0.0,0.0,0.0,0.0,12,1,9246.208856110363
53º D.P. PARQUE DO CARMO,2026-01-05,0,0.0,0.0,0.0,0.0,0.0,1,2,9246.208856110363
53º D.P. PARQUE DO CARMO,2026-01-12,0,0.0,0.0,0.0,0.0,0.0,1,3,9246.208856110363
53º D.P. PARQUE DO CARMO,2026-01-19,0,0.0,0.0,0.0,0.0,0.0,1,4,9246.208856110363
53º D.P. PARQUE DO CARMO,2026-01-26,2,0.0,0.0,0.0,0.0,0.0,1,5,9246.208856110363
53º D.P. PARQUE DO CARMO,2026-02-02,0,2.0,0.0,0.5,0.25,2.0,2,6,9246.208856110363
53º D.P. PARQUE DO CARMO,2026-02-09,0,0.0,2.0,0.5,0.25,-2.0,2,7,9246.208856110363
53º D.P. PARQUE DO CARMO,2026-02-16,0,0.0,0.0,0.5,0.25,0.0,2,8,9246.208856110363
53º D.P. PARQUE DO CARMO,2026-02-23,1,0.0,0.0,0.5,0.25,0.0,2,9,9246.208856110363
53º D.P. PARQUE DO CARMO,2026-03-02,0,1.0,0.0,0.25,0.375,1.0,3,10,9246.208856110363
53º D.P. PARQUE DO CARMO,2026-03-09,0,0.0,1.0,0.25,0.375,-1.0,3,11,9246.208856110363
53º D.P. PARQUE DO CARMO,2026-03-16,1,0.0,0.0,0.25,0.375,0.0,3,12,9246.208856110363
53º D.P. PARQUE DO CARMO,2026-03-23,0,1.0,0.0,0.5,0.5,1.0,3,13,9246.208856110363
53º D.P. PARQUE DO CARMO,2026-03-30,0,0.0,1.0,0.25,0.25,-1.0,3,14,9246.208856110363
53º D.P. PARQUE DO CARMO,2026-04-06,1,0.0,0.0,0.25,0.25,0.0,4,15,9246.208856110363
53º D.P. PARQUE DO CARMO,2026-04-13,0,1.0,0.0,0.5,0.375,1.0,4,16,9246.208856110363
53º D.P. PARQUE DO CARMO,2026-04-20,1,0.0,1.0,0.25,0.375,-1.0,4,17,9246.208856110363
53º D.P. PARQUE DO CARMO,2026-04-27,0,1.0,0.0,0.5,0.375,1.0,4,18,9246.208856110363
53º D.P. PARQUE DO CARMO,2026-05-04,0,0.0,1.0,0.5,0.375,-1.0,5,19,9246.208856110363
53º D.P. PARQUE DO CARMO,2026-05-11,0,0.0,0.0,0.25,0.375,0.0,5,20,9246.208856110363
53º D.P. PARQUE DO CARMO,2026-05-18,0,0.0,0.0,0.25,0.25,0.0,5,21,9246.208856110363
53º D.P. PARQUE DO CARMO,2026-05-25,0,0.0,0.0,0.0,0.25,0.0,5,22,9246.208856110363
54º D.P. CID. TIRADENTES,2025-10-06,0,,,,,,10,41,7156.47909277916
54º D.P. CID. TIRADENTES,2025-10-13,0,0.0,,0.0,0.0,,10,42,7156.47909277916
54º D.P. CID. TIRADENTES,2025-10-20,0,0.0,0.0,0.0,0.0,0.0,10,43,7156.47909277916
54º D.P. CID. TIRADENTES,2025-10-27,0,0.0,0.0,0.0,0.0,0.0,10,44,7156.47909277916
54º D.P. CID. TIRADENTES,2025-11-03,0,0.0,0.0,0.0,0.0,0.0,11,45,7156.47909277916
54º D.P. CID. TIRADENTES,2025-11-10,0,0.0,0.0,0.0,0.0,0.0,11,46,7156.47909277916
54º D.P. CID. TIRADENTES,2025-11-17,0,0.0,0.0,0.0,0.0,0.0,11,47,7156.47909277916
54º D.P. CID. TIRADENTES,2025-11-24,0,0.0,0.0,0.0,0.0,0.0,11,48,7156.47909277916
54º D.P. CID. TIRADENTES,2025-12-01,0,0.0,0.0,0.0,0.0,0.0,12,49,7156.47909277916
54º D.P. CID. TIRADENTES,2025-12-08,0,0.0,0.0,0.0,0.0,0.0,12,50,7156.47909277916
54º D.P. CID. TIRADENTES,2025-12-15,0,0.0,0.0,0.0,0.0,0.0,12,51,7156.47909277916
54º D.P. CID. TIRADENTES,2025-12-22,0,0.0,0.0,0.0,0.0,0.0,12,52,7156.47909277916
54º D.P. CID. TIRADENTES,2025-12-29,0,0.0,0.0,0.0,0.0,0.0,12,1,7156.47909277916
54º D.P. CID. TIRADENTES,2026-01-05,1,0.0,0.0,0.0,0.0,0.0,1,2,7156.47909277916
54º D.P. CID. TIRADENTES,2026-01-12,0,1.0,0.0,0.25,0.125,1.0,1,3,7156.47909277916
54º D.P. CID. TIRADENTES,2026-01-19,3,0.0,1.0,0.25,0.125,-1.0,1,4,7156.47909277916
54º D.P. CID. TIRADENTES,2026-01-26,1,3.0,0.0,1.0,0.5,3.0,1,5,7156.47909277916
54º D.P. CID. TIRADENTES,2026-02-02,2,1.0,3.0,1.25,0.625,-2.0,2,6,7156.47909277916
54º D.P. CID. TIRADENTES,2026-02-09,1,2.0,1.0,1.5,0.875,1.0,2,7,7156.47909277916
54º D.P. CID. TIRADENTES,2026-02-16,0,1.0,2.0,1.75,1.0,-1.0,2,8,7156.47909277916
54º D.P. CID. TIRADENTES,2026-02-23,0,0.0,1.0,1.0,1.0,-1.0,2,9,7156.47909277916
54º D.P. CID. TIRADENTES,2026-03-02,0,0.0,0.0,0.75,1.0,0.0,3,10,7156.47909277916
54º D.P. CID. TIRADENTES,2026-03-09,0,0.0,0.0,0.25,0.875,0.0,3,11,7156.47909277916
54º D.P. CID. TIRADENTES,2026-03-16,0,0.0,0.0,0.0,0.875,0.0,3,12,7156.47909277916
54º D.P. CID. TIRADENTES,2026-03-23,0,0.0,0.0,0.0,0.5,0.0,3,13,7156.47909277916
54º D.P. CID. TIRADENTES,2026-03-30,1,0.0,0.0,0.0,0.375,0.0,3,14,7156.47909277916
54º D.P. CID. TIRADENTES,2026-04-06,0,1.0,0.0,0.25,0.25,1.0,4,15,7156.47909277916
54º D.P. CID. TIRADENTES,2026-04-13,0,0.0,1.0,0.25,0.125,-1.0,4,16,7156.47909277916
54º D.P. CID. TIRADENTES,2026-04-20,3,0.0,0.0,0.25,0.125,0.0,4,17,7156.47909277916
54º D.P. CID. TIRADENTES,2026-04-27,0,3.0,0.0,1.0,0.5,3.0,4,18,7156.47909277916
54º D.P. CID. TIRADENTES,2026-05-04,0,0.0,3.0,0.75,0.5,-3.0,5,19,7156.47909277916
54º D.P. CID. TIRADENTES,2026-05-11,0,0.0,0.0,0.75,0.5,0.0,5,20,7156.47909277916
54º D.P. CID. TIRADENTES,2026-05-18,2,0.0,0.0,0.75,0.5,0.0,5,21,7156.47909277916
54º D.P. CID. TIRADENTES,2026-05-25,0,2.0,0.0,0.5,0.75,2.0,5,22,7156.47909277916
55º D.P. PARQUE S.RAFAEL,2025-10-06,0,,,,,,10,41,9375.372377494901
55º D.P. PARQUE S.RAFAEL,2025-10-13,0,0.0,,0.0,0.0,,10,42,9375.372377494901
55º D.P. PARQUE S.RAFAEL,2025-10-20,0,0.0,0.0,0.0,0.0,0.0,10,43,9375.372377494901
55º D.P. PARQUE S.RAFAEL,2025-10-27,0,0.0,0.0,0.0,0.0,0.0,10,44,9375.372377494901
55º D.P. PARQUE S.RAFAEL,2025-11-03,0,0.0,0.0,0.0,0.0,0.0,11,45,9375.372377494901
55º D.P. PARQUE S.RAFAEL,2025-11-10,0,0.0,0.0,0.0,0.0,0.0,11,46,9375.372377494901
55º D.P. PARQUE S.RAFAEL,2025-11-17,0,0.0,0.0,0.0,0.0,0.0,11,47,9375.372377494901
55º D.P. PARQUE S.RAFAEL,2025-11-24,0,0.0,0.0,0.0,0.0,0.0,11,48,9375.372377494901
55º D.P. PARQUE S.RAFAEL,2025-12-01,0,0.0,0.0,0.0,0.0,0.0,12,49,9375.372377494901
55º D.P. PARQUE S.RAFAEL,2025-12-08,0,0.0,0.0,0.0,0.0,0.0,12,50,9375.372377494901
55º D.P. PARQUE S.RAFAEL,2025-12-15,0,0.0,0.0,0.0,0.0,0.0,12,51,9375.372377494901
55º D.P. PARQUE S.RAFAEL,2025-12-22,0,0.0,0.0,0.0,0.0,0.0,12,52,9375.372377494901
55º D.P. PARQUE S.RAFAEL,2025-12-29,0,0.0,0.0,0.0,0.0,0.0,12,1,9375.372377494901
55º D.P. PARQUE S.RAFAEL,2026-01-05,0,0.0,0.0,0.0,0.0,0.0,1,2,9375.372377494901
55º D.P. PARQUE S.RAFAEL,2026-01-12,0,0.0,0.0,0.0,0.0,0.0,1,3,9375.372377494901
55º D.P. PARQUE S.RAFAEL,2026-01-19,0,0.0,0.0,0.0,0.0,0.0,1,4,9375.372377494901
55º D.P. PARQUE S.RAFAEL,2026-01-26,0,0.0,0.0,0.0,0.0,0.0,1,5,9375.372377494901
55º D.P. PARQUE S.RAFAEL,2026-02-02,1,0.0,0.0,0.0,0.0,0.0,2,6,9375.372377494901
55º D.P. PARQUE S.RAFAEL,2026-02-09,0,1.0,0.0,0.25,0.125,1.0,2,7,9375.372377494901
55º D.P. PARQUE S.RAFAEL,2026-02-16,0,0.0,1.0,0.25,0.125,-1.0,2,8,9375.372377494901
55º D.P. PARQUE S.RAFAEL,2026-02-23,0,0.0,0.0,0.25,0.125,0.0,2,9,9375.372377494901
55º D.P. PARQUE S.RAFAEL,2026-03-02,0,0.0,0.0,0.25,0.125,0.0,3,10,9375.372377494901
55º D.P. PARQUE S.RAFAEL,2026-03-09,0,0.0,0.0,0.0,0.125,0.0,3,11,9375.372377494901
55º D.P. PARQUE S.RAFAEL,2026-03-16,0,0.0,0.0,0.0,0.125,0.0,3,12,9375.372377494901
55º D.P. PARQUE S.RAFAEL,2026-03-23,0,0.0,0.0,0.0,0.125,0.0,3,13,9375.372377494901
55º D.P. PARQUE S.RAFAEL,2026-03-30,1,0.0,0.0,0.0,0.125,0.0,3,14,9375.372377494901
55º D.P. PARQUE S.RAFAEL,2026-04-06,0,1.0,0.0,0.25,0.125,1.0,4,15,9375.372377494901
55º D.P. PARQUE S.RAFAEL,2026-04-13,0,0.0,1.0,0.25,0.125,-1.0,4,16,9375.372377494901
55º D.P. PARQUE S.RAFAEL,2026-04-20,0,0.0,0.0,0.25,0.125,0.0,4,17,9375.372377494901
55º D.P. PARQUE S.RAFAEL,2026-04-27,0,0.0,0.0,0.25,0.125,0.0,4,18,9375.372377494901
55º D.P. PARQUE S.RAFAEL,2026-05-04,0,0.0,0.0,0.0,0.125,0.0,5,19,9375.372377494901
55º D.P. PARQUE S.RAFAEL,2026-05-11,0,0.0,0.0,0.0,0.125,0.0,5,20,9375.372377494901
55º D.P. PARQUE S.RAFAEL,2026-05-18,0,0.0,0.0,0.0,0.125,0.0,5,21,9375.372377494901
55º D.P. PARQUE S.RAFAEL,2026-05-25,0,0.0,0.0,0.0,0.125,0.0,5,22,9375.372377494901
56º D.P. VILA ALPINA,2025-10-06,0,,,,,,10,41,12369.366211637864
56º D.P. VILA ALPINA,2025-10-13,0,0.0,,0.0,0.0,,10,42,12369.366211637864
56º D.P. VILA ALPINA,2025-10-20,0,0.0,0.0,0.0,0.0,0.0,10,43,12369.366211637864
56º D.P. VILA ALPINA,2025-10-27,0,0.0,0.0,0.0,0.0,0.0,10,44,12369.366211637864
56º D.P. VILA ALPINA,2025-11-03,0,0.0,0.0,0.0,0.0,0.0,11,45,12369.366211637864
56º D.P. VILA ALPINA,2025-11-10,0,0.0,0.0,0.0,0.0,0.0,11,46,12369.366211637864
56º D.P. VILA ALPINA,2025-11-17,0,0.0,0.0,0.0,0.0,0.0,11,47,12369.366211637864
56º D.P. VILA ALPINA,2025-11-24,0,0.0,0.0,0.0,0.0,0.0,11,48,12369.366211637864
56º D.P. VILA ALPINA,2025-12-01,0,0.0,0.0,0.0,0.0,0.0,12,49,12369.366211637864
56º D.P. VILA ALPINA,2025-12-08,0,0.0,0.0,0.0,0.0,0.0,12,50,12369.366211637864
56º D.P. VILA ALPINA,2025-12-15,0,0.0,0.0,0.0,0.0,0.0,12,51,12369.366211637864
56º D.P. VILA ALPINA,2025-12-22,0,0.0,0.0,0.0,0.0,0.0,12,52,12369.366211637864
56º D.P. VILA ALPINA,2025-12-29,0,0.0,0.0,0.0,0.0,0.0,12,1,12369.366211637864
56º D.P. VILA ALPINA,2026-01-05,0,0.0,0.0,0.0,0.0,0.0,1,2,12369.366211637864
56º D.P. VILA ALPINA,2026-01-12,0,0.0,0.0,0.0,0.0,0.0,1,3,12369.366211637864
56º D.P. VILA ALPINA,2026-01-19,0,0.0,0.0,0.0,0.0,0.0,1,4,12369.366211637864
56º D.P. VILA ALPINA,2026-01-26,0,0.0,0.0,0.0,0.0,0.0,1,5,12369.366211637864
56º D.P. VILA ALPINA,2026-02-02,0,0.0,0.0,0.0,0.0,0.0,2,6,12369.366211637864
56º D.P. VILA ALPINA,2026-02-09,0,0.0,0.0,0.0,0.0,0.0,2,7,12369.366211637864
56º D.P. VILA ALPINA,2026-02-16,0,0.0,0.0,0.0,0.0,0.0,2,8,12369.366211637864
56º D.P. VILA ALPINA,2026-02-23,0,0.0,0.0,0.0,0.0,0.0,2,9,12369.366211637864
56º D.P. VILA ALPINA,2026-03-02,1,0.0,0.0,0.0,0.0,0.0,3,10,12369.366211637864
56º D.P. VILA ALPINA,2026-03-09,0,1.0,0.0,0.25,0.125,1.0,3,11,12369.366211637864
56º D.P. VILA ALPINA,2026-03-16,0,0.0,1.0,0.25,0.125,-1.0,3,12,12369.366211637864
56º D.P. VILA ALPINA,2026-03-23,0,0.0,0.0,0.25,0.125,0.0,3,13,12369.366211637864
56º D.P. VILA ALPINA,2026-03-30,0,0.0,0.0,0.25,0.125,0.0,3,14,12369.366211637864
56º D.P. VILA ALPINA,2026-04-06,0,0.0,0.0,0.0,0.125,0.0,4,15,12369.366211637864
56º D.P. VILA ALPINA,2026-04-13,0,0.0,0.0,0.0,0.125,0.0,4,16,12369.366211637864
56º D.P. VILA ALPINA,2026-04-20,0,0.0,0.0,0.0,0.125,0.0,4,17,12369.366211637864
56º D.P. VILA ALPINA,2026-04-27,1,0.0,0.0,0.0,0.125,0.0,4,18,12369.366211637864
56º D.P. VILA ALPINA,2026-05-04,0,1.0,0.0,0.25,0.125,1.0,5,19,12369.366211637864
56º D.P. VILA ALPINA,2026-05-11,1,0.0,1.0,0.25,0.125,-1.0,5,20,12369.366211637864
56º D.P. VILA ALPINA,2026-05-18,0,1.0,0.0,0.5,0.25,1.0,5,21,12369.366211637864
56º D.P. VILA ALPINA,2026-05-25,0,0.0,1.0,0.5,0.25,-1.0,5,22,12369.366211637864
57º D.P. PARQUE DA MOOCA,2025-10-06,0,,,,,,10,41,12378.643499772592
57º D.P. PARQUE DA MOOCA,2025-10-13,0,0.0,,0.0,0.0,,10,42,12378.643499772592
57º D.P. PARQUE DA MOOCA,2025-10-20,0,0.0,0.0,0.0,0.0,0.0,10,43,12378.643499772592
57º D.P. PARQUE DA MOOCA,2025-10-27,0,0.0,0.0,0.0,0.0,0.0,10,44,12378.643499772592
57º D.P. PARQUE DA MOOCA,2025-11-03,0,0.0,0.0,0.0,0.0,0.0,11,45,12378.643499772592
57º D.P. PARQUE DA MOOCA,2025-11-10,0,0.0,0.0,0.0,0.0,0.0,11,46,12378.643499772592
57º D.P. PARQUE DA MOOCA,2025-11-17,0,0.0,0.0,0.0,0.0,0.0,11,47,12378.643499772592
57º D.P. PARQUE DA MOOCA,2025-11-24,0,0.0,0.0,0.0,0.0,0.0,11,48,12378.643499772592
57º D.P. PARQUE DA MOOCA,2025-12-01,0,0.0,0.0,0.0,0.0,0.0,12,49,12378.643499772592
57º D.P. PARQUE DA MOOCA,2025-12-08,0,0.0,0.0,0.0,0.0,0.0,12,50,12378.643499772592
57º D.P. PARQUE DA MOOCA,2025-12-15,0,0.0,0.0,0.0,0.0,0.0,12,51,12378.643499772592
57º D.P. PARQUE DA MOOCA,2025-12-22,0,0.0,0.0,0.0,0.0,0.0,12,52,12378.643499772592
57º D.P. PARQUE DA MOOCA,2025-12-29,0,0.0,0.0,0.0,0.0,0.0,12,1,12378.643499772592
57º D.P. PARQUE DA MOOCA,2026-01-05,0,0.0,0.0,0.0,0.0,0.0,1,2,12378.643499772592
57º D.P. PARQUE DA MOOCA,2026-01-12,0,0.0,0.0,0.0,0.0,0.0,1,3,12378.643499772592
57º D.P. PARQUE DA MOOCA,2026-01-19,0,0.0,0.0,0.0,0.0,0.0,1,4,12378.643499772592
57º D.P. PARQUE DA MOOCA,2026-01-26,0,0.0,0.0,0.0,0.0,0.0,1,5,12378.643499772592
57º D.P. PARQUE DA MOOCA,2026-02-02,0,0.0,0.0,0.0,0.0,0.0,2,6,12378.643499772592
57º D.P. PARQUE DA MOOCA,2026-02-09,0,0.0,0.0,0.0,0.0,0.0,2,7,12378.643499772592
57º D.P. PARQUE DA MOOCA,2026-02-16,0,0.0,0.0,0.0,0.0,0.0,2,8,12378.643499772592
57º D.P. PARQUE DA MOOCA,2026-02-23,1,0.0,0.0,0.0,0.0,0.0,2,9,12378.643499772592
57º D.P. PARQUE DA MOOCA,2026-03-02,0,1.0,0.0,0.25,0.125,1.0,3,10,12378.643499772592
57º D.P. PARQUE DA MOOCA,2026-03-09,0,0.0,1.0,0.25,0.125,-1.0,3,11,12378.643499772592
57º D.P. PARQUE DA MOOCA,2026-03-16,0,0.0,0.0,0.25,0.125,0.0,3,12,12378.643499772592
57º D.P. PARQUE DA MOOCA,2026-03-23,0,0.0,0.0,0.25,0.125,0.0,3,13,12378.643499772592
57º D.P. PARQUE DA MOOCA,2026-03-30,0,0.0,0.0,0.0,0.125,0.0,3,14,12378.643499772592
57º D.P. PARQUE DA MOOCA,2026-04-06,1,0.0,0.0,0.0,0.125,0.0,4,15,12378.643499772592
57º D.P. PARQUE DA MOOCA,2026-04-13,0,1.0,0.0,0.25,0.25,1.0,4,16,12378.643499772592
57º D.P. PARQUE DA MOOCA,2026-04-20,0,0.0,1.0,0.25,0.25,-1.0,4,17,12378.643499772592
57º D.P. PARQUE DA MOOCA,2026-04-27,0,0.0,0.0,0.25,0.125,0.0,4,18,12378.643499772592
57º D.P. PARQUE DA MOOCA,2026-05-04,0,0.0,0.0,0.25,0.125,0.0,5,19,12378.643499772592
57º D.P. PARQUE DA MOOCA,2026-05-11,0,0.0,0.0,0.0,0.125,0.0,5,20,12378.643499772592
57º D.P. PARQUE DA MOOCA,2026-05-18,0,0.0,0.0,0.0,0.125,0.0,5,21,12378.643499772592
57º D.P. PARQUE DA MOOCA,2026-05-25,0,0.0,0.0,0.0,0.125,0.0,5,22,12378.643499772592
58º D.P. VILA FORMOSA,2025-10-06,0,,,,,,10,41,11603.837535472301
58º D.P. VILA FORMOSA,2025-10-13,0,0.0,,0.0,0.0,,10,42,11603.837535472301
58º D.P. VILA FORMOSA,2025-10-20,0,0.0,0.0,0.0,0.0,0.0,10,43,11603.837535472301
58º D.P. VILA FORMOSA,2025-10-27,0,0.0,0.0,0.0,0.0,0.0,10,44,11603.837535472301
58º D.P. VILA FORMOSA,2025-11-03,0,0.0,0.0,0.0,0.0,0.0,11,45,11603.837535472301
58º D.P. VILA FORMOSA,2025-11-10,0,0.0,0.0,0.0,0.0,0.0,11,46,11603.837535472301
58º D.P. VILA FORMOSA,2025-11-17,0,0.0,0.0,0.0,0.0,0.0,11,47,11603.837535472301
58º D.P. VILA FORMOSA,2025-11-24,0,0.0,0.0,0.0,0.0,0.0,11,48,11603.837535472301
58º D.P. VILA FORMOSA,2025-12-01,0,0.0,0.0,0.0,0.0,0.0,12,49,11603.837535472301
58º D.P. VILA FORMOSA,2025-12-08,0,0.0,0.0,0.0,0.0,0.0,12,50,11603.837535472301
58º D.P. VILA FORMOSA,2025-12-15,0,0.0,0.0,0.0,0.0,0.0,12,51,11603.837535472301
58º D.P. VILA FORMOSA,2025-12-22,0,0.0,0.0,0.0,0.0,0.0,12,52,11603.837535472301
58º D.P. VILA FORMOSA,2025-12-29,0,0.0,0.0,0.0,0.0,0.0,12,1,11603.837535472301
58º D.P. VILA FORMOSA,2026-01-05,0,0.0,0.0,0.0,0.0,0.0,1,2,11603.837535472301
58º D.P. VILA FORMOSA,2026-01-12,0,0.0,0.0,0.0,0.0,0.0,1,3,11603.837535472301
58º D.P. VILA FORMOSA,2026-01-19,0,0.0,0.0,0.0,0.0,0.0,1,4,11603.837535472301
58º D.P. VILA FORMOSA,2026-01-26,0,0.0,0.0,0.0,0.0,0.0,1,5,11603.837535472301
58º D.P. VILA FORMOSA,2026-02-02,0,0.0,0.0,0.0,0.0,0.0,2,6,11603.837535472301
58º D.P. VILA FORMOSA,2026-02-09,0,0.0,0.0,0.0,0.0,0.0,2,7,11603.837535472301
58º D.P. VILA FORMOSA,2026-02-16,0,0.0,0.0,0.0,0.0,0.0,2,8,11603.837535472301
58º D.P. VILA FORMOSA,2026-02-23,0,0.0,0.0,0.0,0.0,0.0,2,9,11603.837535472301
58º D.P. VILA FORMOSA,2026-03-02,0,0.0,0.0,0.0,0.0,0.0,3,10,11603.837535472301
58º D.P. VILA FORMOSA,2026-03-09,0,0.0,0.0,0.0,0.0,0.0,3,11,11603.837535472301
58º D.P. VILA FORMOSA,2026-03-16,0,0.0,0.0,0.0,0.0,0.0,3,12,11603.837535472301
58º D.P. VILA FORMOSA,2026-03-23,0,0.0,0.0,0.0,0.0,0.0,3,13,11603.837535472301
58º D.P. VILA FORMOSA,2026-03-30,0,0.0,0.0,0.0,0.0,0.0,3,14,11603.837535472301
58º D.P. VILA FORMOSA,2026-04-06,0,0.0,0.0,0.0,0.0,0.0,4,15,11603.837535472301
58º D.P. VILA FORMOSA,2026-04-13,0,0.0,0.0,0.0,0.0,0.0,4,16,11603.837535472301
58º D.P. VILA FORMOSA,2026-04-20,0,0.0,0.0,0.0,0.0,0.0,4,17,11603.837535472301
58º D.P. VILA FORMOSA,2026-04-27,0,0.0,0.0,0.0,0.0,0.0,4,18,11603.837535472301
58º D.P. VILA FORMOSA,2026-05-04,0,0.0,0.0,0.0,0.0,0.0,5,19,11603.837535472301
58º D.P. VILA FORMOSA,2026-05-11,1,0.0,0.0,0.0,0.0,0.0,5,20,11603.837535472301
58º D.P. VILA FORMOSA,2026-05-18,2,1.0,0.0,0.25,0.125,1.0,5,21,11603.837535472301
58º D.P. VILA FORMOSA,2026-05-25,0,2.0,1.0,0.75,0.375,1.0,5,22,11603.837535472301
59º D.P. JARDIM DOS IPES,2025-10-06,0,,,,,,10,41,7308.156584395519
59º D.P. JARDIM DOS IPES,2025-10-13,0,0.0,,0.0,0.0,,10,42,7308.156584395519
59º D.P. JARDIM DOS IPES,2025-10-20,0,0.0,0.0,0.0,0.0,0.0,10,43,7308.156584395519
59º D.P. JARDIM DOS IPES,2025-10-27,0,0.0,0.0,0.0,0.0,0.0,10,44,7308.156584395519
59º D.P. JARDIM DOS IPES,2025-11-03,0,0.0,0.0,0.0,0.0,0.0,11,45,7308.156584395519
59º D.P. JARDIM DOS IPES,2025-11-10,0,0.0,0.0,0.0,0.0,0.0,11,46,7308.156584395519
59º D.P. JARDIM DOS IPES,2025-11-17,0,0.0,0.0,0.0,0.0,0.0,11,47,7308.156584395519
59º D.P. JARDIM DOS IPES,2025-11-24,0,0.0,0.0,0.0,0.0,0.0,11,48,7308.156584395519
59º D.P. JARDIM DOS IPES,2025-12-01,0,0.0,0.0,0.0,0.0,0.0,12,49,7308.156584395519
59º D.P. JARDIM DOS IPES,2025-12-08,0,0.0,0.0,0.0,0.0,0.0,12,50,7308.156584395519
59º D.P. JARDIM DOS IPES,2025-12-15,0,0.0,0.0,0.0,0.0,0.0,12,51,7308.156584395519
59º D.P. JARDIM DOS IPES,2025-12-22,0,0.0,0.0,0.0,0.0,0.0,12,52,7308.156584395519
59º D.P. JARDIM DOS IPES,2025-12-29,0,0.0,0.0,0.0,0.0,0.0,12,1,7308.156584395519
59º D.P. JARDIM DOS IPES,2026-01-05,0,0.0,0.0,0.0,0.0,0.0,1,2,7308.156584395519
59º D.P. JARDIM DOS IPES,2026-01-12,0,0.0,0.0,0.0,0.0,0.0,1,3,7308.156584395519
59º D.P. JARDIM DOS IPES,2026-01-19,0,0.0,0.0,0.0,0.0,0.0,1,4,7308.156584395519
59º D.P. JARDIM DOS IPES,2026-01-26,0,0.0,0.0,0.0,0.0,0.0,1,5,7308.156584395519
59º D.P. JARDIM DOS IPES,2026-02-02,0,0.0,0.0,0.0,0.0,0.0,2,6,7308.156584395519
59º D.P. JARDIM DOS IPES,2026-02-09,0,0.0,0.0,0.0,0.0,0.0,2,7,7308.156584395519
59º D.P. JARDIM DOS IPES,2026-02-16,0,0.0,0.0,0.0,0.0,0.0,2,8,7308.156584395519
59º D.P. JARDIM DOS IPES,2026-02-23,1,0.0,0.0,0.0,0.0,0.0,2,9,7308.156584395519
59º D.P. JARDIM DOS IPES,2026-03-02,0,1.0,0.0,0.25,0.125,1.0,3,10,7308.156584395519
59º D.P. JARDIM DOS IPES,2026-03-09,0,0.0,1.0,0.25,0.125,-1.0,3,11,7308.156584395519
59º D.P. JARDIM DOS IPES,2026-03-16,1,0.0,0.0,0.25,0.125,0.0,3,12,7308.156584395519
59º D.P. JARDIM DOS IPES,2026-03-23,1,1.0,0.0,0.5,0.25,1.0,3,13,7308.156584395519
59º D.P. JARDIM DOS IPES,2026-03-30,0,1.0,1.0,0.5,0.375,0.0,3,14,7308.156584395519
59º D.P. JARDIM DOS IPES,2026-04-06,0,0.0,1.0,0.5,0.375,-1.0,4,15,7308.156584395519
59º D.P. JARDIM DOS IPES,2026-04-13,0,0.0,0.0,0.5,0.375,0.0,4,16,7308.156584395519
59º D.P. JARDIM DOS IPES,2026-04-20,2,0.0,0.0,0.25,0.375,0.0,4,17,7308.156584395519
59º D.P. JARDIM DOS IPES,2026-04-27,0,2.0,0.0,0.5,0.5,2.0,4,18,7308.156584395519
59º D.P. JARDIM DOS IPES,2026-05-04,0,0.0,2.0,0.5,0.5,-2.0,5,19,7308.156584395519
59º D.P. JARDIM DOS IPES,2026-05-11,1,0.0,0.0,0.5,0.5,0.0,5,20,7308.156584395519
59º D.P. JARDIM DOS IPES,2026-05-18,0,1.0,0.0,0.75,0.5,1.0,5,21,7308.156584395519
59º D.P. JARDIM DOS IPES,2026-05-25,0,0.0,1.0,0.25,0.375,-1.0,5,22,7308.156584395519
62º D.P. ERMELINO MATARAZZO,2025-10-06,0,,,,,,10,41,9273.04389194597
62º D.P. ERMELINO MATARAZZO,2025-10-13,0,0.0,,0.0,0.0,,10,42,9273.04389194597
62º D.P. ERMELINO MATARAZZO,2025-10-20,0,0.0,0.0,0.0,0.0,0.0,10,43,9273.04389194597
62º D.P. ERMELINO MATARAZZO,2025-10-27,0,0.0,0.0,0.0,0.0,0.0,10,44,9273.04389194597
62º D.P. ERMELINO MATARAZZO,2025-11-03,0,0.0,0.0,0.0,0.0,0.0,11,45,9273.04389194597
62º D.P. ERMELINO MATARAZZO,2025-11-10,0,0.0,0.0,0.0,0.0,0.0,11,46,9273.04389194597
62º D.P. ERMELINO MATARAZZO,2025-11-17,0,0.0,0.0,0.0,0.0,0.0,11,47,9273.04389194597
62º D.P. ERMELINO MATARAZZO,2025-11-24,0,0.0,0.0,0.0,0.0,0.0,11,48,9273.04389194597
62º D.P. ERMELINO MATARAZZO,2025-12-01,0,0.0,0.0,0.0,0.0,0.0,12,49,9273.04389194597
62º D.P. ERMELINO MATARAZZO,2025-12-08,0,0.0,0.0,0.0,0.0,0.0,12,50,9273.04389194597
62º D.P. ERMELINO MATARAZZO,2025-12-15,0,0.0,0.0,0.0,0.0,0.0,12,51,9273.04389194597
62º D.P. ERMELINO MATARAZZO,2025-12-22,0,0.0,0.0,0.0,0.0,0.0,12,52,9273.04389194597
62º D.P. ERMELINO MATARAZZO,2025-12-29,0,0.0,0.0,0.0,0.0,0.0,12,1,9273.04389194597
62º D.P. ERMELINO MATARAZZO,2026-01-05,0,0.0,0.0,0.0,0.0,0.0,1,2,9273.04389194597
62º D.P. ERMELINO MATARAZZO,2026-01-12,0,0.0,0.0,0.0,0.0,0.0,1,3,9273.04389194597
62º D.P. ERMELINO MATARAZZO,2026-01-19,0,0.0,0.0,0.0,0.0,0.0,1,4,9273.04389194597
62º D.P. ERMELINO MATARAZZO,2026-01-26,0,0.0,0.0,0.0,0.0,0.0,1,5,9273.04389194597
62º D.P. ERMELINO MATARAZZO,2026-02-02,0,0.0,0.0,0.0,0.0,0.0,2,6,9273.04389194597
62º D.P. ERMELINO MATARAZZO,2026-02-09,1,0.0,0.0,0.0,0.0,0.0,2,7,9273.04389194597
62º D.P. ERMELINO MATARAZZO,2026-02-16,0,1.0,0.0,0.25,0.125,1.0,2,8,9273.04389194597
62º D.P. ERMELINO MATARAZZO,2026-02-23,0,0.0,1.0,0.25,0.125,-1.0,2,9,9273.04389194597
62º D.P. ERMELINO MATARAZZO,2026-03-02,0,0.0,0.0,0.25,0.125,0.0,3,10,9273.04389194597
62º D.P. ERMELINO MATARAZZO,2026-03-09,0,0.0,0.0,0.25,0.125,0.0,3,11,9273.04389194597
62º D.P. ERMELINO MATARAZZO,2026-03-16,1,0.0,0.0,0.0,0.125,0.0,3,12,9273.04389194597
62º D.P. ERMELINO MATARAZZO,2026-03-23,0,1.0,0.0,0.25,0.25,1.0,3,13,9273.04389194597
62º D.P. ERMELINO MATARAZZO,2026-03-30,0,0.0,1.0,0.25,0.25,-1.0,3,14,9273.04389194597
62º D.P. ERMELINO MATARAZZO,2026-04-06,0,0.0,0.0,0.25,0.25,0.0,4,15,9273.04389194597
62º D.P. ERMELINO MATARAZZO,2026-04-13,0,0.0,0.0,0.25,0.125,0.0,4,16,9273.04389194597
62º D.P. ERMELINO MATARAZZO,2026-04-20,0,0.0,0.0,0.0,0.125,0.0,4,17,9273.04389194597
62º D.P. ERMELINO MATARAZZO,2026-04-27,0,0.0,0.0,0.0,0.125,0.0,4,18,9273.04389194597
62º D.P. ERMELINO MATARAZZO,2026-05-04,0,0.0,0.0,0.0,0.125,0.0,5,19,9273.04389194597
62º D.P. ERMELINO MATARAZZO,2026-05-11,0,0.0,0.0,0.0,0.125,0.0,5,20,9273.04389194597
62º D.P. ERMELINO MATARAZZO,2026-05-18,0,0.0,0.0,0.0,0.0,0.0,5,21,9273.04389194597
62º D.P. ERMELINO MATARAZZO,2026-05-25,0,0.0,0.0,0.0,0.0,0.0,5,22,9273.04389194597
63º D.P. VILA JACUI,2025-10-06,0,,,,,,10,41,9063.778456181677
63º D.P. VILA JACUI,2025-10-13,0,0.0,,0.0,0.0,,10,42,9063.778456181677
63º D.P. VILA JACUI,2025-10-20,0,0.0,0.0,0.0,0.0,0.0,10,43,9063.778456181677
63º D.P. VILA JACUI,2025-10-27,0,0.0,0.0,0.0,0.0,0.0,10,44,9063.778456181677
63º D.P. VILA JACUI,2025-11-03,0,0.0,0.0,0.0,0.0,0.0,11,45,9063.778456181677
63º D.P. VILA JACUI,2025-11-10,0,0.0,0.0,0.0,0.0,0.0,11,46,9063.778456181677
63º D.P. VILA JACUI,2025-11-17,0,0.0,0.0,0.0,0.0,0.0,11,47,9063.778456181677
63º D.P. VILA JACUI,2025-11-24,0,0.0,0.0,0.0,0.0,0.0,11,48,9063.778456181677
63º D.P. VILA JACUI,2025-12-01,0,0.0,0.0,0.0,0.0,0.0,12,49,9063.778456181677
63º D.P. VILA JACUI,2025-12-08,0,0.0,0.0,0.0,0.0,0.0,12,50,9063.778456181677
63º D.P. VILA JACUI,2025-12-15,0,0.0,0.0,0.0,0.0,0.0,12,51,9063.778456181677
63º D.P. VILA JACUI,2025-12-22,0,0.0,0.0,0.0,0.0,0.0,12,52,9063.778456181677
63º D.P. VILA JACUI,2025-12-29,0,0.0,0.0,0.0,0.0,0.0,12,1,9063.778456181677
63º D.P. VILA JACUI,2026-01-05,0,0.0,0.0,0.0,0.0,0.0,1,2,9063.778456181677
63º D.P. VILA JACUI,2026-01-12,1,0.0,0.0,0.0,0.0,0.0,1,3,9063.778456181677
63º D.P. VILA JACUI,2026-01-19,1,1.0,0.0,0.25,0.125,1.0,1,4,9063.778456181677
63º D.P. VILA JACUI,2026-01-26,0,1.0,1.0,0.5,0.25,0.0,1,5,9063.778456181677
63º D.P. VILA JACUI,2026-02-02,0,0.0,1.0,0.5,0.25,-1.0,2,6,9063.778456181677
63º D.P. VILA JACUI,2026-02-09,1,0.0,0.0,0.5,0.25,0.0,2,7,9063.778456181677
63º D.P. VILA JACUI,2026-02-16,0,1.0,0.0,0.5,0.375,1.0,2,8,9063.778456181677
63º D.P. VILA JACUI,2026-02-23,1,0.0,1.0,0.25,0.375,-1.0,2,9,9063.778456181677
63º D.P. VILA JACUI,2026-03-02,2,1.0,0.0,0.5,0.5,1.0,3,10,9063.778456181677
63º D.P. VILA JACUI,2026-03-09,0,2.0,1.0,1.0,0.75,1.0,3,11,9063.778456181677
63º D.P. VILA JACUI,2026-03-16,1,0.0,2.0,0.75,0.625,-2.0,3,12,9063.778456181677
63º D.P. VILA JACUI,2026-03-23,1,1.0,0.0,1.0,0.625,1.0,3,13,9063.778456181677
63º D.P. VILA JACUI,2026-03-30,0,1.0,1.0,1.0,0.75,0.0,3,14,9063.778456181677
63º D.P. VILA JACUI,2026-04-06,0,0.0,1.0,0.5,0.75,-1.0,4,15,9063.778456181677
63º D.P. VILA JACUI,2026-04-13,1,0.0,0.0,0.5,0.625,0.0,4,16,9063.778456181677
63º D.P. VILA JACUI,2026-04-20,4,1.0,0.0,0.5,0.75,1.0,4,17,9063.778456181677
63º D.P. VILA JACUI,2026-04-27,0,4.0,1.0,1.25,1.125,3.0,4,18,9063.778456181677
63º D.P. VILA JACUI,2026-05-04,2,0.0,4.0,1.25,0.875,-4.0,5,19,9063.778456181677
63º D.P. VILA JACUI,2026-05-11,0,2.0,0.0,1.75,1.125,2.0,5,20,9063.778456181677
63º D.P. VILA JACUI,2026-05-18,1,0.0,2.0,1.5,1.0,-2.0,5,21,9063.778456181677
63º D.P. VILA JACUI,2026-05-25,0,1.0,0.0,0.75,1.0,1.0,5,22,9063.778456181677
64º D.P. CID.AE CARVALHO,2025-10-06,0,,,,,,10,41,9571.847109053177
64º D.P. CID.AE CARVALHO,2025-10-13,0,0.0,,0.0,0.0,,10,42,9571.847109053177
64º D.P. CID.AE CARVALHO,2025-10-20,0,0.0,0.0,0.0,0.0,0.0,10,43,9571.847109053177
64º D.P. CID.AE CARVALHO,2025-10-27,0,0.0,0.0,0.0,0.0,0.0,10,44,9571.847109053177
64º D.P. CID.AE CARVALHO,2025-11-03,0,0.0,0.0,0.0,0.0,0.0,11,45,9571.847109053177
64º D.P. CID.AE CARVALHO,2025-11-10,0,0.0,0.0,0.0,0.0,0.0,11,46,9571.847109053177
64º D.P. CID.AE CARVALHO,2025-11-17,0,0.0,0.0,0.0,0.0,0.0,11,47,9571.847109053177
64º D.P. CID.AE CARVALHO,2025-11-24,0,0.0,0.0,0.0,0.0,0.0,11,48,9571.847109053177
64º D.P. CID.AE CARVALHO,2025-12-01,0,0.0,0.0,0.0,0.0,0.0,12,49,9571.847109053177
64º D.P. CID.AE CARVALHO,2025-12-08,0,0.0,0.0,0.0,0.0,0.0,12,50,9571.847109053177
64º D.P. CID.AE CARVALHO,2025-12-15,0,0.0,0.0,0.0,0.0,0.0,12,51,9571.847109053177
64º D.P. CID.AE CARVALHO,2025-12-22,0,0.0,0.0,0.0,0.0,0.0,12,52,9571.847109053177
64º D.P. CID.AE CARVALHO,2025-12-29,0,0.0,0.0,0.0,0.0,0.0,12,1,9571.847109053177
64º D.P. CID.AE CARVALHO,2026-01-05,5,0.0,0.0,0.0,0.0,0.0,1,2,9571.847109053177
64º D.P. CID.AE CARVALHO,2026-01-12,1,5.0,0.0,1.25,0.625,5.0,1,3,9571.847109053177
64º D.P. CID.AE CARVALHO,2026-01-19,0,1.0,5.0,1.5,0.75,-4.0,1,4,9571.847109053177
64º D.P. CID.AE CARVALHO,2026-01-26,0,0.0,1.0,1.5,0.75,-1.0,1,5,9571.847109053177
64º D.P. CID.AE CARVALHO,2026-02-02,0,0.0,0.0,1.5,0.75,0.0,2,6,9571.847109053177
64º D.P. CID.AE CARVALHO,2026-02-09,0,0.0,0.0,0.25,0.75,0.0,2,7,9571.847109053177
64º D.P. CID.AE CARVALHO,2026-02-16,1,0.0,0.0,0.0,0.75,0.0,2,8,9571.847109053177
64º D.P. CID.AE CARVALHO,2026-02-23,1,1.0,0.0,0.25,0.875,1.0,2,9,9571.847109053177
64º D.P. CID.AE CARVALHO,2026-03-02,0,1.0,1.0,0.5,1.0,0.0,3,10,9571.847109053177
64º D.P. CID.AE CARVALHO,2026-03-09,0,0.0,1.0,0.5,0.375,-1.0,3,11,9571.847109053177
64º D.P. CID.AE CARVALHO,2026-03-16,0,0.0,0.0,0.5,0.25,0.0,3,12,9571.847109053177
64º D.P. CID.AE CARVALHO,2026-03-23,1,0.0,0.0,0.25,0.25,0.0,3,13,9571.847109053177
64º D.P. CID.AE CARVALHO,2026-03-30,0,1.0,0.0,0.25,0.375,1.0,3,14,9571.847109053177
64º D.P. CID.AE CARVALHO,2026-04-06,0,0.0,1.0,0.25,0.375,-1.0,4,15,9571.847109053177
64º D.P. CID.AE CARVALHO,2026-04-13,0,0.0,0.0,0.25,0.375,0.0,4,16,9571.847109053177
64º D.P. CID.AE CARVALHO,2026-04-20,0,0.0,0.0,0.25,0.25,0.0,4,17,9571.847109053177
64º D.P. CID.AE CARVALHO,2026-04-27,0,0.0,0.0,0.0,0.125,0.0,4,18,9571.847109053177
64º D.P. CID.AE CARVALHO,2026-05-04,0,0.0,0.0,0.0,0.125,0.0,5,19,9571.847109053177
64º D.P. CID.AE CARVALHO,2026-05-11,0,0.0,0.0,0.0,0.125,0.0,5,20,9571.847109053177
64º D.P. CID.AE CARVALHO,2026-05-18,1,0.0,0.0,0.0,0.125,0.0,5,21,9571.847109053177
64º D.P. CID.AE CARVALHO,2026-05-25,0,1.0,0.0,0.25,0.125,1.0,5,22,9571.847109053177
65º D.P. ARTUR ALVIM,2025-10-06,0,,,,,,10,41,10356.748105694238
65º D.P. ARTUR ALVIM,2025-10-13,0,0.0,,0.0,0.0,,10,42,10356.748105694238
65º D.P. ARTUR ALVIM,2025-10-20,0,0.0,0.0,0.0,0.0,0.0,10,43,10356.748105694238
65º D.P. ARTUR ALVIM,2025-10-27,0,0.0,0.0,0.0,0.0,0.0,10,44,10356.748105694238
65º D.P. ARTUR ALVIM,2025-11-03,0,0.0,0.0,0.0,0.0,0.0,11,45,10356.748105694238
65º D.P. ARTUR ALVIM,2025-11-10,0,0.0,0.0,0.0,0.0,0.0,11,46,10356.748105694238
65º D.P. ARTUR ALVIM,2025-11-17,0,0.0,0.0,0.0,0.0,0.0,11,47,10356.748105694238
65º D.P. ARTUR ALVIM,2025-11-24,0,0.0,0.0,0.0,0.0,0.0,11,48,10356.748105694238
65º D.P. ARTUR ALVIM,2025-12-01,0,0.0,0.0,0.0,0.0,0.0,12,49,10356.748105694238
65º D.P. ARTUR ALVIM,2025-12-08,0,0.0,0.0,0.0,0.0,0.0,12,50,10356.748105694238
65º D.P. ARTUR ALVIM,2025-12-15,0,0.0,0.0,0.0,0.0,0.0,12,51,10356.748105694238
65º D.P. ARTUR ALVIM,2025-12-22,0,0.0,0.0,0.0,0.0,0.0,12,52,10356.748105694238
65º D.P. ARTUR ALVIM,2025-12-29,0,0.0,0.0,0.0,0.0,0.0,12,1,10356.748105694238
65º D.P. ARTUR ALVIM,2026-01-05,0,0.0,0.0,0.0,0.0,0.0,1,2,10356.748105694238
65º D.P. ARTUR ALVIM,2026-01-12,0,0.0,0.0,0.0,0.0,0.0,1,3,10356.748105694238
65º D.P. ARTUR ALVIM,2026-01-19,0,0.0,0.0,0.0,0.0,0.0,1,4,10356.748105694238
65º D.P. ARTUR ALVIM,2026-01-26,0,0.0,0.0,0.0,0.0,0.0,1,5,10356.748105694238
65º D.P. ARTUR ALVIM,2026-02-02,0,0.0,0.0,0.0,0.0,0.0,2,6,10356.748105694238
65º D.P. ARTUR ALVIM,2026-02-09,1,0.0,0.0,0.0,0.0,0.0,2,7,10356.748105694238
65º D.P. ARTUR ALVIM,2026-02-16,0,1.0,0.0,0.25,0.125,1.0,2,8,10356.748105694238
65º D.P. ARTUR ALVIM,2026-02-23,0,0.0,1.0,0.25,0.125,-1.0,2,9,10356.748105694238
65º D.P. ARTUR ALVIM,2026-03-02,0,0.0,0.0,0.25,0.125,0.0,3,10,10356.748105694238
65º D.P. ARTUR ALVIM,2026-03-09,0,0.0,0.0,0.25,0.125,0.0,3,11,10356.748105694238
65º D.P. ARTUR ALVIM,2026-03-16,0,0.0,0.0,0.0,0.125,0.0,3,12,10356.748105694238
65º D.P. ARTUR ALVIM,2026-03-23,0,0.0,0.0,0.0,0.125,0.0,3,13,10356.748105694238
65º D.P. ARTUR ALVIM,2026-03-30,0,0.0,0.0,0.0,0.125,0.0,3,14,10356.748105694238
65º D.P. ARTUR ALVIM,2026-04-06,0,0.0,0.0,0.0,0.125,0.0,4,15,10356.748105694238
65º D.P. ARTUR ALVIM,2026-04-13,0,0.0,0.0,0.0,0.0,0.0,4,16,10356.748105694238
65º D.P. ARTUR ALVIM,2026-04-20,0,0.0,0.0,0.0,0.0,0.0,4,17,10356.748105694238
65º D.P. ARTUR ALVIM,2026-04-27,0,0.0,0.0,0.0,0.0,0.0,4,18,10356.748105694238
65º D.P. ARTUR ALVIM,2026-05-04,1,0.0,0.0,0.0,0.0,0.0,5,19,10356.748105694238
65º D.P. ARTUR ALVIM,2026-05-11,0,1.0,0.0,0.25,0.125,1.0,5,20,10356.748105694238
65º D.P. ARTUR ALVIM,2026-05-18,1,0.0,1.0,0.25,0.125,-1.0,5,21,10356.748105694238
65º D.P. ARTUR ALVIM,2026-05-25,0,1.0,0.0,0.5,0.25,1.0,5,22,10356.748105694238
66º D.P. JDIM ARICANDUVA,2025-10-06,0,,,,,,10,41,0.0
66º D.P. JDIM ARICANDUVA,2025-10-13,0,0.0,,0.0,0.0,,10,42,0.0
66º D.P. JDIM ARICANDUVA,2025-10-20,0,0.0,0.0,0.0,0.0,0.0,10,43,0.0
66º D.P. JDIM ARICANDUVA,2025-10-27,0,0.0,0.0,0.0,0.0,0.0,10,44,0.0
66º D.P. JDIM ARICANDUVA,2025-11-03,0,0.0,0.0,0.0,0.0,0.0,11,45,0.0
66º D.P. JDIM ARICANDUVA,2025-11-10,0,0.0,0.0,0.0,0.0,0.0,11,46,0.0
66º D.P. JDIM ARICANDUVA,2025-11-17,0,0.0,0.0,0.0,0.0,0.0,11,47,0.0
66º D.P. JDIM ARICANDUVA,2025-11-24,0,0.0,0.0,0.0,0.0,0.0,11,48,0.0
66º D.P. JDIM ARICANDUVA,2025-12-01,0,0.0,0.0,0.0,0.0,0.0,12,49,0.0
66º D.P. JDIM ARICANDUVA,2025-12-08,0,0.0,0.0,0.0,0.0,0.0,12,50,0.0
66º D.P. JDIM ARICANDUVA,2025-12-15,0,0.0,0.0,0.0,0.0,0.0,12,51,0.0
66º D.P. JDIM ARICANDUVA,2025-12-22,0,0.0,0.0,0.0,0.0,0.0,12,52,0.0
66º D.P. JDIM ARICANDUVA,2025-12-29,0,0.0,0.0,0.0,0.0,0.0,12,1,0.0
66º D.P. JDIM ARICANDUVA,2026-01-05,0,0.0,0.0,0.0,0.0,0.0,1,2,0.0
66º D.P. JDIM ARICANDUVA,2026-01-12,0,0.0,0.0,0.0,0.0,0.0,1,3,0.0
66º D.P. JDIM ARICANDUVA,2026-01-19,0,0.0,0.0,0.0,0.0,0.0,1,4,0.0
66º D.P. JDIM ARICANDUVA,2026-01-26,0,0.0,0.0,0.0,0.0,0.0,1,5,0.0
66º D.P. JDIM ARICANDUVA,2026-02-02,0,0.0,0.0,0.0,0.0,0.0,2,6,0.0
66º D.P. JDIM ARICANDUVA,2026-02-09,0,0.0,0.0,0.0,0.0,0.0,2,7,0.0
66º D.P. JDIM ARICANDUVA,2026-02-16,0,0.0,0.0,0.0,0.0,0.0,2,8,0.0
66º D.P. JDIM ARICANDUVA,2026-02-23,0,0.0,0.0,0.0,0.0,0.0,2,9,0.0
66º D.P. JDIM ARICANDUVA,2026-03-02,0,0.0,0.0,0.0,0.0,0.0,3,10,0.0
66º D.P. JDIM ARICANDUVA,2026-03-09,0,0.0,0.0,0.0,0.0,0.0,3,11,0.0
66º D.P. JDIM ARICANDUVA,2026-03-16,0,0.0,0.0,0.0,0.0,0.0,3,12,0.0
66º D.P. JDIM ARICANDUVA,2026-03-23,0,0.0,0.0,0.0,0.0,0.0,3,13,0.0
66º D.P. JDIM ARICANDUVA,2026-03-30,0,0.0,0.0,0.0,0.0,0.0,3,14,0.0
66º D.P. JDIM ARICANDUVA,2026-04-06,0,0.0,0.0,0.0,0.0,0.0,4,15,0.0
66º D.P. JDIM ARICANDUVA,2026-04-13,0,0.0,0.0,0.0,0.0,0.0,4,16,0.0
66º D.P. JDIM ARICANDUVA,2026-04-20,0,0.0,0.0,0.0,0.0,0.0,4,17,0.0
66º D.P. JDIM ARICANDUVA,2026-04-27,0,0.0,0.0,0.0,0.0,0.0,4,18,0.0
66º D.P. JDIM ARICANDUVA,2026-05-04,0,0.0,0.0,0.0,0.0,0.0,5,19,0.0
66º D.P. JDIM ARICANDUVA,2026-05-11,1,0.0,0.0,0.0,0.0,0.0,5,20,0.0
66º D.P. JDIM ARICANDUVA,2026-05-18,0,1.0,0.0,0.25,0.125,1.0,5,21,0.0
66º D.P. JDIM ARICANDUVA,2026-05-25,0,0.0,1.0,0.25,0.125,-1.0,5,22,0.0
67º D.P. JARDIM ROBRU,2025-10-06,0,,,,,,10,41,7683.396152408168
67º D.P. JARDIM ROBRU,2025-10-13,0,0.0,,0.0,0.0,,10,42,7683.396152408168
67º D.P. JARDIM ROBRU,2025-10-20,0,0.0,0.0,0.0,0.0,0.0,10,43,7683.396152408168
67º D.P. JARDIM ROBRU,2025-10-27,0,0.0,0.0,0.0,0.0,0.0,10,44,7683.396152408168
67º D.P. JARDIM ROBRU,2025-11-03,0,0.0,0.0,0.0,0.0,0.0,11,45,7683.396152408168
67º D.P. JARDIM ROBRU,2025-11-10,0,0.0,0.0,0.0,0.0,0.0,11,46,7683.396152408168
67º D.P. JARDIM ROBRU,2025-11-17,0,0.0,0.0,0.0,0.0,0.0,11,47,7683.396152408168
67º D.P. JARDIM ROBRU,2025-11-24,0,0.0,0.0,0.0,0.0,0.0,11,48,7683.396152408168
67º D.P. JARDIM ROBRU,2025-12-01,0,0.0,0.0,0.0,0.0,0.0,12,49,7683.396152408168
67º D.P. JARDIM ROBRU,2025-12-08,0,0.0,0.0,0.0,0.0,0.0,12,50,7683.396152408168
67º D.P. JARDIM ROBRU,2025-12-15,0,0.0,0.0,0.0,0.0,0.0,12,51,7683.396152408168
67º D.P. JARDIM ROBRU,2025-12-22,0,0.0,0.0,0.0,0.0,0.0,12,52,7683.396152408168
67º D.P. JARDIM ROBRU,2025-12-29,0,0.0,0.0,0.0,0.0,0.0,12,1,7683.396152408168
67º D.P. JARDIM ROBRU,2026-01-05,0,0.0,0.0,0.0,0.0,0.0,1,2,7683.396152408168
67º D.P. JARDIM ROBRU,2026-01-12,1,0.0,0.0,0.0,0.0,0.0,1,3,7683.396152408168
67º D.P. JARDIM ROBRU,2026-01-19,0,1.0,0.0,0.25,0.125,1.0,1,4,7683.396152408168
67º D.P. JARDIM ROBRU,2026-01-26,0,0.0,1.0,0.25,0.125,-1.0,1,5,7683.396152408168
67º D.P. JARDIM ROBRU,2026-02-02,0,0.0,0.0,0.25,0.125,0.0,2,6,7683.396152408168
67º D.P. JARDIM ROBRU,2026-02-09,0,0.0,0.0,0.25,0.125,0.0,2,7,7683.396152408168
67º D.P. JARDIM ROBRU,2026-02-16,0,0.0,0.0,0.0,0.125,0.0,2,8,7683.396152408168
67º D.P. JARDIM ROBRU,2026-02-23,0,0.0,0.0,0.0,0.125,0.0,2,9,7683.396152408168
67º D.P. JARDIM ROBRU,2026-03-02,0,0.0,0.0,0.0,0.125,0.0,3,10,7683.396152408168
67º D.P. JARDIM ROBRU,2026-03-09,0,0.0,0.0,0.0,0.125,0.0,3,11,7683.396152408168
67º D.P. JARDIM ROBRU,2026-03-16,0,0.0,0.0,0.0,0.0,0.0,3,12,7683.396152408168
67º D.P. JARDIM ROBRU,2026-03-23,0,0.0,0.0,0.0,0.0,0.0,3,13,7683.396152408168
67º D.P. JARDIM ROBRU,2026-03-30,0,0.0,0.0,0.0,0.0,0.0,3,14,7683.396152408168
67º D.P. JARDIM ROBRU,2026-04-06,1,0.0,0.0,0.0,0.0,0.0,4,15,7683.396152408168
67º D.P. JARDIM ROBRU,2026-04-13,0,1.0,0.0,0.25,0.125,1.0,4,16,7683.396152408168
67º D.P. JARDIM ROBRU,2026-04-20,0,0.0,1.0,0.25,0.125,-1.0,4,17,7683.396152408168
67º D.P. JARDIM ROBRU,2026-04-27,0,0.0,0.0,0.25,0.125,0.0,4,18,7683.396152408168
67º D.P. JARDIM ROBRU,2026-05-04,0,0.0,0.0,0.25,0.125,0.0,5,19,7683.396152408168
67º D.P. JARDIM ROBRU,2026-05-11,0,0.0,0.0,0.0,0.125,0.0,5,20,7683.396152408168
67º D.P. JARDIM ROBRU,2026-05-18,0,0.0,0.0,0.0,0.125,0.0,5,21,7683.396152408168
67º D.P. JARDIM ROBRU,2026-05-25,0,0.0,0.0,0.0,0.125,0.0,5,22,7683.396152408168
68º D.P. LAGEADO,2025-10-06,0,,,,,,10,41,7881.363699903244
68º D.P. LAGEADO,2025-10-13,0,0.0,,0.0,0.0,,10,42,7881.363699903244
68º D.P. LAGEADO,2025-10-20,0,0.0,0.0,0.0,0.0,0.0,10,43,7881.363699903244
68º D.P. LAGEADO,2025-10-27,0,0.0,0.0,0.0,0.0,0.0,10,44,7881.363699903244
68º D.P. LAGEADO,2025-11-03,0,0.0,0.0,0.0,0.0,0.0,11,45,7881.363699903244
68º D.P. LAGEADO,2025-11-10,0,0.0,0.0,0.0,0.0,0.0,11,46,7881.363699903244
68º D.P. LAGEADO,2025-11-17,0,0.0,0.0,0.0,0.0,0.0,11,47,7881.363699903244
68º D.P. LAGEADO,2025-11-24,0,0.0,0.0,0.0,0.0,0.0,11,48,7881.363699903244
68º D.P. LAGEADO,2025-12-01,0,0.0,0.0,0.0,0.0,0.0,12,49,7881.363699903244
68º D.P. LAGEADO,2025-12-08,0,0.0,0.0,0.0,0.0,0.0,12,50,7881.363699903244
68º D.P. LAGEADO,2025-12-15,0,0.0,0.0,0.0,0.0,0.0,12,51,7881.363699903244
68º D.P. LAGEADO,2025-12-22,0,0.0,0.0,0.0,0.0,0.0,12,52,7881.363699903244
68º D.P. LAGEADO,2025-12-29,0,0.0,0.0,0.0,0.0,0.0,12,1,7881.363699903244
68º D.P. LAGEADO,2026-01-05,0,0.0,0.0,0.0,0.0,0.0,1,2,7881.363699903244
68º D.P. LAGEADO,2026-01-12,0,0.0,0.0,0.0,0.0,0.0,1,3,7881.363699903244
68º D.P. LAGEADO,2026-01-19,0,0.0,0.0,0.0,0.0,0.0,1,4,7881.363699903244
68º D.P. LAGEADO,2026-01-26,0,0.0,0.0,0.0,0.0,0.0,1,5,7881.363699903244
68º D.P. LAGEADO,2026-02-02,0,0.0,0.0,0.0,0.0,0.0,2,6,7881.363699903244
68º D.P. LAGEADO,2026-02-09,0,0.0,0.0,0.0,0.0,0.0,2,7,7881.363699903244
68º D.P. LAGEADO,2026-02-16,1,0.0,0.0,0.0,0.0,0.0,2,8,7881.363699903244
68º D.P. LAGEADO,2026-02-23,2,1.0,0.0,0.25,0.125,1.0,2,9,7881.363699903244
68º D.P. LAGEADO,2026-03-02,0,2.0,1.0,0.75,0.375,1.0,3,10,7881.363699903244
68º D.P. LAGEADO,2026-03-09,0,0.0,2.0,0.75,0.375,-2.0,3,11,7881.363699903244
68º D.P. LAGEADO,2026-03-16,0,0.0,0.0,0.75,0.375,0.0,3,12,7881.363699903244
68º D.P. LAGEADO,2026-03-23,1,0.0,0.0,0.5,0.375,0.0,3,13,7881.363699903244
68º D.P. LAGEADO,2026-03-30,0,1.0,0.0,0.25,0.5,1.0,3,14,7881.363699903244
68º D.P. LAGEADO,2026-04-06,0,0.0,1.0,0.25,0.5,-1.0,4,15,7881.363699903244
68º D.P. LAGEADO,2026-04-13,3,0.0,0.0,0.25,0.5,0.0,4,16,7881.363699903244
68º D.P. LAGEADO,2026-04-20,1,3.0,0.0,1.0,0.75,3.0,4,17,7881.363699903244
68º D.P. LAGEADO,2026-04-27,0,1.0,3.0,1.0,0.625,-2.0,4,18,7881.363699903244
68º D.P. LAGEADO,2026-05-04,0,0.0,1.0,1.0,0.625,-1.0,5,19,7881.363699903244
68º D.P. LAGEADO,2026-05-11,0,0.0,0.0,1.0,0.625,0.0,5,20,7881.363699903244
68º D.P. LAGEADO,2026-05-18,0,0.0,0.0,0.25,0.625,0.0,5,21,7881.363699903244
68º D.P. LAGEADO,2026-05-25,0,0.0,0.0,0.0,0.5,0.0,5,22,7881.363699903244
69º D.P. TEOTONIO VILELA,2025-10-06,0,,,,,,10,41,9953.683744981156
69º D.P. TEOTONIO VILELA,2025-10-13,0,0.0,,0.0,0.0,,10,42,9953.683744981156
69º D.P. TEOTONIO VILELA,2025-10-20,0,0.0,0.0,0.0,0.0,0.0,10,43,9953.683744981156
69º D.P. TEOTONIO VILELA,2025-10-27,0,0.0,0.0,0.0,0.0,0.0,10,44,9953.683744981156
69º D.P. TEOTONIO VILELA,2025-11-03,0,0.0,0.0,0.0,0.0,0.0,11,45,9953.683744981156
69º D.P. TEOTONIO VILELA,2025-11-10,0,0.0,0.0,0.0,0.0,0.0,11,46,9953.683744981156
69º D.P. TEOTONIO VILELA,2025-11-17,0,0.0,0.0,0.0,0.0,0.0,11,47,9953.683744981156
69º D.P. TEOTONIO VILELA,2025-11-24,0,0.0,0.0,0.0,0.0,0.0,11,48,9953.683744981156
69º D.P. TEOTONIO VILELA,2025-12-01,0,0.0,0.0,0.0,0.0,0.0,12,49,9953.683744981156
69º D.P. TEOTONIO VILELA,2025-12-08,0,0.0,0.0,0.0,0.0,0.0,12,50,9953.683744981156
69º D.P. TEOTONIO VILELA,2025-12-15,0,0.0,0.0,0.0,0.0,0.0,12,51,9953.683744981156
69º D.P. TEOTONIO VILELA,2025-12-22,0,0.0,0.0,0.0,0.0,0.0,12,52,9953.683744981156
69º D.P. TEOTONIO VILELA,2025-12-29,0,0.0,0.0,0.0,0.0,0.0,12,1,9953.683744981156
69º D.P. TEOTONIO VILELA,2026-01-05,0,0.0,0.0,0.0,0.0,0.0,1,2,9953.683744981156
69º D.P. TEOTONIO VILELA,2026-01-12,0,0.0,0.0,0.0,0.0,0.0,1,3,9953.683744981156
69º D.P. TEOTONIO VILELA,2026-01-19,1,0.0,0.0,0.0,0.0,0.0,1,4,9953.683744981156
69º D.P. TEOTONIO VILELA,2026-01-26,1,1.0,0.0,0.25,0.125,1.0,1,5,9953.683744981156
69º D.P. TEOTONIO VILELA,2026-02-02,0,1.0,1.0,0.5,0.25,0.0,2,6,9953.683744981156
69º D.P. TEOTONIO VILELA,2026-02-09,0,0.0,1.0,0.5,0.25,-1.0,2,7,9953.683744981156
69º D.P. TEOTONIO VILELA,2026-02-16,0,0.0,0.0,0.5,0.25,0.0,2,8,9953.683744981156
69º D.P. TEOTONIO VILELA,2026-02-23,1,0.0,0.0,0.25,0.25,0.0,2,9,9953.683744981156
69º D.P. TEOTONIO VILELA,2026-03-02,1,1.0,0.0,0.25,0.375,1.0,3,10,9953.683744981156
69º D.P. TEOTONIO VILELA,2026-03-09,0,1.0,1.0,0.5,0.5,0.0,3,11,9953.683744981156
69º D.P. TEOTONIO VILELA,2026-03-16,0,0.0,1.0,0.5,0.5,-1.0,3,12,9953.683744981156
69º D.P. TEOTONIO VILELA,2026-03-23,0,0.0,0.0,0.5,0.375,0.0,3,13,9953.683744981156
69º D.P. TEOTONIO VILELA,2026-03-30,0,0.0,0.0,0.25,0.25,0.0,3,14,9953.683744981156
69º D.P. TEOTONIO VILELA,2026-04-06,1,0.0,0.0,0.0,0.25,0.0,4,15,9953.683744981156
69º D.P. TEOTONIO VILELA,2026-04-13,1,1.0,0.0,0.25,0.375,1.0,4,16,9953.683744981156
69º D.P. TEOTONIO VILELA,2026-04-20,0,1.0,1.0,0.5,0.5,0.0,4,17,9953.683744981156
69º D.P. TEOTONIO VILELA,2026-04-27,0,0.0,1.0,0.5,0.375,-1.0,4,18,9953.683744981156
69º D.P. TEOTONIO VILELA,2026-05-04,0,0.0,0.0,0.5,0.25,0.0,5,19,9953.683744981156
69º D.P. TEOTONIO VILELA,2026-05-11,0,0.0,0.0,0.25,0.25,0.0,5,20,9953.683744981156
69º D.P. TEOTONIO VILELA,2026-05-18,0,0.0,0.0,0.0,0.25,0.0,5,21,9953.683744981156
69º D.P. TEOTONIO VILELA,2026-05-25,0,0.0,0.0,0.0,0.25,0.0,5,22,9953.683744981156
70º D.P. VILA EMA,2025-10-06,0,,,,,,10,41,10790.514018277641
70º D.P. VILA EMA,2025-10-13,0,0.0,,0.0,0.0,,10,42,10790.514018277641
70º D.P. VILA EMA,2025-10-20,0,0.0,0.0,0.0,0.0,0.0,10,43,10790.514018277641
70º D.P. VILA EMA,2025-10-27,0,0.0,0.0,0.0,0.0,0.0,10,44,10790.514018277641
70º D.P. VILA EMA,2025-11-03,0,0.0,0.0,0.0,0.0,0.0,11,45,10790.514018277641
70º D.P. VILA EMA,2025-11-10,0,0.0,0.0,0.0,0.0,0.0,11,46,10790.514018277641
70º D.P. VILA EMA,2025-11-17,0,0.0,0.0,0.0,0.0,0.0,11,47,10790.514018277641
70º D.P. VILA EMA,2025-11-24,0,0.0,0.0,0.0,0.0,0.0,11,48,10790.514018277641
70º D.P. VILA EMA,2025-12-01,0,0.0,0.0,0.0,0.0,0.0,12,49,10790.514018277641
70º D.P. VILA EMA,2025-12-08,0,0.0,0.0,0.0,0.0,0.0,12,50,10790.514018277641
70º D.P. VILA EMA,2025-12-15,0,0.0,0.0,0.0,0.0,0.0,12,51,10790.514018277641
70º D.P. VILA EMA,2025-12-22,0,0.0,0.0,0.0,0.0,0.0,12,52,10790.514018277641
70º D.P. VILA EMA,2025-12-29,0,0.0,0.0,0.0,0.0,0.0,12,1,10790.514018277641
70º D.P. VILA EMA,2026-01-05,0,0.0,0.0,0.0,0.0,0.0,1,2,10790.514018277641
70º D.P. VILA EMA,2026-01-12,0,0.0,0.0,0.0,0.0,0.0,1,3,10790.514018277641
70º D.P. VILA EMA,2026-01-19,0,0.0,0.0,0.0,0.0,0.0,1,4,10790.514018277641
70º D.P. VILA EMA,2026-01-26,0,0.0,0.0,0.0,0.0,0.0,1,5,10790.514018277641
70º D.P. VILA EMA,2026-02-02,0,0.0,0.0,0.0,0.0,0.0,2,6,10790.514018277641
70º D.P. VILA EMA,2026-02-09,0,0.0,0.0,0.0,0.0,0.0,2,7,10790.514018277641
70º D.P. VILA EMA,2026-02-16,0,0.0,0.0,0.0,0.0,0.0,2,8,10790.514018277641
70º D.P. VILA EMA,2026-02-23,0,0.0,0.0,0.0,0.0,0.0,2,9,10790.514018277641
70º D.P. VILA EMA,2026-03-02,0,0.0,0.0,0.0,0.0,0.0,3,10,10790.514018277641
70º D.P. VILA EMA,2026-03-09,0,0.0,0.0,0.0,0.0,0.0,3,11,10790.514018277641
70º D.P. VILA EMA,2026-03-16,0,0.0,0.0,0.0,0.0,0.0,3,12,10790.514018277641
70º D.P. VILA EMA,2026-03-23,0,0.0,0.0,0.0,0.0,0.0,3,13,10790.514018277641
70º D.P. VILA EMA,2026-03-30,0,0.0,0.0,0.0,0.0,0.0,3,14,10790.514018277641
70º D.P. VILA EMA,2026-04-06,0,0.0,0.0,0.0,0.0,0.0,4,15,10790.514018277641
70º D.P. VILA EMA,2026-04-13,3,0.0,0.0,0.0,0.0,0.0,4,16,10790.514018277641
70º D.P. VILA EMA,2026-04-20,0,3.0,0.0,0.75,0.375,3.0,4,17,10790.514018277641
70º D.P. VILA EMA,2026-04-27,0,0.0,3.0,0.75,0.375,-3.0,4,18,10790.514018277641
70º D.P. VILA EMA,2026-05-04,0,0.0,0.0,0.75,0.375,0.0,5,19,10790.514018277641
70º D.P. VILA EMA,2026-05-11,0,0.0,0.0,0.75,0.375,0.0,5,20,10790.514018277641
70º D.P. VILA EMA,2026-05-18,2,0.0,0.0,0.0,0.375,0.0,5,21,10790.514018277641
70º D.P. VILA EMA,2026-05-25,0,2.0,0.0,0.5,0.625,2.0,5,22,10790.514018277641
72º D.P. VILA PENTEADO,2025-10-06,0,,,,,,10,41,10563.117972691449
72º D.P. VILA PENTEADO,2025-10-13,0,0.0,,0.0,0.0,,10,42,10563.117972691449
72º D.P. VILA PENTEADO,2025-10-20,0,0.0,0.0,0.0,0.0,0.0,10,43,10563.117972691449
72º D.P. VILA PENTEADO,2025-10-27,0,0.0,0.0,0.0,0.0,0.0,10,44,10563.117972691449
72º D.P. VILA PENTEADO,2025-11-03,0,0.0,0.0,0.0,0.0,0.0,11,45,10563.117972691449
72º D.P. VILA PENTEADO,2025-11-10,0,0.0,0.0,0.0,0.0,0.0,11,46,10563.117972691449
72º D.P. VILA PENTEADO,2025-11-17,0,0.0,0.0,0.0,0.0,0.0,11,47,10563.117972691449
72º D.P. VILA PENTEADO,2025-11-24,0,0.0,0.0,0.0,0.0,0.0,11,48,10563.117972691449
72º D.P. VILA PENTEADO,2025-12-01,0,0.0,0.0,0.0,0.0,0.0,12,49,10563.117972691449
72º D.P. VILA PENTEADO,2025-12-08,0,0.0,0.0,0.0,0.0,0.0,12,50,10563.117972691449
72º D.P. VILA PENTEADO,2025-12-15,0,0.0,0.0,0.0,0.0,0.0,12,51,10563.117972691449
72º D.P. VILA PENTEADO,2025-12-22,0,0.0,0.0,0.0,0.0,0.0,12,52,10563.117972691449
72º D.P. VILA PENTEADO,2025-12-29,1,0.0,0.0,0.0,0.0,0.0,12,1,10563.117972691449
72º D.P. VILA PENTEADO,2026-01-05,0,1.0,0.0,0.25,0.125,1.0,1,2,10563.117972691449
72º D.P. VILA PENTEADO,2026-01-12,0,0.0,1.0,0.25,0.125,-1.0,1,3,10563.117972691449
72º D.P. VILA PENTEADO,2026-01-19,0,0.0,0.0,0.25,0.125,0.0,1,4,10563.117972691449
72º D.P. VILA PENTEADO,2026-01-26,2,0.0,0.0,0.25,0.125,0.0,1,5,10563.117972691449
72º D.P. VILA PENTEADO,2026-02-02,0,2.0,0.0,0.5,0.375,2.0,2,6,10563.117972691449
72º D.P. VILA PENTEADO,2026-02-09,0,0.0,2.0,0.5,0.375,-2.0,2,7,10563.117972691449
72º D.P. VILA PENTEADO,2026-02-16,0,0.0,0.0,0.5,0.375,0.0,2,8,10563.117972691449
72º D.P. VILA PENTEADO,2026-02-23,1,0.0,0.0,0.5,0.375,0.0,2,9,10563.117972691449
72º D.P. VILA PENTEADO,2026-03-02,0,1.0,0.0,0.25,0.375,1.0,3,10,10563.117972691449
72º D.P. VILA PENTEADO,2026-03-09,0,0.0,1.0,0.25,0.375,-1.0,3,11,10563.117972691449
72º D.P. VILA PENTEADO,2026-03-16,0,0.0,0.0,0.25,0.375,0.0,3,12,10563.117972691449
72º D.P. VILA PENTEADO,2026-03-23,1,0.0,0.0,0.25,0.375,0.0,3,13,10563.117972691449
72º D.P. VILA PENTEADO,2026-03-30,0,1.0,0.0,0.25,0.25,1.0,3,14,10563.117972691449
72º D.P. VILA PENTEADO,2026-04-06,0,0.0,1.0,0.25,0.25,-1.0,4,15,10563.117972691449
72º D.P. VILA PENTEADO,2026-04-13,0,0.0,0.0,0.25,0.25,0.0,4,16,10563.117972691449
72º D.P. VILA PENTEADO,2026-04-20,0,0.0,0.0,0.25,0.25,0.0,4,17,10563.117972691449
72º D.P. VILA PENTEADO,2026-04-27,0,0.0,0.0,0.0,0.125,0.0,4,18,10563.117972691449
72º D.P. VILA PENTEADO,2026-05-04,0,0.0,0.0,0.0,0.125,0.0,5,19,10563.117972691449
72º D.P. VILA PENTEADO,2026-05-11,0,0.0,0.0,0.0,0.125,0.0,5,20,10563.117972691449
72º D.P. VILA PENTEADO,2026-05-18,0,0.0,0.0,0.0,0.125,0.0,5,21,10563.117972691449
72º D.P. VILA PENTEADO,2026-05-25,0,0.0,0.0,0.0,0.0,0.0,5,22,10563.117972691449
73º D.P. JACANA,2025-10-06,0,,,,,,10,41,10452.353594821558
73º D.P. JACANA,2025-10-13,0,0.0,,0.0,0.0,,10,42,10452.353594821558
73º D.P. JACANA,2025-10-20,0,0.0,0.0,0.0,0.0,0.0,10,43,10452.353594821558
73º D.P. JACANA,2025-10-27,0,0.0,0.0,0.0,0.0,0.0,10,44,10452.353594821558
73º D.P. JACANA,2025-11-03,0,0.0,0.0,0.0,0.0,0.0,11,45,10452.353594821558
73º D.P. JACANA,2025-11-10,0,0.0,0.0,0.0,0.0,0.0,11,46,10452.353594821558
73º D.P. JACANA,2025-11-17,0,0.0,0.0,0.0,0.0,0.0,11,47,10452.353594821558
73º D.P. JACANA,2025-11-24,0,0.0,0.0,0.0,0.0,0.0,11,48,10452.353594821558
73º D.P. JACANA,2025-12-01,0,0.0,0.0,0.0,0.0,0.0,12,49,10452.353594821558
73º D.P. JACANA,2025-12-08,0,0.0,0.0,0.0,0.0,0.0,12,50,10452.353594821558
73º D.P. JACANA,2025-12-15,0,0.0,0.0,0.0,0.0,0.0,12,51,10452.353594821558
73º D.P. JACANA,2025-12-22,0,0.0,0.0,0.0,0.0,0.0,12,52,10452.353594821558
73º D.P. JACANA,2025-12-29,1,0.0,0.0,0.0,0.0,0.0,12,1,10452.353594821558
73º D.P. JACANA,2026-01-05,0,1.0,0.0,0.25,0.125,1.0,1,2,10452.353594821558
73º D.P. JACANA,2026-01-12,2,0.0,1.0,0.25,0.125,-1.0,1,3,10452.353594821558
73º D.P. JACANA,2026-01-19,0,2.0,0.0,0.75,0.375,2.0,1,4,10452.353594821558
73º D.P. JACANA,2026-01-26,1,0.0,2.0,0.75,0.375,-2.0,1,5,10452.353594821558
73º D.P. JACANA,2026-02-02,0,1.0,0.0,0.75,0.5,1.0,2,6,10452.353594821558
73º D.P. JACANA,2026-02-09,0,0.0,1.0,0.75,0.5,-1.0,2,7,10452.353594821558
73º D.P. JACANA,2026-02-16,0,0.0,0.0,0.25,0.5,0.0,2,8,10452.353594821558
73º D.P. JACANA,2026-02-23,1,0.0,0.0,0.25,0.5,0.0,2,9,10452.353594821558
73º D.P. JACANA,2026-03-02,0,1.0,0.0,0.25,0.5,1.0,3,10,10452.353594821558
73º D.P. JACANA,2026-03-09,0,0.0,1.0,0.25,0.5,-1.0,3,11,10452.353594821558
73º D.P. JACANA,2026-03-16,0,0.0,0.0,0.25,0.25,0.0,3,12,10452.353594821558
73º D.P. JACANA,2026-03-23,2,0.0,0.0,0.25,0.25,0.0,3,13,10452.353594821558
73º D.P. JACANA,2026-03-30,0,2.0,0.0,0.5,0.375,2.0,3,14,10452.353594821558
73º D.P. JACANA,2026-04-06,1,0.0,2.0,0.5,0.375,-2.0,4,15,10452.353594821558
73º D.P. JACANA,2026-04-13,0,1.0,0.0,0.75,0.5,1.0,4,16,10452.353594821558
73º D.P. JACANA,2026-04-20,0,0.0,1.0,0.75,0.5,-1.0,4,17,10452.353594821558
73º D.P. JACANA,2026-04-27,1,0.0,0.0,0.25,0.375,0.0,4,18,10452.353594821558
73º D.P. JACANA,2026-05-04,0,1.0,0.0,0.5,0.5,1.0,5,19,10452.353594821558
73º D.P. JACANA,2026-05-11,0,0.0,1.0,0.25,0.5,-1.0,5,20,10452.353594821558
73º D.P. JACANA,2026-05-18,0,0.0,0.0,0.25,0.5,0.0,5,21,10452.353594821558
73º D.P. JACANA,2026-05-25,1,0.0,0.0,0.25,0.25,0.0,5,22,10452.353594821558
74º D.P. PARADA TAIPAS,2025-10-06,0,,,,,,10,41,9985.260936422395
74º D.P. PARADA TAIPAS,2025-10-13,0,0.0,,0.0,0.0,,10,42,9985.260936422395
74º D.P. PARADA TAIPAS,2025-10-20,0,0.0,0.0,0.0,0.0,0.0,10,43,9985.260936422395
74º D.P. PARADA TAIPAS,2025-10-27,0,0.0,0.0,0.0,0.0,0.0,10,44,9985.260936422395
74º D.P. PARADA TAIPAS,2025-11-03,0,0.0,0.0,0.0,0.0,0.0,11,45,9985.260936422395
74º D.P. PARADA TAIPAS,2025-11-10,0,0.0,0.0,0.0,0.0,0.0,11,46,9985.260936422395
74º D.P. PARADA TAIPAS,2025-11-17,0,0.0,0.0,0.0,0.0,0.0,11,47,9985.260936422395
74º D.P. PARADA TAIPAS,2025-11-24,0,0.0,0.0,0.0,0.0,0.0,11,48,9985.260936422395
74º D.P. PARADA TAIPAS,2025-12-01,0,0.0,0.0,0.0,0.0,0.0,12,49,9985.260936422395
74º D.P. PARADA TAIPAS,2025-12-08,0,0.0,0.0,0.0,0.0,0.0,12,50,9985.260936422395
74º D.P. PARADA TAIPAS,2025-12-15,0,0.0,0.0,0.0,0.0,0.0,12,51,9985.260936422395
74º D.P. PARADA TAIPAS,2025-12-22,0,0.0,0.0,0.0,0.0,0.0,12,52,9985.260936422395
74º D.P. PARADA TAIPAS,2025-12-29,0,0.0,0.0,0.0,0.0,0.0,12,1,9985.260936422395
74º D.P. PARADA TAIPAS,2026-01-05,1,0.0,0.0,0.0,0.0,0.0,1,2,9985.260936422395
74º D.P. PARADA TAIPAS,2026-01-12,0,1.0,0.0,0.25,0.125,1.0,1,3,9985.260936422395
74º D.P. PARADA TAIPAS,2026-01-19,0,0.0,1.0,0.25,0.125,-1.0,1,4,9985.260936422395
74º D.P. PARADA TAIPAS,2026-01-26,0,0.0,0.0,0.25,0.125,0.0,1,5,9985.260936422395
74º D.P. PARADA TAIPAS,2026-02-02,0,0.0,0.0,0.25,0.125,0.0,2,6,9985.260936422395
74º D.P. PARADA TAIPAS,2026-02-09,0,0.0,0.0,0.0,0.125,0.0,2,7,9985.260936422395
74º D.P. PARADA TAIPAS,2026-02-16,1,0.0,0.0,0.0,0.125,0.0,2,8,9985.260936422395
74º D.P. PARADA TAIPAS,2026-02-23,0,1.0,0.0,0.25,0.25,1.0,2,9,9985.260936422395
74º D.P. PARADA TAIPAS,2026-03-02,0,0.0,1.0,0.25,0.25,-1.0,3,10,9985.260936422395
74º D.P. PARADA TAIPAS,2026-03-09,0,0.0,0.0,0.25,0.125,0.0,3,11,9985.260936422395
74º D.P. PARADA TAIPAS,2026-03-16,0,0.0,0.0,0.25,0.125,0.0,3,12,9985.260936422395
74º D.P. PARADA TAIPAS,2026-03-23,1,0.0,0.0,0.0,0.125,0.0,3,13,9985.260936422395
74º D.P. PARADA TAIPAS,2026-03-30,0,1.0,0.0,0.25,0.25,1.0,3,14,9985.260936422395
74º D.P. PARADA TAIPAS,2026-04-06,0,0.0,1.0,0.25,0.25,-1.0,4,15,9985.260936422395
74º D.P. PARADA TAIPAS,2026-04-13,1,0.0,0.0,0.25,0.25,0.0,4,16,9985.260936422395
74º D.P. PARADA TAIPAS,2026-04-20,0,1.0,0.0,0.5,0.25,1.0,4,17,9985.260936422395
74º D.P. PARADA TAIPAS,2026-04-27,0,0.0,1.0,0.25,0.25,-1.0,4,18,9985.260936422395
74º D.P. PARADA TAIPAS,2026-05-04,1,0.0,0.0,0.25,0.25,0.0,5,19,9985.260936422395
74º D.P. PARADA TAIPAS,2026-05-11,0,1.0,0.0,0.5,0.375,1.0,5,20,9985.260936422395
74º D.P. PARADA TAIPAS,2026-05-18,0,0.0,1.0,0.25,0.375,-1.0,5,21,9985.260936422395
74º D.P. PARADA TAIPAS,2026-05-25,0,0.0,0.0,0.25,0.25,0.0,5,22,9985.260936422395
75º D.P. JARDIM ARPOADOR,2025-10-06,0,,,,,,10,41,10517.22765959962
75º D.P. JARDIM ARPOADOR,2025-10-13,0,0.0,,0.0,0.0,,10,42,10517.22765959962
75º D.P. JARDIM ARPOADOR,2025-10-20,0,0.0,0.0,0.0,0.0,0.0,10,43,10517.22765959962
75º D.P. JARDIM ARPOADOR,2025-10-27,0,0.0,0.0,0.0,0.0,0.0,10,44,10517.22765959962
75º D.P. JARDIM ARPOADOR,2025-11-03,0,0.0,0.0,0.0,0.0,0.0,11,45,10517.22765959962
75º D.P. JARDIM ARPOADOR,2025-11-10,0,0.0,0.0,0.0,0.0,0.0,11,46,10517.22765959962
75º D.P. JARDIM ARPOADOR,2025-11-17,0,0.0,0.0,0.0,0.0,0.0,11,47,10517.22765959962
75º D.P. JARDIM ARPOADOR,2025-11-24,0,0.0,0.0,0.0,0.0,0.0,11,48,10517.22765959962
75º D.P. JARDIM ARPOADOR,2025-12-01,0,0.0,0.0,0.0,0.0,0.0,12,49,10517.22765959962
75º D.P. JARDIM ARPOADOR,2025-12-08,0,0.0,0.0,0.0,0.0,0.0,12,50,10517.22765959962
75º D.P. JARDIM ARPOADOR,2025-12-15,0,0.0,0.0,0.0,0.0,0.0,12,51,10517.22765959962
75º D.P. JARDIM ARPOADOR,2025-12-22,0,0.0,0.0,0.0,0.0,0.0,12,52,10517.22765959962
75º D.P. JARDIM ARPOADOR,2025-12-29,0,0.0,0.0,0.0,0.0,0.0,12,1,10517.22765959962
75º D.P. JARDIM ARPOADOR,2026-01-05,0,0.0,0.0,0.0,0.0,0.0,1,2,10517.22765959962
75º D.P. JARDIM ARPOADOR,2026-01-12,0,0.0,0.0,0.0,0.0,0.0,1,3,10517.22765959962
75º D.P. JARDIM ARPOADOR,2026-01-19,3,0.0,0.0,0.0,0.0,0.0,1,4,10517.22765959962
75º D.P. JARDIM ARPOADOR,2026-01-26,0,3.0,0.0,0.75,0.375,3.0,1,5,10517.22765959962
75º D.P. JARDIM ARPOADOR,2026-02-02,1,0.0,3.0,0.75,0.375,-3.0,2,6,10517.22765959962
75º D.P. JARDIM ARPOADOR,2026-02-09,2,1.0,0.0,1.0,0.5,1.0,2,7,10517.22765959962
75º D.P. JARDIM ARPOADOR,2026-02-16,1,2.0,1.0,1.5,0.75,1.0,2,8,10517.22765959962
75º D.P. JARDIM ARPOADOR,2026-02-23,0,1.0,2.0,1.0,0.875,-1.0,2,9,10517.22765959962
75º D.P. JARDIM ARPOADOR,2026-03-02,1,0.0,1.0,1.0,0.875,-1.0,3,10,10517.22765959962
75º D.P. JARDIM ARPOADOR,2026-03-09,0,1.0,0.0,1.0,1.0,1.0,3,11,10517.22765959962
75º D.P. JARDIM ARPOADOR,2026-03-16,0,0.0,1.0,0.5,1.0,-1.0,3,12,10517.22765959962
75º D.P. JARDIM ARPOADOR,2026-03-23,0,0.0,0.0,0.25,0.625,0.0,3,13,10517.22765959962
75º D.P. JARDIM ARPOADOR,2026-03-30,0,0.0,0.0,0.25,0.625,0.0,3,14,10517.22765959962
75º D.P. JARDIM ARPOADOR,2026-04-06,0,0.0,0.0,0.0,0.5,0.0,4,15,10517.22765959962
75º D.P. JARDIM ARPOADOR,2026-04-13,1,0.0,0.0,0.0,0.25,0.0,4,16,10517.22765959962
75º D.P. JARDIM ARPOADOR,2026-04-20,1,1.0,0.0,0.25,0.25,1.0,4,17,10517.22765959962
75º D.P. JARDIM ARPOADOR,2026-04-27,0,1.0,1.0,0.5,0.375,0.0,4,18,10517.22765959962
75º D.P. JARDIM ARPOADOR,2026-05-04,0,0.0,1.0,0.5,0.25,-1.0,5,19,10517.22765959962
75º D.P. JARDIM ARPOADOR,2026-05-11,1,0.0,0.0,0.5,0.25,0.0,5,20,10517.22765959962
75º D.P. JARDIM ARPOADOR,2026-05-18,1,1.0,0.0,0.5,0.375,1.0,5,21,10517.22765959962
75º D.P. JARDIM ARPOADOR,2026-05-25,0,1.0,1.0,0.5,0.5,0.0,5,22,10517.22765959962
77º D.P. SANTA CECILIA,2025-10-06,0,,,,,,10,41,12698.560109719157
77º D.P. SANTA CECILIA,2025-10-13,0,0.0,,0.0,0.0,,10,42,12698.560109719157
77º D.P. SANTA CECILIA,2025-10-20,0,0.0,0.0,0.0,0.0,0.0,10,43,12698.560109719157
77º D.P. SANTA CECILIA,2025-10-27,0,0.0,0.0,0.0,0.0,0.0,10,44,12698.560109719157
77º D.P. SANTA CECILIA,2025-11-03,0,0.0,0.0,0.0,0.0,0.0,11,45,12698.560109719157
77º D.P. SANTA CECILIA,2025-11-10,0,0.0,0.0,0.0,0.0,0.0,11,46,12698.560109719157
77º D.P. SANTA CECILIA,2025-11-17,0,0.0,0.0,0.0,0.0,0.0,11,47,12698.560109719157
77º D.P. SANTA CECILIA,2025-11-24,0,0.0,0.0,0.0,0.0,0.0,11,48,12698.560109719157
77º D.P. SANTA CECILIA,2025-12-01,0,0.0,0.0,0.0,0.0,0.0,12,49,12698.560109719157
77º D.P. SANTA CECILIA,2025-12-08,0,0.0,0.0,0.0,0.0,0.0,12,50,12698.560109719157
77º D.P. SANTA CECILIA,2025-12-15,0,0.0,0.0,0.0,0.0,0.0,12,51,12698.560109719157
77º D.P. SANTA CECILIA,2025-12-22,0,0.0,0.0,0.0,0.0,0.0,12,52,12698.560109719157
77º D.P. SANTA CECILIA,2025-12-29,1,0.0,0.0,0.0,0.0,0.0,12,1,12698.560109719157
77º D.P. SANTA CECILIA,2026-01-05,0,1.0,0.0,0.25,0.125,1.0,1,2,12698.560109719157
77º D.P. SANTA CECILIA,2026-01-12,2,0.0,1.0,0.25,0.125,-1.0,1,3,12698.560109719157
77º D.P. SANTA CECILIA,2026-01-19,0,2.0,0.0,0.75,0.375,2.0,1,4,12698.560109719157
77º D.P. SANTA CECILIA,2026-01-26,0,0.0,2.0,0.75,0.375,-2.0,1,5,12698.560109719157
77º D.P. SANTA CECILIA,2026-02-02,0,0.0,0.0,0.5,0.375,0.0,2,6,12698.560109719157
77º D.P. SANTA CECILIA,2026-02-09,0,0.0,0.0,0.5,0.375,0.0,2,7,12698.560109719157
77º D.P. SANTA CECILIA,2026-02-16,0,0.0,0.0,0.0,0.375,0.0,2,8,12698.560109719157
77º D.P. SANTA CECILIA,2026-02-23,0,0.0,0.0,0.0,0.375,0.0,2,9,12698.560109719157
77º D.P. SANTA CECILIA,2026-03-02,1,0.0,0.0,0.0,0.25,0.0,3,10,12698.560109719157
77º D.P. SANTA CECILIA,2026-03-09,0,1.0,0.0,0.25,0.375,1.0,3,11,12698.560109719157
77º D.P. SANTA CECILIA,2026-03-16,0,0.0,1.0,0.25,0.125,-1.0,3,12,12698.560109719157
77º D.P. SANTA CECILIA,2026-03-23,0,0.0,0.0,0.25,0.125,0.0,3,13,12698.560109719157
77º D.P. SANTA CECILIA,2026-03-30,0,0.0,0.0,0.25,0.125,0.0,3,14,12698.560109719157
77º D.P. SANTA CECILIA,2026-04-06,0,0.0,0.0,0.0,0.125,0.0,4,15,12698.560109719157
77º D.P. SANTA CECILIA,2026-04-13,0,0.0,0.0,0.0,0.125,0.0,4,16,12698.560109719157
77º D.P. SANTA CECILIA,2026-04-20,1,0.0,0.0,0.0,0.125,0.0,4,17,12698.560109719157
77º D.P. SANTA CECILIA,2026-04-27,0,1.0,0.0,0.25,0.25,1.0,4,18,12698.560109719157
77º D.P. SANTA CECILIA,2026-05-04,1,0.0,1.0,0.25,0.125,-1.0,5,19,12698.560109719157
77º D.P. SANTA CECILIA,2026-05-11,0,1.0,0.0,0.5,0.25,1.0,5,20,12698.560109719157
77º D.P. SANTA CECILIA,2026-05-18,1,0.0,1.0,0.5,0.25,-1.0,5,21,12698.560109719157
77º D.P. SANTA CECILIA,2026-05-25,0,1.0,0.0,0.5,0.375,1.0,5,22,12698.560109719157
78º D.P. JARDINS,2025-10-06,1,,,,,,10,41,0.0
78º D.P. JARDINS,2025-10-13,0,1.0,,1.0,1.0,,10,42,0.0
78º D.P. JARDINS,2025-10-20,0,0.0,1.0,0.5,0.5,-1.0,10,43,0.0
78º D.P. JARDINS,2025-10-27,0,0.0,0.0,0.3333333333333333,0.3333333333333333,0.0,10,44,0.0
78º D.P. JARDINS,2025-11-03,0,0.0,0.0,0.25,0.25,0.0,11,45,0.0
78º D.P. JARDINS,2025-11-10,0,0.0,0.0,0.0,0.2,0.0,11,46,0.0
78º D.P. JARDINS,2025-11-17,0,0.0,0.0,0.0,0.16666666666666666,0.0,11,47,0.0
78º D.P. JARDINS,2025-11-24,0,0.0,0.0,0.0,0.14285714285714285,0.0,11,48,0.0
78º D.P. JARDINS,2025-12-01,0,0.0,0.0,0.0,0.125,0.0,12,49,0.0
78º D.P. JARDINS,2025-12-08,0,0.0,0.0,0.0,0.0,0.0,12,50,0.0
78º D.P. JARDINS,2025-12-15,0,0.0,0.0,0.0,0.0,0.0,12,51,0.0
78º D.P. JARDINS,2025-12-22,0,0.0,0.0,0.0,0.0,0.0,12,52,0.0
78º D.P. JARDINS,2025-12-29,0,0.0,0.0,0.0,0.0,0.0,12,1,0.0
78º D.P. JARDINS,2026-01-05,0,0.0,0.0,0.0,0.0,0.0,1,2,0.0
78º D.P. JARDINS,2026-01-12,0,0.0,0.0,0.0,0.0,0.0,1,3,0.0
78º D.P. JARDINS,2026-01-19,0,0.0,0.0,0.0,0.0,0.0,1,4,0.0
78º D.P. JARDINS,2026-01-26,0,0.0,0.0,0.0,0.0,0.0,1,5,0.0
78º D.P. JARDINS,2026-02-02,0,0.0,0.0,0.0,0.0,0.0,2,6,0.0
78º D.P. JARDINS,2026-02-09,0,0.0,0.0,0.0,0.0,0.0,2,7,0.0
78º D.P. JARDINS,2026-02-16,0,0.0,0.0,0.0,0.0,0.0,2,8,0.0
78º D.P. JARDINS,2026-02-23,0,0.0,0.0,0.0,0.0,0.0,2,9,0.0
78º D.P. JARDINS,2026-03-02,0,0.0,0.0,0.0,0.0,0.0,3,10,0.0
78º D.P. JARDINS,2026-03-09,0,0.0,0.0,0.0,0.0,0.0,3,11,0.0
78º D.P. JARDINS,2026-03-16,0,0.0,0.0,0.0,0.0,0.0,3,12,0.0
78º D.P. JARDINS,2026-03-23,0,0.0,0.0,0.0,0.0,0.0,3,13,0.0
78º D.P. JARDINS,2026-03-30,0,0.0,0.0,0.0,0.0,0.0,3,14,0.0
78º D.P. JARDINS,2026-04-06,0,0.0,0.0,0.0,0.0,0.0,4,15,0.0
78º D.P. JARDINS,2026-04-13,0,0.0,0.0,0.0,0.0,0.0,4,16,0.0
78º D.P. JARDINS,2026-04-20,0,0.0,0.0,0.0,0.0,0.0,4,17,0.0
78º D.P. JARDINS,2026-04-27,0,0.0,0.0,0.0,0.0,0.0,4,18,0.0
78º D.P. JARDINS,2026-05-04,0,0.0,0.0,0.0,0.0,0.0,5,19,0.0
78º D.P. JARDINS,2026-05-11,0,0.0,0.0,0.0,0.0,0.0,5,20,0.0
78º D.P. JARDINS,2026-05-18,0,0.0,0.0,0.0,0.0,0.0,5,21,0.0
78º D.P. JARDINS,2026-05-25,0,0.0,0.0,0.0,0.0,0.0,5,22,0.0
80º D.P. VILA JOANIZA,2025-10-06,0,,,,,,10,41,0.0
80º D.P. VILA JOANIZA,2025-10-13,0,0.0,,0.0,0.0,,10,42,0.0
80º D.P. VILA JOANIZA,2025-10-20,0,0.0,0.0,0.0,0.0,0.0,10,43,0.0
80º D.P. VILA JOANIZA,2025-10-27,0,0.0,0.0,0.0,0.0,0.0,10,44,0.0
80º D.P. VILA JOANIZA,2025-11-03,0,0.0,0.0,0.0,0.0,0.0,11,45,0.0
80º D.P. VILA JOANIZA,2025-11-10,0,0.0,0.0,0.0,0.0,0.0,11,46,0.0
80º D.P. VILA JOANIZA,2025-11-17,0,0.0,0.0,0.0,0.0,0.0,11,47,0.0
80º D.P. VILA JOANIZA,2025-11-24,0,0.0,0.0,0.0,0.0,0.0,11,48,0.0
80º D.P. VILA JOANIZA,2025-12-01,0,0.0,0.0,0.0,0.0,0.0,12,49,0.0
80º D.P. VILA JOANIZA,2025-12-08,0,0.0,0.0,0.0,0.0,0.0,12,50,0.0
80º D.P. VILA JOANIZA,2025-12-15,0,0.0,0.0,0.0,0.0,0.0,12,51,0.0
80º D.P. VILA JOANIZA,2025-12-22,0,0.0,0.0,0.0,0.0,0.0,12,52,0.0
80º D.P. VILA JOANIZA,2025-12-29,0,0.0,0.0,0.0,0.0,0.0,12,1,0.0
80º D.P. VILA JOANIZA,2026-01-05,2,0.0,0.0,0.0,0.0,0.0,1,2,0.0
80º D.P. VILA JOANIZA,2026-01-12,0,2.0,0.0,0.5,0.25,2.0,1,3,0.0
80º D.P. VILA JOANIZA,2026-01-19,0,0.0,2.0,0.5,0.25,-2.0,1,4,0.0
80º D.P. VILA JOANIZA,2026-01-26,0,0.0,0.0,0.5,0.25,0.0,1,5,0.0
80º D.P. VILA JOANIZA,2026-02-02,1,0.0,0.0,0.5,0.25,0.0,2,6,0.0
80º D.P. VILA JOANIZA,2026-02-09,0,1.0,0.0,0.25,0.375,1.0,2,7,0.0
80º D.P. VILA JOANIZA,2026-02-16,0,0.0,1.0,0.25,0.375,-1.0,2,8,0.0
80º D.P. VILA JOANIZA,2026-02-23,0,0.0,0.0,0.25,0.375,0.0,2,9,0.0
80º D.P. VILA JOANIZA,2026-03-02,0,0.0,0.0,0.25,0.375,0.0,3,10,0.0
80º D.P. VILA JOANIZA,2026-03-09,0,0.0,0.0,0.0,0.125,0.0,3,11,0.0
80º D.P. VILA JOANIZA,2026-03-16,0,0.0,0.0,0.0,0.125,0.0,3,12,0.0
80º D.P. VILA JOANIZA,2026-03-23,0,0.0,0.0,0.0,0.125,0.0,3,13,0.0
80º D.P. VILA JOANIZA,2026-03-30,0,0.0,0.0,0.0,0.125,0.0,3,14,0.0
80º D.P. VILA JOANIZA,2026-04-06,0,0.0,0.0,0.0,0.0,0.0,4,15,0.0
80º D.P. VILA JOANIZA,2026-04-13,1,0.0,0.0,0.0,0.0,0.0,4,16,0.0
80º D.P. VILA JOANIZA,2026-04-20,0,1.0,0.0,0.25,0.125,1.0,4,17,0.0
80º D.P. VILA JOANIZA,2026-04-27,0,0.0,1.0,0.25,0.125,-1.0,4,18,0.0
80º D.P. VILA JOANIZA,2026-05-04,0,0.0,0.0,0.25,0.125,0.0,5,19,0.0
80º D.P. VILA JOANIZA,2026-05-11,0,0.0,0.0,0.25,0.125,0.0,5,20,0.0
80º D.P. VILA JOANIZA,2026-05-18,0,0.0,0.0,0.0,0.125,0.0,5,21,0.0
80º D.P. VILA JOANIZA,2026-05-25,0,0.0,0.0,0.0,0.125,0.0,5,22,0.0
81º D.P. BELEM,2025-10-06,0,,,,,,10,41,12429.239035625538
81º D.P. BELEM,2025-10-13,0,0.0,,0.0,0.0,,10,42,12429.239035625538
81º D.P. BELEM,2025-10-20,0,0.0,0.0,0.0,0.0,0.0,10,43,12429.239035625538
81º D.P. BELEM,2025-10-27,0,0.0,0.0,0.0,0.0,0.0,10,44,12429.239035625538
81º D.P. BELEM,2025-11-03,0,0.0,0.0,0.0,0.0,0.0,11,45,12429.239035625538
81º D.P. BELEM,2025-11-10,0,0.0,0.0,0.0,0.0,0.0,11,46,12429.239035625538
81º D.P. BELEM,2025-11-17,0,0.0,0.0,0.0,0.0,0.0,11,47,12429.239035625538
81º D.P. BELEM,2025-11-24,0,0.0,0.0,0.0,0.0,0.0,11,48,12429.239035625538
81º D.P. BELEM,2025-12-01,0,0.0,0.0,0.0,0.0,0.0,12,49,12429.239035625538
81º D.P. BELEM,2025-12-08,0,0.0,0.0,0.0,0.0,0.0,12,50,12429.239035625538
81º D.P. BELEM,2025-12-15,0,0.0,0.0,0.0,0.0,0.0,12,51,12429.239035625538
81º D.P. BELEM,2025-12-22,0,0.0,0.0,0.0,0.0,0.0,12,52,12429.239035625538
81º D.P. BELEM,2025-12-29,0,0.0,0.0,0.0,0.0,0.0,12,1,12429.239035625538
81º D.P. BELEM,2026-01-05,0,0.0,0.0,0.0,0.0,0.0,1,2,12429.239035625538
81º D.P. BELEM,2026-01-12,0,0.0,0.0,0.0,0.0,0.0,1,3,12429.239035625538
81º D.P. BELEM,2026-01-19,0,0.0,0.0,0.0,0.0,0.0,1,4,12429.239035625538
81º D.P. BELEM,2026-01-26,1,0.0,0.0,0.0,0.0,0.0,1,5,12429.239035625538
81º D.P. BELEM,2026-02-02,1,1.0,0.0,0.25,0.125,1.0,2,6,12429.239035625538
81º D.P. BELEM,2026-02-09,0,1.0,1.0,0.5,0.25,0.0,2,7,12429.239035625538
81º D.P. BELEM,2026-02-16,0,0.0,1.0,0.5,0.25,-1.0,2,8,12429.239035625538
81º D.P. BELEM,2026-02-23,0,0.0,0.0,0.5,0.25,0.0,2,9,12429.239035625538
81º D.P. BELEM,2026-03-02,0,0.0,0.0,0.25,0.25,0.0,3,10,12429.239035625538
81º D.P. BELEM,2026-03-09,0,0.0,0.0,0.0,0.25,0.0,3,11,12429.239035625538
81º D.P. BELEM,2026-03-16,1,0.0,0.0,0.0,0.25,0.0,3,12,12429.239035625538
81º D.P. BELEM,2026-03-23,0,1.0,0.0,0.25,0.375,1.0,3,13,12429.239035625538
81º D.P. BELEM,2026-03-30,0,0.0,1.0,0.25,0.25,-1.0,3,14,12429.239035625538
81º D.P. BELEM,2026-04-06,0,0.0,0.0,0.25,0.125,0.0,4,15,12429.239035625538
81º D.P. BELEM,2026-04-13,1,0.0,0.0,0.25,0.125,0.0,4,16,12429.239035625538
81º D.P. BELEM,2026-04-20,0,1.0,0.0,0.25,0.25,1.0,4,17,12429.239035625538
81º D.P. BELEM,2026-04-27,0,0.0,1.0,0.25,0.25,-1.0,4,18,12429.239035625538
81º D.P. BELEM,2026-05-04,1,0.0,0.0,0.25,0.25,0.0,5,19,12429.239035625538
81º D.P. BELEM,2026-05-11,0,1.0,0.0,0.5,0.375,1.0,5,20,12429.239035625538
81º D.P. BELEM,2026-05-18,0,0.0,1.0,0.25,0.25,-1.0,5,21,12429.239035625538
81º D.P. BELEM,2026-05-25,0,0.0,0.0,0.25,0.25,0.0,5,22,12429.239035625538
83º D.P. PARQUE BRISTOL,2025-10-06,0,,,,,,10,41,12257.598533891598
83º D.P. PARQUE BRISTOL,2025-10-13,0,0.0,,0.0,0.0,,10,42,12257.598533891598
83º D.P. PARQUE BRISTOL,2025-10-20,0,0.0,0.0,0.0,0.0,0.0,10,43,12257.598533891598
83º D.P. PARQUE BRISTOL,2025-10-27,0,0.0,0.0,0.0,0.0,0.0,10,44,12257.598533891598
83º D.P. PARQUE BRISTOL,2025-11-03,0,0.0,0.0,0.0,0.0,0.0,11,45,12257.598533891598
83º D.P. PARQUE BRISTOL,2025-11-10,0,0.0,0.0,0.0,0.0,0.0,11,46,12257.598533891598
83º D.P. PARQUE BRISTOL,2025-11-17,0,0.0,0.0,0.0,0.0,0.0,11,47,12257.598533891598
83º D.P. PARQUE BRISTOL,2025-11-24,0,0.0,0.0,0.0,0.0,0.0,11,48,12257.598533891598
83º D.P. PARQUE BRISTOL,2025-12-01,0,0.0,0.0,0.0,0.0,0.0,12,49,12257.598533891598
83º D.P. PARQUE BRISTOL,2025-12-08,0,0.0,0.0,0.0,0.0,0.0,12,50,12257.598533891598
83º D.P. PARQUE BRISTOL,2025-12-15,0,0.0,0.0,0.0,0.0,0.0,12,51,12257.598533891598
83º D.P. PARQUE BRISTOL,2025-12-22,0,0.0,0.0,0.0,0.0,0.0,12,52,12257.598533891598
83º D.P. PARQUE BRISTOL,2025-12-29,0,0.0,0.0,0.0,0.0,0.0,12,1,12257.598533891598
83º D.P. PARQUE BRISTOL,2026-01-05,0,0.0,0.0,0.0,0.0,0.0,1,2,12257.598533891598
83º D.P. PARQUE BRISTOL,2026-01-12,0,0.0,0.0,0.0,0.0,0.0,1,3,12257.598533891598
83º D.P. PARQUE BRISTOL,2026-01-19,0,0.0,0.0,0.0,0.0,0.0,1,4,12257.598533891598
83º D.P. PARQUE BRISTOL,2026-01-26,0,0.0,0.0,0.0,0.0,0.0,1,5,12257.598533891598
83º D.P. PARQUE BRISTOL,2026-02-02,0,0.0,0.0,0.0,0.0,0.0,2,6,12257.598533891598
83º D.P. PARQUE BRISTOL,2026-02-09,0,0.0,0.0,0.0,0.0,0.0,2,7,12257.598533891598
83º D.P. PARQUE BRISTOL,2026-02-16,1,0.0,0.0,0.0,0.0,0.0,2,8,12257.598533891598
83º D.P. PARQUE BRISTOL,2026-02-23,0,1.0,0.0,0.25,0.125,1.0,2,9,12257.598533891598
83º D.P. PARQUE BRISTOL,2026-03-02,0,0.0,1.0,0.25,0.125,-1.0,3,10,12257.598533891598
83º D.P. PARQUE BRISTOL,2026-03-09,0,0.0,0.0,0.25,0.125,0.0,3,11,12257.598533891598
83º D.P. PARQUE BRISTOL,2026-03-16,1,0.0,0.0,0.25,0.125,0.0,3,12,12257.598533891598
83º D.P. PARQUE BRISTOL,2026-03-23,0,1.0,0.0,0.25,0.25,1.0,3,13,12257.598533891598
83º D.P. PARQUE BRISTOL,2026-03-30,0,0.0,1.0,0.25,0.25,-1.0,3,14,12257.598533891598
83º D.P. PARQUE BRISTOL,2026-04-06,0,0.0,0.0,0.25,0.25,0.0,4,15,12257.598533891598
83º D.P. PARQUE BRISTOL,2026-04-13,0,0.0,0.0,0.25,0.25,0.0,4,16,12257.598533891598
83º D.P. PARQUE BRISTOL,2026-04-20,0,0.0,0.0,0.0,0.125,0.0,4,17,12257.598533891598
83º D.P. PARQUE BRISTOL,2026-04-27,0,0.0,0.0,0.0,0.125,0.0,4,18,12257.598533891598
83º D.P. PARQUE BRISTOL,2026-05-04,0,0.0,0.0,0.0,0.125,0.0,5,19,12257.598533891598
83º D.P. PARQUE BRISTOL,2026-05-11,0,0.0,0.0,0.0,0.125,0.0,5,20,12257.598533891598
83º D.P. PARQUE BRISTOL,2026-05-18,0,0.0,0.0,0.0,0.0,0.0,5,21,12257.598533891598
83º D.P. PARQUE BRISTOL,2026-05-25,0,0.0,0.0,0.0,0.0,0.0,5,22,12257.598533891598
85º D.P. JARDIM MIRNA,2025-10-06,0,,,,,,10,41,8307.851908049293
85º D.P. JARDIM MIRNA,2025-10-13,0,0.0,,0.0,0.0,,10,42,8307.851908049293
85º D.P. JARDIM MIRNA,2025-10-20,0,0.0,0.0,0.0,0.0,0.0,10,43,8307.851908049293
85º D.P. JARDIM MIRNA,2025-10-27,0,0.0,0.0,0.0,0.0,0.0,10,44,8307.851908049293
85º D.P. JARDIM MIRNA,2025-11-03,0,0.0,0.0,0.0,0.0,0.0,11,45,8307.851908049293
85º D.P. JARDIM MIRNA,2025-11-10,0,0.0,0.0,0.0,0.0,0.0,11,46,8307.851908049293
85º D.P. JARDIM MIRNA,2025-11-17,0,0.0,0.0,0.0,0.0,0.0,11,47,8307.851908049293
85º D.P. JARDIM MIRNA,2025-11-24,0,0.0,0.0,0.0,0.0,0.0,11,48,8307.851908049293
85º D.P. JARDIM MIRNA,2025-12-01,0,0.0,0.0,0.0,0.0,0.0,12,49,8307.851908049293
85º D.P. JARDIM MIRNA,2025-12-08,0,0.0,0.0,0.0,0.0,0.0,12,50,8307.851908049293
85º D.P. JARDIM MIRNA,2025-12-15,0,0.0,0.0,0.0,0.0,0.0,12,51,8307.851908049293
85º D.P. JARDIM MIRNA,2025-12-22,0,0.0,0.0,0.0,0.0,0.0,12,52,8307.851908049293
85º D.P. JARDIM MIRNA,2025-12-29,1,0.0,0.0,0.0,0.0,0.0,12,1,8307.851908049293
85º D.P. JARDIM MIRNA,2026-01-05,1,1.0,0.0,0.25,0.125,1.0,1,2,8307.851908049293
85º D.P. JARDIM MIRNA,2026-01-12,1,1.0,1.0,0.5,0.25,0.0,1,3,8307.851908049293
85º D.P. JARDIM MIRNA,2026-01-19,1,1.0,1.0,0.75,0.375,0.0,1,4,8307.851908049293
85º D.P. JARDIM MIRNA,2026-01-26,0,1.0,1.0,1.0,0.5,0.0,1,5,8307.851908049293
85º D.P. JARDIM MIRNA,2026-02-02,0,0.0,1.0,0.75,0.5,-1.0,2,6,8307.851908049293
85º D.P. JARDIM MIRNA,2026-02-09,1,0.0,0.0,0.5,0.5,0.0,2,7,8307.851908049293
85º D.P. JARDIM MIRNA,2026-02-16,0,1.0,0.0,0.5,0.625,1.0,2,8,8307.851908049293
85º D.P. JARDIM MIRNA,2026-02-23,0,0.0,1.0,0.25,0.625,-1.0,2,9,8307.851908049293
85º D.P. JARDIM MIRNA,2026-03-02,1,0.0,0.0,0.25,0.5,0.0,3,10,8307.851908049293
85º D.P. JARDIM MIRNA,2026-03-09,2,1.0,0.0,0.5,0.5,1.0,3,11,8307.851908049293
85º D.P. JARDIM MIRNA,2026-03-16,1,2.0,1.0,0.75,0.625,1.0,3,12,8307.851908049293
85º D.P. JARDIM MIRNA,2026-03-23,3,1.0,2.0,1.0,0.625,-1.0,3,13,8307.851908049293
85º D.P. JARDIM MIRNA,2026-03-30,2,3.0,1.0,1.75,1.0,2.0,3,14,8307.851908049293
85º D.P. JARDIM MIRNA,2026-04-06,0,2.0,3.0,2.0,1.25,-1.0,4,15,8307.851908049293
85º D.P. JARDIM MIRNA,2026-04-13,1,0.0,2.0,1.5,1.125,-2.0,4,16,8307.851908049293
85º D.P. JARDIM MIRNA,2026-04-20,1,1.0,0.0,1.5,1.25,1.0,4,17,8307.851908049293
85º D.P. JARDIM MIRNA,2026-04-27,0,1.0,1.0,1.0,1.375,0.0,4,18,8307.851908049293
85º D.P. JARDIM MIRNA,2026-05-04,0,0.0,1.0,0.5,1.25,-1.0,5,19,8307.851908049293
85º D.P. JARDIM MIRNA,2026-05-11,3,0.0,0.0,0.5,1.0,0.0,5,20,8307.851908049293
85º D.P. JARDIM MIRNA,2026-05-18,1,3.0,0.0,1.0,1.25,3.0,5,21,8307.851908049293
85º D.P. JARDIM MIRNA,2026-05-25,0,1.0,3.0,1.0,1.0,-2.0,5,22,8307.851908049293
87º D.P. V. P. BARRETO,2025-10-06,0,,,,,,10,41,10322.99510643065
87º D.P. V. P. BARRETO,2025-10-13,0,0.0,,0.0,0.0,,10,42,10322.99510643065
87º D.P. V. P. BARRETO,2025-10-20,0,0.0,0.0,0.0,0.0,0.0,10,43,10322.99510643065
87º D.P. V. P. BARRETO,2025-10-27,0,0.0,0.0,0.0,0.0,0.0,10,44,10322.99510643065
87º D.P. V. P. BARRETO,2025-11-03,0,0.0,0.0,0.0,0.0,0.0,11,45,10322.99510643065
87º D.P. V. P. BARRETO,2025-11-10,0,0.0,0.0,0.0,0.0,0.0,11,46,10322.99510643065
87º D.P. V. P. BARRETO,2025-11-17,0,0.0,0.0,0.0,0.0,0.0,11,47,10322.99510643065
87º D.P. V. P. BARRETO,2025-11-24,0,0.0,0.0,0.0,0.0,0.0,11,48,10322.99510643065
87º D.P. V. P. BARRETO,2025-12-01,0,0.0,0.0,0.0,0.0,0.0,12,49,10322.99510643065
87º D.P. V. P. BARRETO,2025-12-08,0,0.0,0.0,0.0,0.0,0.0,12,50,10322.99510643065
87º D.P. V. P. BARRETO,2025-12-15,0,0.0,0.0,0.0,0.0,0.0,12,51,10322.99510643065
87º D.P. V. P. BARRETO,2025-12-22,0,0.0,0.0,0.0,0.0,0.0,12,52,10322.99510643065
87º D.P. V. P. BARRETO,2025-12-29,0,0.0,0.0,0.0,0.0,0.0,12,1,10322.99510643065
87º D.P. V. P. BARRETO,2026-01-05,0,0.0,0.0,0.0,0.0,0.0,1,2,10322.99510643065
87º D.P. V. P. BARRETO,2026-01-12,0,0.0,0.0,0.0,0.0,0.0,1,3,10322.99510643065
87º D.P. V. P. BARRETO,2026-01-19,0,0.0,0.0,0.0,0.0,0.0,1,4,10322.99510643065
87º D.P. V. P. BARRETO,2026-01-26,0,0.0,0.0,0.0,0.0,0.0,1,5,10322.99510643065
87º D.P. V. P. BARRETO,2026-02-02,0,0.0,0.0,0.0,0.0,0.0,2,6,10322.99510643065
87º D.P. V. P. BARRETO,2026-02-09,0,0.0,0.0,0.0,0.0,0.0,2,7,10322.99510643065
87º D.P. V. P. BARRETO,2026-02-16,0,0.0,0.0,0.0,0.0,0.0,2,8,10322.99510643065
87º D.P. V. P. BARRETO,2026-02-23,0,0.0,0.0,0.0,0.0,0.0,2,9,10322.99510643065
87º D.P. V. P. BARRETO,2026-03-02,0,0.0,0.0,0.0,0.0,0.0,3,10,10322.99510643065
87º D.P. V. P. BARRETO,2026-03-09,0,0.0,0.0,0.0,0.0,0.0,3,11,10322.99510643065
87º D.P. V. P. BARRETO,2026-03-16,0,0.0,0.0,0.0,0.0,0.0,3,12,10322.99510643065
87º D.P. V. P. BARRETO,2026-03-23,0,0.0,0.0,0.0,0.0,0.0,3,13,10322.99510643065
87º D.P. V. P. BARRETO,2026-03-30,1,0.0,0.0,0.0,0.0,0.0,3,14,10322.99510643065
87º D.P. V. P. BARRETO,2026-04-06,0,1.0,0.0,0.25,0.125,1.0,4,15,10322.99510643065
87º D.P. V. P. BARRETO,2026-04-13,0,0.0,1.0,0.25,0.125,-1.0,4,16,10322.99510643065
87º D.P. V. P. BARRETO,2026-04-20,0,0.0,0.0,0.25,0.125,0.0,4,17,10322.99510643065
87º D.P. V. P. BARRETO,2026-04-27,0,0.0,0.0,0.25,0.125,0.0,4,18,10322.99510643065
87º D.P. V. P. BARRETO,2026-05-04,0,0.0,0.0,0.0,0.125,0.0,5,19,10322.99510643065
87º D.P. V. P. BARRETO,2026-05-11,0,0.0,0.0,0.0,0.125,0.0,5,20,10322.99510643065
87º D.P. V. P. BARRETO,2026-05-18,0,0.0,0.0,0.0,0.125,0.0,5,21,10322.99510643065
87º D.P. V. P. BARRETO,2026-05-25,0,0.0,0.0,0.0,0.125,0.0,5,22,10322.99510643065
89º D.P. JARDIM TABOAO,2025-10-06,0,,,,,,10,41,11947.063811311518
89º D.P. JARDIM TABOAO,2025-10-13,0,0.0,,0.0,0.0,,10,42,11947.063811311518
89º D.P. JARDIM TABOAO,2025-10-20,0,0.0,0.0,0.0,0.0,0.0,10,43,11947.063811311518
89º D.P. JARDIM TABOAO,2025-10-27,0,0.0,0.0,0.0,0.0,0.0,10,44,11947.063811311518
89º D.P. JARDIM TABOAO,2025-11-03,0,0.0,0.0,0.0,0.0,0.0,11,45,11947.063811311518
89º D.P. JARDIM TABOAO,2025-11-10,0,0.0,0.0,0.0,0.0,0.0,11,46,11947.063811311518
89º D.P. JARDIM TABOAO,2025-11-17,0,0.0,0.0,0.0,0.0,0.0,11,47,11947.063811311518
89º D.P. JARDIM TABOAO,2025-11-24,0,0.0,0.0,0.0,0.0,0.0,11,48,11947.063811311518
89º D.P. JARDIM TABOAO,2025-12-01,0,0.0,0.0,0.0,0.0,0.0,12,49,11947.063811311518
89º D.P. JARDIM TABOAO,2025-12-08,0,0.0,0.0,0.0,0.0,0.0,12,50,11947.063811311518
89º D.P. JARDIM TABOAO,2025-12-15,0,0.0,0.0,0.0,0.0,0.0,12,51,11947.063811311518
89º D.P. JARDIM TABOAO,2025-12-22,0,0.0,0.0,0.0,0.0,0.0,12,52,11947.063811311518
89º D.P. JARDIM TABOAO,2025-12-29,1,0.0,0.0,0.0,0.0,0.0,12,1,11947.063811311518
89º D.P. JARDIM TABOAO,2026-01-05,0,1.0,0.0,0.25,0.125,1.0,1,2,11947.063811311518
89º D.P. JARDIM TABOAO,2026-01-12,0,0.0,1.0,0.25,0.125,-1.0,1,3,11947.063811311518
89º D.P. JARDIM TABOAO,2026-01-19,1,0.0,0.0,0.25,0.125,0.0,1,4,11947.063811311518
89º D.P. JARDIM TABOAO,2026-01-26,0,1.0,0.0,0.5,0.25,1.0,1,5,11947.063811311518
89º D.P. JARDIM TABOAO,2026-02-02,1,0.0,1.0,0.25,0.25,-1.0,2,6,11947.063811311518
89º D.P. JARDIM TABOAO,2026-02-09,0,1.0,0.0,0.5,0.375,1.0,2,7,11947.063811311518
89º D.P. JARDIM TABOAO,2026-02-16,3,0.0,1.0,0.5,0.375,-1.0,2,8,11947.063811311518
89º D.P. JARDIM TABOAO,2026-02-23,0,3.0,0.0,1.0,0.75,3.0,2,9,11947.063811311518
89º D.P. JARDIM TABOAO,2026-03-02,0,0.0,3.0,1.0,0.625,-3.0,3,10,11947.063811311518
89º D.P. JARDIM TABOAO,2026-03-09,1,0.0,0.0,0.75,0.625,0.0,3,11,11947.063811311518
89º D.P. JARDIM TABOAO,2026-03-16,0,1.0,0.0,1.0,0.75,1.0,3,12,11947.063811311518
89º D.P. JARDIM TABOAO,2026-03-23,2,0.0,1.0,0.25,0.625,-1.0,3,13,11947.063811311518
89º D.P. JARDIM TABOAO,2026-03-30,0,2.0,0.0,0.75,0.875,2.0,3,14,11947.063811311518
89º D.P. JARDIM TABOAO,2026-04-06,0,0.0,2.0,0.75,0.75,-2.0,4,15,11947.063811311518
89º D.P. JARDIM TABOAO,2026-04-13,0,0.0,0.0,0.5,0.75,0.0,4,16,11947.063811311518
89º D.P. JARDIM TABOAO,2026-04-20,0,0.0,0.0,0.5,0.375,0.0,4,17,11947.063811311518
89º D.P. JARDIM TABOAO,2026-04-27,3,0.0,0.0,0.0,0.375,0.0,4,18,11947.063811311518
89º D.P. JARDIM TABOAO,2026-05-04,1,3.0,0.0,0.75,0.75,3.0,5,19,11947.063811311518
89º D.P. JARDIM TABOAO,2026-05-11,1,1.0,3.0,1.0,0.75,-2.0,5,20,11947.063811311518
89º D.P. JARDIM TABOAO,2026-05-18,0,1.0,1.0,1.25,0.875,0.0,5,21,11947.063811311518
89º D.P. JARDIM TABOAO,2026-05-25,3,0.0,1.0,1.25,0.625,-1.0,5,22,11947.063811311518
90º D.P. PQ. NOVO MUNDO,2025-10-06,0,,,,,,10,41,11746.934914275878
90º D.P. PQ. NOVO MUNDO,2025-10-13,0,0.0,,0.0,0.0,,10,42,11746.934914275878
90º D.P. PQ. NOVO MUNDO,2025-10-20,0,0.0,0.0,0.0,0.0,0.0,10,43,11746.934914275878
90º D.P. PQ. NOVO MUNDO,2025-10-27,0,0.0,0.0,0.0,0.0,0.0,10,44,11746.934914275878
90º D.P. PQ. NOVO MUNDO,2025-11-03,0,0.0,0.0,0.0,0.0,0.0,11,45,11746.934914275878
90º D.P. PQ. NOVO MUNDO,2025-11-10,0,0.0,0.0,0.0,0.0,0.0,11,46,11746.934914275878
90º D.P. PQ. NOVO MUNDO,2025-11-17,0,0.0,0.0,0.0,0.0,0.0,11,47,11746.934914275878
90º D.P. PQ. NOVO MUNDO,2025-11-24,0,0.0,0.0,0.0,0.0,0.0,11,48,11746.934914275878
90º D.P. PQ. NOVO MUNDO,2025-12-01,0,0.0,0.0,0.0,0.0,0.0,12,49,11746.934914275878
90º D.P. PQ. NOVO MUNDO,2025-12-08,0,0.0,0.0,0.0,0.0,0.0,12,50,11746.934914275878
90º D.P. PQ. NOVO MUNDO,2025-12-15,0,0.0,0.0,0.0,0.0,0.0,12,51,11746.934914275878
90º D.P. PQ. NOVO MUNDO,2025-12-22,0,0.0,0.0,0.0,0.0,0.0,12,52,11746.934914275878
90º D.P. PQ. NOVO MUNDO,2025-12-29,0,0.0,0.0,0.0,0.0,0.0,12,1,11746.934914275878
90º D.P. PQ. NOVO MUNDO,2026-01-05,2,0.0,0.0,0.0,0.0,0.0,1,2,11746.934914275878
90º D.P. PQ. NOVO MUNDO,2026-01-12,0,2.0,0.0,0.5,0.25,2.0,1,3,11746.934914275878
90º D.P. PQ. NOVO MUNDO,2026-01-19,0,0.0,2.0,0.5,0.25,-2.0,1,4,11746.934914275878
90º D.P. PQ. NOVO MUNDO,2026-01-26,1,0.0,0.0,0.5,0.25,0.0,1,5,11746.934914275878
90º D.P. PQ. NOVO MUNDO,2026-02-02,0,1.0,0.0,0.75,0.375,1.0,2,6,11746.934914275878
90º D.P. PQ. NOVO MUNDO,2026-02-09,0,0.0,1.0,0.25,0.375,-1.0,2,7,11746.934914275878
90º D.P. PQ. NOVO MUNDO,2026-02-16,0,0.0,0.0,0.25,0.375,0.0,2,8,11746.934914275878
90º D.P. PQ. NOVO MUNDO,2026-02-23,0,0.0,0.0,0.25,0.375,0.0,2,9,11746.934914275878
90º D.P. PQ. NOVO MUNDO,2026-03-02,0,0.0,0.0,0.0,0.375,0.0,3,10,11746.934914275878
90º D.P. PQ. NOVO MUNDO,2026-03-09,0,0.0,0.0,0.0,0.125,0.0,3,11,11746.934914275878
90º D.P. PQ. NOVO MUNDO,2026-03-16,0,0.0,0.0,0.0,0.125,0.0,3,12,11746.934914275878
90º D.P. PQ. NOVO MUNDO,2026-03-23,0,0.0,0.0,0.0,0.125,0.0,3,13,11746.934914275878
90º D.P. PQ. NOVO MUNDO,2026-03-30,0,0.0,0.0,0.0,0.0,0.0,3,14,11746.934914275878
90º D.P. PQ. NOVO MUNDO,2026-04-06,0,0.0,0.0,0.0,0.0,0.0,4,15,11746.934914275878
90º D.P. PQ. NOVO MUNDO,2026-04-13,2,0.0,0.0,0.0,0.0,0.0,4,16,11746.934914275878
90º D.P. PQ. NOVO MUNDO,2026-04-20,0,2.0,0.0,0.5,0.25,2.0,4,17,11746.934914275878
90º D.P. PQ. NOVO MUNDO,2026-04-27,0,0.0,2.0,0.5,0.25,-2.0,4,18,11746.934914275878
90º D.P. PQ. NOVO MUNDO,2026-05-04,0,0.0,0.0,0.5,0.25,0.0,5,19,11746.934914275878
90º D.P. PQ. NOVO MUNDO,2026-05-11,0,0.0,0.0,0.5,0.25,0.0,5,20,11746.934914275878
90º D.P. PQ. NOVO MUNDO,2026-05-18,0,0.0,0.0,0.0,0.25,0.0,5,21,11746.934914275878
90º D.P. PQ. NOVO MUNDO,2026-05-25,0,0.0,0.0,0.0,0.25,0.0,5,22,11746.934914275878
91º D.P. CEASA,2025-10-06,0,,,,,,10,41,0.0
91º D.P. CEASA,2025-10-13,0,0.0,,0.0,0.0,,10,42,0.0
91º D.P. CEASA,2025-10-20,0,0.0,0.0,0.0,0.0,0.0,10,43,0.0
91º D.P. CEASA,2025-10-27,0,0.0,0.0,0.0,0.0,0.0,10,44,0.0
91º D.P. CEASA,2025-11-03,0,0.0,0.0,0.0,0.0,0.0,11,45,0.0
91º D.P. CEASA,2025-11-10,0,0.0,0.0,0.0,0.0,0.0,11,46,0.0
91º D.P. CEASA,2025-11-17,0,0.0,0.0,0.0,0.0,0.0,11,47,0.0
91º D.P. CEASA,2025-11-24,0,0.0,0.0,0.0,0.0,0.0,11,48,0.0
91º D.P. CEASA,2025-12-01,0,0.0,0.0,0.0,0.0,0.0,12,49,0.0
91º D.P. CEASA,2025-12-08,0,0.0,0.0,0.0,0.0,0.0,12,50,0.0
91º D.P. CEASA,2025-12-15,0,0.0,0.0,0.0,0.0,0.0,12,51,0.0
91º D.P. CEASA,2025-12-22,0,0.0,0.0,0.0,0.0,0.0,12,52,0.0
91º D.P. CEASA,2025-12-29,0,0.0,0.0,0.0,0.0,0.0,12,1,0.0
91º D.P. CEASA,2026-01-05,0,0.0,0.0,0.0,0.0,0.0,1,2,0.0
91º D.P. CEASA,2026-01-12,0,0.0,0.0,0.0,0.0,0.0,1,3,0.0
91º D.P. CEASA,2026-01-19,0,0.0,0.0,0.0,0.0,0.0,1,4,0.0
91º D.P. CEASA,2026-01-26,0,0.0,0.0,0.0,0.0,0.0,1,5,0.0
91º D.P. CEASA,2026-02-02,0,0.0,0.0,0.0,0.0,0.0,2,6,0.0
91º D.P. CEASA,2026-02-09,0,0.0,0.0,0.0,0.0,0.0,2,7,0.0
91º D.P. CEASA,2026-02-16,1,0.0,0.0,0.0,0.0,0.0,2,8,0.0
91º D.P. CEASA,2026-02-23,0,1.0,0.0,0.25,0.125,1.0,2,9,0.0
91º D.P. CEASA,2026-03-02,0,0.0,1.0,0.25,0.125,-1.0,3,10,0.0
91º D.P. CEASA,2026-03-09,0,0.0,0.0,0.25,0.125,0.0,3,11,0.0
91º D.P. CEASA,2026-03-16,0,0.0,0.0,0.25,0.125,0.0,3,12,0.0
91º D.P. CEASA,2026-03-23,0,0.0,0.0,0.0,0.125,0.0,3,13,0.0
91º D.P. CEASA,2026-03-30,0,0.0,0.0,0.0,0.125,0.0,3,14,0.0
91º D.P. CEASA,2026-04-06,0,0.0,0.0,0.0,0.125,0.0,4,15,0.0
91º D.P. CEASA,2026-04-13,0,0.0,0.0,0.0,0.125,0.0,4,16,0.0
91º D.P. CEASA,2026-04-20,0,0.0,0.0,0.0,0.0,0.0,4,17,0.0
91º D.P. CEASA,2026-04-27,0,0.0,0.0,0.0,0.0,0.0,4,18,0.0
91º D.P. CEASA,2026-05-04,0,0.0,0.0,0.0,0.0,0.0,5,19,0.0
91º D.P. CEASA,2026-05-11,0,0.0,0.0,0.0,0.0,0.0,5,20,0.0
91º D.P. CEASA,2026-05-18,0,0.0,0.0,0.0,0.0,0.0,5,21,0.0
91º D.P. CEASA,2026-05-25,0,0.0,0.0,0.0,0.0,0.0,5,22,0.0
92º D.P. PQ. SANTO ANTONIO,2025-10-06,0,,,,,,10,41,10884.34562610136
92º D.P. PQ. SANTO ANTONIO,2025-10-13,0,0.0,,0.0,0.0,,10,42,10884.34562610136
92º D.P. PQ. SANTO ANTONIO,2025-10-20,0,0.0,0.0,0.0,0.0,0.0,10,43,10884.34562610136
92º D.P. PQ. SANTO ANTONIO,2025-10-27,0,0.0,0.0,0.0,0.0,0.0,10,44,10884.34562610136
92º D.P. PQ. SANTO ANTONIO,2025-11-03,0,0.0,0.0,0.0,0.0,0.0,11,45,10884.34562610136
92º D.P. PQ. SANTO ANTONIO,2025-11-10,0,0.0,0.0,0.0,0.0,0.0,11,46,10884.34562610136
92º D.P. PQ. SANTO ANTONIO,2025-11-17,0,0.0,0.0,0.0,0.0,0.0,11,47,10884.34562610136
92º D.P. PQ. SANTO ANTONIO,2025-11-24,0,0.0,0.0,0.0,0.0,0.0,11,48,10884.34562610136
92º D.P. PQ. SANTO ANTONIO,2025-12-01,0,0.0,0.0,0.0,0.0,0.0,12,49,10884.34562610136
92º D.P. PQ. SANTO ANTONIO,2025-12-08,0,0.0,0.0,0.0,0.0,0.0,12,50,10884.34562610136
92º D.P. PQ. SANTO ANTONIO,2025-12-15,0,0.0,0.0,0.0,0.0,0.0,12,51,10884.34562610136
92º D.P. PQ. SANTO ANTONIO,2025-12-22,0,0.0,0.0,0.0,0.0,0.0,12,52,10884.34562610136
92º D.P. PQ. SANTO ANTONIO,2025-12-29,1,0.0,0.0,0.0,0.0,0.0,12,1,10884.34562610136
92º D.P. PQ. SANTO ANTONIO,2026-01-05,0,1.0,0.0,0.25,0.125,1.0,1,2,10884.34562610136
92º D.P. PQ. SANTO ANTONIO,2026-01-12,0,0.0,1.0,0.25,0.125,-1.0,1,3,10884.34562610136
92º D.P. PQ. SANTO ANTONIO,2026-01-19,1,0.0,0.0,0.25,0.125,0.0,1,4,10884.34562610136
92º D.P. PQ. SANTO ANTONIO,2026-01-26,0,1.0,0.0,0.5,0.25,1.0,1,5,10884.34562610136
92º D.P. PQ. SANTO ANTONIO,2026-02-02,0,0.0,1.0,0.25,0.25,-1.0,2,6,10884.34562610136
92º D.P. PQ. SANTO ANTONIO,2026-02-09,0,0.0,0.0,0.25,0.25,0.0,2,7,10884.34562610136
92º D.P. PQ. SANTO ANTONIO,2026-02-16,0,0.0,0.0,0.25,0.25,0.0,2,8,10884.34562610136
92º D.P. PQ. SANTO ANTONIO,2026-02-23,2,0.0,0.0,0.0,0.25,0.0,2,9,10884.34562610136
92º D.P. PQ. SANTO ANTONIO,2026-03-02,0,2.0,0.0,0.5,0.375,2.0,3,10,10884.34562610136
92º D.P. PQ. SANTO ANTONIO,2026-03-09,1,0.0,2.0,0.5,0.375,-2.0,3,11,10884.34562610136
92º D.P. PQ. SANTO ANTONIO,2026-03-16,1,1.0,0.0,0.75,0.5,1.0,3,12,10884.34562610136
92º D.P. PQ. SANTO ANTONIO,2026-03-23,1,1.0,1.0,1.0,0.5,0.0,3,13,10884.34562610136
92º D.P. PQ. SANTO ANTONIO,2026-03-30,1,1.0,1.0,0.75,0.625,0.0,3,14,10884.34562610136
92º D.P. PQ. SANTO ANTONIO,2026-04-06,1,1.0,1.0,1.0,0.75,0.0,4,15,10884.34562610136
92º D.P. PQ. SANTO ANTONIO,2026-04-13,2,1.0,1.0,1.0,0.875,0.0,4,16,10884.34562610136
92º D.P. PQ. SANTO ANTONIO,2026-04-20,0,2.0,1.0,1.25,1.125,1.0,4,17,10884.34562610136
92º D.P. PQ. SANTO ANTONIO,2026-04-27,0,0.0,2.0,1.0,0.875,-2.0,4,18,10884.34562610136
92º D.P. PQ. SANTO ANTONIO,2026-05-04,1,0.0,0.0,0.75,0.875,0.0,5,19,10884.34562610136
92º D.P. PQ. SANTO ANTONIO,2026-05-11,0,1.0,0.0,0.75,0.875,1.0,5,20,10884.34562610136
92º D.P. PQ. SANTO ANTONIO,2026-05-18,0,0.0,1.0,0.25,0.75,-1.0,5,21,10884.34562610136
92º D.P. PQ. SANTO ANTONIO,2026-05-25,0,0.0,0.0,0.25,0.625,0.0,5,22,10884.34562610136
93º D.P. JAGUARE,2025-10-06,0,,,,,,10,41,0.0
93º D.P. JAGUARE,2025-10-13,0,0.0,,0.0,0.0,,10,42,0.0
93º D.P. JAGUARE,2025-10-20,0,0.0,0.0,0.0,0.0,0.0,10,43,0.0
93º D.P. JAGUARE,2025-10-27,0,0.0,0.0,0.0,0.0,0.0,10,44,0.0
93º D.P. JAGUARE,2025-11-03,0,0.0,0.0,0.0,0.0,0.0,11,45,0.0
93º D.P. JAGUARE,2025-11-10,0,0.0,0.0,0.0,0.0,0.0,11,46,0.0
93º D.P. JAGUARE,2025-11-17,0,0.0,0.0,0.0,0.0,0.0,11,47,0.0
93º D.P. JAGUARE,2025-11-24,0,0.0,0.0,0.0,0.0,0.0,11,48,0.0
93º D.P. JAGUARE,2025-12-01,0,0.0,0.0,0.0,0.0,0.0,12,49,0.0
93º D.P. JAGUARE,2025-12-08,0,0.0,0.0,0.0,0.0,0.0,12,50,0.0
93º D.P. JAGUARE,2025-12-15,0,0.0,0.0,0.0,0.0,0.0,12,51,0.0
93º D.P. JAGUARE,2025-12-22,0,0.0,0.0,0.0,0.0,0.0,12,52,0.0
93º D.P. JAGUARE,2025-12-29,0,0.0,0.0,0.0,0.0,0.0,12,1,0.0
93º D.P. JAGUARE,2026-01-05,1,0.0,0.0,0.0,0.0,0.0,1,2,0.0
93º D.P. JAGUARE,2026-01-12,0,1.0,0.0,0.25,0.125,1.0,1,3,0.0
93º D.P. JAGUARE,2026-01-19,1,0.0,1.0,0.25,0.125,-1.0,1,4,0.0
93º D.P. JAGUARE,2026-01-26,0,1.0,0.0,0.5,0.25,1.0,1,5,0.0
93º D.P. JAGUARE,2026-02-02,0,0.0,1.0,0.5,0.25,-1.0,2,6,0.0
93º D.P. JAGUARE,2026-02-09,0,0.0,0.0,0.25,0.25,0.0,2,7,0.0
93º D.P. JAGUARE,2026-02-16,0,0.0,0.0,0.25,0.25,0.0,2,8,0.0
93º D.P. JAGUARE,2026-02-23,0,0.0,0.0,0.0,0.25,0.0,2,9,0.0
93º D.P. JAGUARE,2026-03-02,0,0.0,0.0,0.0,0.25,0.0,3,10,0.0
93º D.P. JAGUARE,2026-03-09,0,0.0,0.0,0.0,0.125,0.0,3,11,0.0
93º D.P. JAGUARE,2026-03-16,0,0.0,0.0,0.0,0.125,0.0,3,12,0.0
93º D.P. JAGUARE,2026-03-23,0,0.0,0.0,0.0,0.0,0.0,3,13,0.0
93º D.P. JAGUARE,2026-03-30,0,0.0,0.0,0.0,0.0,0.0,3,14,0.0
93º D.P. JAGUARE,2026-04-06,0,0.0,0.0,0.0,0.0,0.0,4,15,0.0
93º D.P. JAGUARE,2026-04-13,0,0.0,0.0,0.0,0.0,0.0,4,16,0.0
93º D.P. JAGUARE,2026-04-20,0,0.0,0.0,0.0,0.0,0.0,4,17,0.0
93º D.P. JAGUARE,2026-04-27,0,0.0,0.0,0.0,0.0,0.0,4,18,0.0
93º D.P. JAGUARE,2026-05-04,0,0.0,0.0,0.0,0.0,0.0,5,19,0.0
93º D.P. JAGUARE,2026-05-11,0,0.0,0.0,0.0,0.0,0.0,5,20,0.0
93º D.P. JAGUARE,2026-05-18,0,0.0,0.0,0.0,0.0,0.0,5,21,0.0
93º D.P. JAGUARE,2026-05-25,0,0.0,0.0,0.0,0.0,0.0,5,22,0.0
93º D.P. JAGUARÉ,2025-10-06,0,,,,,,10,41,11581.155926648973
93º D.P. JAGUARÉ,2025-10-13,0,0.0,,0.0,0.0,,10,42,11581.155926648973
93º D.P. JAGUARÉ,2025-10-20,0,0.0,0.0,0.0,0.0,0.0,10,43,11581.155926648973
93º D.P. JAGUARÉ,2025-10-27,0,0.0,0.0,0.0,0.0,0.0,10,44,11581.155926648973
93º D.P. JAGUARÉ,2025-11-03,0,0.0,0.0,0.0,0.0,0.0,11,45,11581.155926648973
93º D.P. JAGUARÉ,2025-11-10,0,0.0,0.0,0.0,0.0,0.0,11,46,11581.155926648973
93º D.P. JAGUARÉ,2025-11-17,0,0.0,0.0,0.0,0.0,0.0,11,47,11581.155926648973
93º D.P. JAGUARÉ,2025-11-24,0,0.0,0.0,0.0,0.0,0.0,11,48,11581.155926648973
93º D.P. JAGUARÉ,2025-12-01,0,0.0,0.0,0.0,0.0,0.0,12,49,11581.155926648973
93º D.P. JAGUARÉ,2025-12-08,0,0.0,0.0,0.0,0.0,0.0,12,50,11581.155926648973
93º D.P. JAGUARÉ,2025-12-15,0,0.0,0.0,0.0,0.0,0.0,12,51,11581.155926648973
93º D.P. JAGUARÉ,2025-12-22,0,0.0,0.0,0.0,0.0,0.0,12,52,11581.155926648973
93º D.P. JAGUARÉ,2025-12-29,0,0.0,0.0,0.0,0.0,0.0,12,1,11581.155926648973
93º D.P. JAGUARÉ,2026-01-05,0,0.0,0.0,0.0,0.0,0.0,1,2,11581.155926648973
93º D.P. JAGUARÉ,2026-01-12,0,0.0,0.0,0.0,0.0,0.0,1,3,11581.155926648973
93º D.P. JAGUARÉ,2026-01-19,0,0.0,0.0,0.0,0.0,0.0,1,4,11581.155926648973
93º D.P. JAGUARÉ,2026-01-26,0,0.0,0.0,0.0,0.0,0.0,1,5,11581.155926648973
93º D.P. JAGUARÉ,2026-02-02,0,0.0,0.0,0.0,0.0,0.0,2,6,11581.155926648973
93º D.P. JAGUARÉ,2026-02-09,0,0.0,0.0,0.0,0.0,0.0,2,7,11581.155926648973
93º D.P. JAGUARÉ,2026-02-16,0,0.0,0.0,0.0,0.0,0.0,2,8,11581.155926648973
93º D.P. JAGUARÉ,2026-02-23,0,0.0,0.0,0.0,0.0,0.0,2,9,11581.155926648973
93º D.P. JAGUARÉ,2026-03-02,0,0.0,0.0,0.0,0.0,0.0,3,10,11581.155926648973
93º D.P. JAGUARÉ,2026-03-09,0,0.0,0.0,0.0,0.0,0.0,3,11,11581.155926648973
93º D.P. JAGUARÉ,2026-03-16,0,0.0,0.0,0.0,0.0,0.0,3,12,11581.155926648973
93º D.P. JAGUARÉ,2026-03-23,0,0.0,0.0,0.0,0.0,0.0,3,13,11581.155926648973
93º D.P. JAGUARÉ,2026-03-30,0,0.0,0.0,0.0,0.0,0.0,3,14,11581.155926648973
93º D.P. JAGUARÉ,2026-04-06,0,0.0,0.0,0.0,0.0,0.0,4,15,11581.155926648973
93º D.P. JAGUARÉ,2026-04-13,1,0.0,0.0,0.0,0.0,0.0,4,16,11581.155926648973
93º D.P. JAGUARÉ,2026-04-20,0,1.0,0.0,0.25,0.125,1.0,4,17,11581.155926648973
93º D.P. JAGUARÉ,2026-04-27,0,0.0,1.0,0.25,0.125,-1.0,4,18,11581.155926648973
93º D.P. JAGUARÉ,2026-05-04,0,0.0,0.0,0.25,0.125,0.0,5,19,11581.155926648973
93º D.P. JAGUARÉ,2026-05-11,0,0.0,0.0,0.25,0.125,0.0,5,20,11581.155926648973
93º D.P. JAGUARÉ,2026-05-18,1,0.0,0.0,0.0,0.125,0.0,5,21,11581.155926648973
93º D.P. JAGUARÉ,2026-05-25,0,1.0,0.0,0.25,0.25,1.0,5,22,11581.155926648973
95º D.P. HELIOPOLIS,2025-10-06,0,,,,,,10,41,12249.701378765538
95º D.P. HELIOPOLIS,2025-10-13,0,0.0,,0.0,0.0,,10,42,12249.701378765538
95º D.P. HELIOPOLIS,2025-10-20,0,0.0,0.0,0.0,0.0,0.0,10,43,12249.701378765538
95º D.P. HELIOPOLIS,2025-10-27,0,0.0,0.0,0.0,0.0,0.0,10,44,12249.701378765538
95º D.P. HELIOPOLIS,2025-11-03,0,0.0,0.0,0.0,0.0,0.0,11,45,12249.701378765538
95º D.P. HELIOPOLIS,2025-11-10,0,0.0,0.0,0.0,0.0,0.0,11,46,12249.701378765538
95º D.P. HELIOPOLIS,2025-11-17,0,0.0,0.0,0.0,0.0,0.0,11,47,12249.701378765538
95º D.P. HELIOPOLIS,2025-11-24,0,0.0,0.0,0.0,0.0,0.0,11,48,12249.701378765538
95º D.P. HELIOPOLIS,2025-12-01,0,0.0,0.0,0.0,0.0,0.0,12,49,12249.701378765538
95º D.P. HELIOPOLIS,2025-12-08,0,0.0,0.0,0.0,0.0,0.0,12,50,12249.701378765538
95º D.P. HELIOPOLIS,2025-12-15,0,0.0,0.0,0.0,0.0,0.0,12,51,12249.701378765538
95º D.P. HELIOPOLIS,2025-12-22,0,0.0,0.0,0.0,0.0,0.0,12,52,12249.701378765538
95º D.P. HELIOPOLIS,2025-12-29,0,0.0,0.0,0.0,0.0,0.0,12,1,12249.701378765538
95º D.P. HELIOPOLIS,2026-01-05,1,0.0,0.0,0.0,0.0,0.0,1,2,12249.701378765538
95º D.P. HELIOPOLIS,2026-01-12,0,1.0,0.0,0.25,0.125,1.0,1,3,12249.701378765538
95º D.P. HELIOPOLIS,2026-01-19,0,0.0,1.0,0.25,0.125,-1.0,1,4,12249.701378765538
95º D.P. HELIOPOLIS,2026-01-26,0,0.0,0.0,0.25,0.125,0.0,1,5,12249.701378765538
95º D.P. HELIOPOLIS,2026-02-02,1,0.0,0.0,0.25,0.125,0.0,2,6,12249.701378765538
95º D.P. HELIOPOLIS,2026-02-09,0,1.0,0.0,0.25,0.25,1.0,2,7,12249.701378765538
95º D.P. HELIOPOLIS,2026-02-16,1,0.0,1.0,0.25,0.25,-1.0,2,8,12249.701378765538
95º D.P. HELIOPOLIS,2026-02-23,0,1.0,0.0,0.5,0.375,1.0,2,9,12249.701378765538
95º D.P. HELIOPOLIS,2026-03-02,0,0.0,1.0,0.5,0.375,-1.0,3,10,12249.701378765538
95º D.P. HELIOPOLIS,2026-03-09,0,0.0,0.0,0.25,0.25,0.0,3,11,12249.701378765538
95º D.P. HELIOPOLIS,2026-03-16,0,0.0,0.0,0.25,0.25,0.0,3,12,12249.701378765538
95º D.P. HELIOPOLIS,2026-03-23,0,0.0,0.0,0.0,0.25,0.0,3,13,12249.701378765538
95º D.P. HELIOPOLIS,2026-03-30,0,0.0,0.0,0.0,0.25,0.0,3,14,12249.701378765538
95º D.P. HELIOPOLIS,2026-04-06,0,0.0,0.0,0.0,0.125,0.0,4,15,12249.701378765538
95º D.P. HELIOPOLIS,2026-04-13,0,0.0,0.0,0.0,0.125,0.0,4,16,12249.701378765538
95º D.P. HELIOPOLIS,2026-04-20,0,0.0,0.0,0.0,0.0,0.0,4,17,12249.701378765538
95º D.P. HELIOPOLIS,2026-04-27,0,0.0,0.0,0.0,0.0,0.0,4,18,12249.701378765538
95º D.P. HELIOPOLIS,2026-05-04,0,0.0,0.0,0.0,0.0,0.0,5,19,12249.701378765538
95º D.P. HELIOPOLIS,2026-05-11,0,0.0,0.0,0.0,0.0,0.0,5,20,12249.701378765538
95º D.P. HELIOPOLIS,2026-05-18,0,0.0,0.0,0.0,0.0,0.0,5,21,12249.701378765538
95º D.P. HELIOPOLIS,2026-05-25,0,0.0,0.0,0.0,0.0,0.0,5,22,12249.701378765538
95º D.P. HELIÓPOLIS,2025-10-06,0,,,,,,10,41,12149.814292206758
95º D.P. HELIÓPOLIS,2025-10-13,0,0.0,,0.0,0.0,,10,42,12149.814292206758
95º D.P. HELIÓPOLIS,2025-10-20,0,0.0,0.0,0.0,0.0,0.0,10,43,12149.814292206758
95º D.P. HELIÓPOLIS,2025-10-27,0,0.0,0.0,0.0,0.0,0.0,10,44,12149.814292206758
95º D.P. HELIÓPOLIS,2025-11-03,0,0.0,0.0,0.0,0.0,0.0,11,45,12149.814292206758
95º D.P. HELIÓPOLIS,2025-11-10,0,0.0,0.0,0.0,0.0,0.0,11,46,12149.814292206758
95º D.P. HELIÓPOLIS,2025-11-17,0,0.0,0.0,0.0,0.0,0.0,11,47,12149.814292206758
95º D.P. HELIÓPOLIS,2025-11-24,0,0.0,0.0,0.0,0.0,0.0,11,48,12149.814292206758
95º D.P. HELIÓPOLIS,2025-12-01,0,0.0,0.0,0.0,0.0,0.0,12,49,12149.814292206758
95º D.P. HELIÓPOLIS,2025-12-08,0,0.0,0.0,0.0,0.0,0.0,12,50,12149.814292206758
95º D.P. HELIÓPOLIS,2025-12-15,0,0.0,0.0,0.0,0.0,0.0,12,51,12149.814292206758
95º D.P. HELIÓPOLIS,2025-12-22,0,0.0,0.0,0.0,0.0,0.0,12,52,12149.814292206758
95º D.P. HELIÓPOLIS,2025-12-29,0,0.0,0.0,0.0,0.0,0.0,12,1,12149.814292206758
95º D.P. HELIÓPOLIS,2026-01-05,0,0.0,0.0,0.0,0.0,0.0,1,2,12149.814292206758
95º D.P. HELIÓPOLIS,2026-01-12,0,0.0,0.0,0.0,0.0,0.0,1,3,12149.814292206758
95º D.P. HELIÓPOLIS,2026-01-19,0,0.0,0.0,0.0,0.0,0.0,1,4,12149.814292206758
95º D.P. HELIÓPOLIS,2026-01-26,0,0.0,0.0,0.0,0.0,0.0,1,5,12149.814292206758
95º D.P. HELIÓPOLIS,2026-02-02,0,0.0,0.0,0.0,0.0,0.0,2,6,12149.814292206758
95º D.P. HELIÓPOLIS,2026-02-09,0,0.0,0.0,0.0,0.0,0.0,2,7,12149.814292206758
95º D.P. HELIÓPOLIS,2026-02-16,0,0.0,0.0,0.0,0.0,0.0,2,8,12149.814292206758
95º D.P. HELIÓPOLIS,2026-02-23,0,0.0,0.0,0.0,0.0,0.0,2,9,12149.814292206758
95º D.P. HELIÓPOLIS,2026-03-02,0,0.0,0.0,0.0,0.0,0.0,3,10,12149.814292206758
95º D.P. HELIÓPOLIS,2026-03-09,0,0.0,0.0,0.0,0.0,0.0,3,11,12149.814292206758
95º D.P. HELIÓPOLIS,2026-03-16,0,0.0,0.0,0.0,0.0,0.0,3,12,12149.814292206758
95º D.P. HELIÓPOLIS,2026-03-23,0,0.0,0.0,0.0,0.0,0.0,3,13,12149.814292206758
95º D.P. HELIÓPOLIS,2026-03-30,2,0.0,0.0,0.0,0.0,0.0,3,14,12149.814292206758
95º D.P. HELIÓPOLIS,2026-04-06,0,2.0,0.0,0.5,0.25,2.0,4,15,12149.814292206758
95º D.P. HELIÓPOLIS,2026-04-13,0,0.0,2.0,0.5,0.25,-2.0,4,16,12149.814292206758
95º D.P. HELIÓPOLIS,2026-04-20,1,0.0,0.0,0.5,0.25,0.0,4,17,12149.814292206758
95º D.P. HELIÓPOLIS,2026-04-27,0,1.0,0.0,0.75,0.375,1.0,4,18,12149.814292206758
95º D.P. HELIÓPOLIS,2026-05-04,0,0.0,1.0,0.25,0.375,-1.0,5,19,12149.814292206758
95º D.P. HELIÓPOLIS,2026-05-11,0,0.0,0.0,0.25,0.375,0.0,5,20,12149.814292206758
95º D.P. HELIÓPOLIS,2026-05-18,0,0.0,0.0,0.25,0.375,0.0,5,21,12149.814292206758
95º D.P. HELIÓPOLIS,2026-05-25,2,0.0,0.0,0.0,0.375,0.0,5,22,12149.814292206758
96º D.P. MONÇÕES,2025-10-06,0,,,,,,10,41,12799.026780520806
96º D.P. MONÇÕES,2025-10-13,0,0.0,,0.0,0.0,,10,42,12799.026780520806
96º D.P. MONÇÕES,2025-10-20,0,0.0,0.0,0.0,0.0,0.0,10,43,12799.026780520806
96º D.P. MONÇÕES,2025-10-27,0,0.0,0.0,0.0,0.0,0.0,10,44,12799.026780520806
96º D.P. MONÇÕES,2025-11-03,0,0.0,0.0,0.0,0.0,0.0,11,45,12799.026780520806
96º D.P. MONÇÕES,2025-11-10,0,0.0,0.0,0.0,0.0,0.0,11,46,12799.026780520806
96º D.P. MONÇÕES,2025-11-17,0,0.0,0.0,0.0,0.0,0.0,11,47,12799.026780520806
96º D.P. MONÇÕES,2025-11-24,0,0.0,0.0,0.0,0.0,0.0,11,48,12799.026780520806
96º D.P. MONÇÕES,2025-12-01,0,0.0,0.0,0.0,0.0,0.0,12,49,12799.026780520806
96º D.P. MONÇÕES,2025-12-08,0,0.0,0.0,0.0,0.0,0.0,12,50,12799.026780520806
96º D.P. MONÇÕES,2025-12-15,0,0.0,0.0,0.0,0.0,0.0,12,51,12799.026780520806
96º D.P. MONÇÕES,2025-12-22,0,0.0,0.0,0.0,0.0,0.0,12,52,12799.026780520806
96º D.P. MONÇÕES,2025-12-29,0,0.0,0.0,0.0,0.0,0.0,12,1,12799.026780520806
96º D.P. MONÇÕES,2026-01-05,0,0.0,0.0,0.0,0.0,0.0,1,2,12799.026780520806
96º D.P. MONÇÕES,2026-01-12,0,0.0,0.0,0.0,0.0,0.0,1,3,12799.026780520806
96º D.P. MONÇÕES,2026-01-19,0,0.0,0.0,0.0,0.0,0.0,1,4,12799.026780520806
96º D.P. MONÇÕES,2026-01-26,0,0.0,0.0,0.0,0.0,0.0,1,5,12799.026780520806
96º D.P. MONÇÕES,2026-02-02,0,0.0,0.0,0.0,0.0,0.0,2,6,12799.026780520806
96º D.P. MONÇÕES,2026-02-09,0,0.0,0.0,0.0,0.0,0.0,2,7,12799.026780520806
96º D.P. MONÇÕES,2026-02-16,0,0.0,0.0,0.0,0.0,0.0,2,8,12799.026780520806
96º D.P. MONÇÕES,2026-02-23,0,0.0,0.0,0.0,0.0,0.0,2,9,12799.026780520806
96º D.P. MONÇÕES,2026-03-02,0,0.0,0.0,0.0,0.0,0.0,3,10,12799.026780520806
96º D.P. MONÇÕES,2026-03-09,0,0.0,0.0,0.0,0.0,0.0,3,11,12799.026780520806
96º D.P. MONÇÕES,2026-03-16,0,0.0,0.0,0.0,0.0,0.0,3,12,12799.026780520806
96º D.P. MONÇÕES,2026-03-23,0,0.0,0.0,0.0,0.0,0.0,3,13,12799.026780520806
96º D.P. MONÇÕES,2026-03-30,0,0.0,0.0,0.0,0.0,0.0,3,14,12799.026780520806
96º D.P. MONÇÕES,2026-04-06,0,0.0,0.0,0.0,0.0,0.0,4,15,12799.026780520806
96º D.P. MONÇÕES,2026-04-13,1,0.0,0.0,0.0,0.0,0.0,4,16,12799.026780520806
96º D.P. MONÇÕES,2026-04-20,0,1.0,0.0,0.25,0.125,1.0,4,17,12799.026780520806
96º D.P. MONÇÕES,2026-04-27,0,0.0,1.0,0.25,0.125,-1.0,4,18,12799.026780520806
96º D.P. MONÇÕES,2026-05-04,0,0.0,0.0,0.25,0.125,0.0,5,19,12799.026780520806
96º D.P. MONÇÕES,2026-05-11,0,0.0,0.0,0.25,0.125,0.0,5,20,12799.026780520806
96º D.P. MONÇÕES,2026-05-18,0,0.0,0.0,0.0,0.125,0.0,5,21,12799.026780520806
96º D.P. MONÇÕES,2026-05-25,0,0.0,0.0,0.0,0.125,0.0,5,22,12799.026780520806
97º D.P. AMERICANOPOLIS,2025-10-06,0,,,,,,10,41,11797.026621748315
97º D.P. AMERICANOPOLIS,2025-10-13,0,0.0,,0.0,0.0,,10,42,11797.026621748315
97º D.P. AMERICANOPOLIS,2025-10-20,0,0.0,0.0,0.0,0.0,0.0,10,43,11797.026621748315
97º D.P. AMERICANOPOLIS,2025-10-27,0,0.0,0.0,0.0,0.0,0.0,10,44,11797.026621748315
97º D.P. AMERICANOPOLIS,2025-11-03,0,0.0,0.0,0.0,0.0,0.0,11,45,11797.026621748315
97º D.P. AMERICANOPOLIS,2025-11-10,0,0.0,0.0,0.0,0.0,0.0,11,46,11797.026621748315
97º D.P. AMERICANOPOLIS,2025-11-17,0,0.0,0.0,0.0,0.0,0.0,11,47,11797.026621748315
97º D.P. AMERICANOPOLIS,2025-11-24,0,0.0,0.0,0.0,0.0,0.0,11,48,11797.026621748315
97º D.P. AMERICANOPOLIS,2025-12-01,0,0.0,0.0,0.0,0.0,0.0,12,49,11797.026621748315
97º D.P. AMERICANOPOLIS,2025-12-08,0,0.0,0.0,0.0,0.0,0.0,12,50,11797.026621748315
97º D.P. AMERICANOPOLIS,2025-12-15,0,0.0,0.0,0.0,0.0,0.0,12,51,11797.026621748315
97º D.P. AMERICANOPOLIS,2025-12-22,0,0.0,0.0,0.0,0.0,0.0,12,52,11797.026621748315
97º D.P. AMERICANOPOLIS,2025-12-29,0,0.0,0.0,0.0,0.0,0.0,12,1,11797.026621748315
97º D.P. AMERICANOPOLIS,2026-01-05,1,0.0,0.0,0.0,0.0,0.0,1,2,11797.026621748315
97º D.P. AMERICANOPOLIS,2026-01-12,0,1.0,0.0,0.25,0.125,1.0,1,3,11797.026621748315
97º D.P. AMERICANOPOLIS,2026-01-19,0,0.0,1.0,0.25,0.125,-1.0,1,4,11797.026621748315
97º D.P. AMERICANOPOLIS,2026-01-26,0,0.0,0.0,0.25,0.125,0.0,1,5,11797.026621748315
97º D.P. AMERICANOPOLIS,2026-02-02,1,0.0,0.0,0.25,0.125,0.0,2,6,11797.026621748315
97º D.P. AMERICANOPOLIS,2026-02-09,1,1.0,0.0,0.25,0.25,1.0,2,7,11797.026621748315
97º D.P. AMERICANOPOLIS,2026-02-16,0,1.0,1.0,0.5,0.375,0.0,2,8,11797.026621748315
97º D.P. AMERICANOPOLIS,2026-02-23,0,0.0,1.0,0.5,0.375,-1.0,2,9,11797.026621748315
97º D.P. AMERICANOPOLIS,2026-03-02,0,0.0,0.0,0.5,0.375,0.0,3,10,11797.026621748315
97º D.P. AMERICANOPOLIS,2026-03-09,0,0.0,0.0,0.25,0.25,0.0,3,11,11797.026621748315
97º D.P. AMERICANOPOLIS,2026-03-16,0,0.0,0.0,0.0,0.25,0.0,3,12,11797.026621748315
97º D.P. AMERICANOPOLIS,2026-03-23,0,0.0,0.0,0.0,0.25,0.0,3,13,11797.026621748315
97º D.P. AMERICANOPOLIS,2026-03-30,0,0.0,0.0,0.0,0.25,0.0,3,14,11797.026621748315
97º D.P. AMERICANOPOLIS,2026-04-06,0,0.0,0.0,0.0,0.125,0.0,4,15,11797.026621748315
97º D.P. AMERICANOPOLIS,2026-04-13,1,0.0,0.0,0.0,0.0,0.0,4,16,11797.026621748315
97º D.P. AMERICANOPOLIS,2026-04-20,0,1.0,0.0,0.25,0.125,1.0,4,17,11797.026621748315
97º D.P. AMERICANOPOLIS,2026-04-27,0,0.0,1.0,0.25,0.125,-1.0,4,18,11797.026621748315
97º D.P. AMERICANOPOLIS,2026-05-04,0,0.0,0.0,0.25,0.125,0.0,5,19,11797.026621748315
97º D.P. AMERICANOPOLIS,2026-05-11,0,0.0,0.0,0.25,0.125,0.0,5,20,11797.026621748315
97º D.P. AMERICANOPOLIS,2026-05-18,0,0.0,0.0,0.0,0.125,0.0,5,21,11797.026621748315
97º D.P. AMERICANOPOLIS,2026-05-25,0,0.0,0.0,0.0,0.125,0.0,5,22,11797.026621748315
98º D.P. JARDIM MIRIAM,2025-10-06,0,,,,,,10,41,10159.633529529141
98º D.P. JARDIM MIRIAM,2025-10-13,0,0.0,,0.0,0.0,,10,42,10159.633529529141
98º D.P. JARDIM MIRIAM,2025-10-20,0,0.0,0.0,0.0,0.0,0.0,10,43,10159.633529529141
98º D.P. JARDIM MIRIAM,2025-10-27,0,0.0,0.0,0.0,0.0,0.0,10,44,10159.633529529141
98º D.P. JARDIM MIRIAM,2025-11-03,0,0.0,0.0,0.0,0.0,0.0,11,45,10159.633529529141
98º D.P. JARDIM MIRIAM,2025-11-10,0,0.0,0.0,0.0,0.0,0.0,11,46,10159.633529529141
98º D.P. JARDIM MIRIAM,2025-11-17,0,0.0,0.0,0.0,0.0,0.0,11,47,10159.633529529141
98º D.P. JARDIM MIRIAM,2025-11-24,0,0.0,0.0,0.0,0.0,0.0,11,48,10159.633529529141
98º D.P. JARDIM MIRIAM,2025-12-01,0,0.0,0.0,0.0,0.0,0.0,12,49,10159.633529529141
98º D.P. JARDIM MIRIAM,2025-12-08,0,0.0,0.0,0.0,0.0,0.0,12,50,10159.633529529141
98º D.P. JARDIM MIRIAM,2025-12-15,0,0.0,0.0,0.0,0.0,0.0,12,51,10159.633529529141
98º D.P. JARDIM MIRIAM,2025-12-22,0,0.0,0.0,0.0,0.0,0.0,12,52,10159.633529529141
98º D.P. JARDIM MIRIAM,2025-12-29,0,0.0,0.0,0.0,0.0,0.0,12,1,10159.633529529141
98º D.P. JARDIM MIRIAM,2026-01-05,0,0.0,0.0,0.0,0.0,0.0,1,2,10159.633529529141
98º D.P. JARDIM MIRIAM,2026-01-12,0,0.0,0.0,0.0,0.0,0.0,1,3,10159.633529529141
98º D.P. JARDIM MIRIAM,2026-01-19,0,0.0,0.0,0.0,0.0,0.0,1,4,10159.633529529141
98º D.P. JARDIM MIRIAM,2026-01-26,0,0.0,0.0,0.0,0.0,0.0,1,5,10159.633529529141
98º D.P. JARDIM MIRIAM,2026-02-02,0,0.0,0.0,0.0,0.0,0.0,2,6,10159.633529529141
98º D.P. JARDIM MIRIAM,2026-02-09,1,0.0,0.0,0.0,0.0,0.0,2,7,10159.633529529141
98º D.P. JARDIM MIRIAM,2026-02-16,0,1.0,0.0,0.25,0.125,1.0,2,8,10159.633529529141
98º D.P. JARDIM MIRIAM,2026-02-23,2,0.0,1.0,0.25,0.125,-1.0,2,9,10159.633529529141
98º D.P. JARDIM MIRIAM,2026-03-02,0,2.0,0.0,0.75,0.375,2.0,3,10,10159.633529529141
98º D.P. JARDIM MIRIAM,2026-03-09,0,0.0,2.0,0.75,0.375,-2.0,3,11,10159.633529529141
98º D.P. JARDIM MIRIAM,2026-03-16,1,0.0,0.0,0.5,0.375,0.0,3,12,10159.633529529141
98º D.P. JARDIM MIRIAM,2026-03-23,0,1.0,0.0,0.75,0.5,1.0,3,13,10159.633529529141
98º D.P. JARDIM MIRIAM,2026-03-30,0,0.0,1.0,0.25,0.5,-1.0,3,14,10159.633529529141
98º D.P. JARDIM MIRIAM,2026-04-06,0,0.0,0.0,0.25,0.5,0.0,4,15,10159.633529529141
98º D.P. JARDIM MIRIAM,2026-04-13,0,0.0,0.0,0.25,0.375,0.0,4,16,10159.633529529141
98º D.P. JARDIM MIRIAM,2026-04-20,2,0.0,0.0,0.0,0.375,0.0,4,17,10159.633529529141
98º D.P. JARDIM MIRIAM,2026-04-27,1,2.0,0.0,0.5,0.375,2.0,4,18,10159.633529529141
98º D.P. JARDIM MIRIAM,2026-05-04,0,1.0,2.0,0.75,0.5,-1.0,5,19,10159.633529529141
98º D.P. JARDIM MIRIAM,2026-05-11,0,0.0,1.0,0.75,0.5,-1.0,5,20,10159.633529529141
98º D.P. JARDIM MIRIAM,2026-05-18,1,0.0,0.0,0.75,0.375,0.0,5,21,10159.633529529141
98º D.P. JARDIM MIRIAM,2026-05-25,0,1.0,0.0,0.5,0.5,1.0,5,22,10159.633529529141
99º D.P. CAMPO GRANDE,2025-10-06,0,,,,,,10,41,0.0
99º D.P. CAMPO GRANDE,2025-10-13,0,0.0,,0.0,0.0,,10,42,0.0
99º D.P. CAMPO GRANDE,2025-10-20,0,0.0,0.0,0.0,0.0,0.0,10,43,0.0
99º D.P. CAMPO GRANDE,2025-10-27,0,0.0,0.0,0.0,0.0,0.0,10,44,0.0
99º D.P. CAMPO GRANDE,2025-11-03,0,0.0,0.0,0.0,0.0,0.0,11,45,0.0
99º D.P. CAMPO GRANDE,2025-11-10,0,0.0,0.0,0.0,0.0,0.0,11,46,0.0
99º D.P. CAMPO GRANDE,2025-11-17,0,0.0,0.0,0.0,0.0,0.0,11,47,0.0
99º D.P. CAMPO GRANDE,2025-11-24,0,0.0,0.0,0.0,0.0,0.0,11,48,0.0
99º D.P. CAMPO GRANDE,2025-12-01,0,0.0,0.0,0.0,0.0,0.0,12,49,0.0
99º D.P. CAMPO GRANDE,2025-12-08,0,0.0,0.0,0.0,0.0,0.0,12,50,0.0
99º D.P. CAMPO GRANDE,2025-12-15,0,0.0,0.0,0.0,0.0,0.0,12,51,0.0
99º D.P. CAMPO GRANDE,2025-12-22,0,0.0,0.0,0.0,0.0,0.0,12,52,0.0
99º D.P. CAMPO GRANDE,2025-12-29,0,0.0,0.0,0.0,0.0,0.0,12,1,0.0
99º D.P. CAMPO GRANDE,2026-01-05,0,0.0,0.0,0.0,0.0,0.0,1,2,0.0
99º D.P. CAMPO GRANDE,2026-01-12,0,0.0,0.0,0.0,0.0,0.0,1,3,0.0
99º D.P. CAMPO GRANDE,2026-01-19,0,0.0,0.0,0.0,0.0,0.0,1,4,0.0
99º D.P. CAMPO GRANDE,2026-01-26,0,0.0,0.0,0.0,0.0,0.0,1,5,0.0
99º D.P. CAMPO GRANDE,2026-02-02,0,0.0,0.0,0.0,0.0,0.0,2,6,0.0
99º D.P. CAMPO GRANDE,2026-02-09,0,0.0,0.0,0.0,0.0,0.0,2,7,0.0
99º D.P. CAMPO GRANDE,2026-02-16,0,0.0,0.0,0.0,0.0,0.0,2,8,0.0
99º D.P. CAMPO GRANDE,2026-02-23,0,0.0,0.0,0.0,0.0,0.0,2,9,0.0
99º D.P. CAMPO GRANDE,2026-03-02,0,0.0,0.0,0.0,0.0,0.0,3,10,0.0
99º D.P. CAMPO GRANDE,2026-03-09,0,0.0,0.0,0.0,0.0,0.0,3,11,0.0
99º D.P. CAMPO GRANDE,2026-03-16,0,0.0,0.0,0.0,0.0,0.0,3,12,0.0
99º D.P. CAMPO GRANDE,2026-03-23,0,0.0,0.0,0.0,0.0,0.0,3,13,0.0
99º D.P. CAMPO GRANDE,2026-03-30,0,0.0,0.0,0.0,0.0,0.0,3,14,0.0
99º D.P. CAMPO GRANDE,2026-04-06,0,0.0,0.0,0.0,0.0,0.0,4,15,0.0
99º D.P. CAMPO GRANDE,2026-04-13,0,0.0,0.0,0.0,0.0,0.0,4,16,0.0
99º D.P. CAMPO GRANDE,2026-04-20,1,0.0,0.0,0.0,0.0,0.0,4,17,0.0
99º D.P. CAMPO GRANDE,2026-04-27,0,1.0,0.0,0.25,0.125,1.0,4,18,0.0
99º D.P. CAMPO GRANDE,2026-05-04,0,0.0,1.0,0.25,0.125,-1.0,5,19,0.0
99º D.P. CAMPO GRANDE,2026-05-11,0,0.0,0.0,0.25,0.125,0.0,5,20,0.0
99º D.P. CAMPO GRANDE,2026-05-18,0,0.0,0.0,0.25,0.125,0.0,5,21,0.0
99º D.P. CAMPO GRANDE,2026-05-25,0,0.0,0.0,0.0,0.125,0.0,5,22,0.0
DEL.POL.SUZANO,2025-10-06,0,,,,,,10,41,5110.0126069011585
DEL.POL.SUZANO,2025-10-13,0,0.0,,0.0,0.0,,10,42,5110.0126069011585
DEL.POL.SUZANO,2025-10-20,0,0.0,0.0,0.0,0.0,0.0,10,43,5110.0126069011585
DEL.POL.SUZANO,2025-10-27,0,0.0,0.0,0.0,0.0,0.0,10,44,5110.0126069011585
DEL.POL.SUZANO,2025-11-03,0,0.0,0.0,0.0,0.0,0.0,11,45,5110.0126069011585
DEL.POL.SUZANO,2025-11-10,0,0.0,0.0,0.0,0.0,0.0,11,46,5110.0126069011585
DEL.POL.SUZANO,2025-11-17,0,0.0,0.0,0.0,0.0,0.0,11,47,5110.0126069011585
DEL.POL.SUZANO,2025-11-24,0,0.0,0.0,0.0,0.0,0.0,11,48,5110.0126069011585
DEL.POL.SUZANO,2025-12-01,0,0.0,0.0,0.0,0.0,0.0,12,49,5110.0126069011585
DEL.POL.SUZANO,2025-12-08,0,0.0,0.0,0.0,0.0,0.0,12,50,5110.0126069011585
DEL.POL.SUZANO,2025-12-15,0,0.0,0.0,0.0,0.0,0.0,12,51,5110.0126069011585
DEL.POL.SUZANO,2025-12-22,0,0.0,0.0,0.0,0.0,0.0,12,52,5110.0126069011585
DEL.POL.SUZANO,2025-12-29,0,0.0,0.0,0.0,0.0,0.0,12,1,5110.0126069011585
DEL.POL.SUZANO,2026-01-05,0,0.0,0.0,0.0,0.0,0.0,1,2,5110.0126069011585
DEL.POL.SUZANO,2026-01-12,0,0.0,0.0,0.0,0.0,0.0,1,3,5110.0126069011585
DEL.POL.SUZANO,2026-01-19,0,0.0,0.0,0.0,0.0,0.0,1,4,5110.0126069011585
DEL.POL.SUZANO,2026-01-26,0,0.0,0.0,0.0,0.0,0.0,1,5,5110.0126069011585
DEL.POL.SUZANO,2026-02-02,0,0.0,0.0,0.0,0.0,0.0,2,6,5110.0126069011585
DEL.POL.SUZANO,2026-02-09,2,0.0,0.0,0.0,0.0,0.0,2,7,5110.0126069011585
DEL.POL.SUZANO,2026-02-16,0,2.0,0.0,0.5,0.25,2.0,2,8,5110.0126069011585
DEL.POL.SUZANO,2026-02-23,0,0.0,2.0,0.5,0.25,-2.0,2,9,5110.0126069011585
DEL.POL.SUZANO,2026-03-02,0,0.0,0.0,0.5,0.25,0.0,3,10,5110.0126069011585
DEL.POL.SUZANO,2026-03-09,0,0.0,0.0,0.5,0.25,0.0,3,11,5110.0126069011585
DEL.POL.SUZANO,2026-03-16,0,0.0,0.0,0.0,0.25,0.0,3,12,5110.0126069011585
DEL.POL.SUZANO,2026-03-23,0,0.0,0.0,0.0,0.25,0.0,3,13,5110.0126069011585
DEL.POL.SUZANO,2026-03-30,0,0.0,0.0,0.0,0.25,0.0,3,14,5110.0126069011585
DEL.POL.SUZANO,2026-04-06,0,0.0,0.0,0.0,0.25,0.0,4,15,5110.0126069011585
DEL.POL.SUZANO,2026-04-13,0,0.0,0.0,0.0,0.0,0.0,4,16,5110.0126069011585
DEL.POL.SUZANO,2026-04-20,0,0.0,0.0,0.0,0.0,0.0,4,17,5110.0126069011585
DEL.POL.SUZANO,2026-04-27,0,0.0,0.0,0.0,0.0,0.0,4,18,5110.0126069011585
DEL.POL.SUZANO,2026-05-04,0,0.0,0.0,0.0,0.0,0.0,5,19,5110.0126069011585
DEL.POL.SUZANO,2026-05-11,0,0.0,0.0,0.0,0.0,0.0,5,20,5110.0126069011585
DEL.POL.SUZANO,2026-05-18,0,0.0,0.0,0.0,0.0,0.0,5,21,5110.0126069011585
DEL.POL.SUZANO,2026-05-25,0,0.0,0.0,0.0,0.0,0.0,5,22,5110.0126069011585
